"Name","rollout/ep_rew_mean","State","Notes","User","Tags","Created","Runtime","Sweep","_current_progress_remaining","_custom_logger","_episode_num","_last_episode_starts","_last_obs","_last_original_obs","_logger","_n_updates","_num_timesteps_at_start","_stats_window_size","_total_timesteps","_vec_normalize_env","action_noise","action_space","actor","adaptive.enabled","algo","batch_norm_stats","batch_norm_stats_target","batch_size","buffer_size","clip_range","clip_range_vf","critic","critic_target","device","ent_coef","ent_coef_optimizer","env.drift_type","env.magnitude","env.parameter","env.period","env_id","env_kwargs.is_slippery","env_kwargs.map_name","ep_info_buffer","ep_success_buffer","gae_lambda","gamma","gradient_steps","learning_rate","learning_starts","log_ent_coef","lr_schedule","max_grad_norm","method","metric.goal","metric.name","n_envs","n_epochs","n_steps","normalize_advantage","nsmdmpi.B_value_bound","nsmdmpi.V_P","nsmdmpi.V_R","nsmdmpi.V_pi_star","nsmdmpi.adapt_entropy","nsmdmpi.auto_estimate_budgets","nsmdmpi.base_ent_coef","nsmdmpi.budget_save_dir","nsmdmpi.budget_scale_factor","nsmdmpi.drift_min_samples","nsmdmpi.drift_weights.commutator","nsmdmpi.drift_weights.reward","nsmdmpi.drift_weights.transition","nsmdmpi.drift_window_size","nsmdmpi.ema_tau","nsmdmpi.enabled","nsmdmpi.gamma","nsmdmpi.kappa_adaptive","nsmdmpi.kappa_base","nsmdmpi.kappa_max","nsmdmpi.kappa_min","nsmdmpi.lambda_adaptive","nsmdmpi.lambda_base","nsmdmpi.lambda_max","nsmdmpi.lambda_min","nsmdmpi.log_freq","nsmdmpi.max_ent_coef","nsmdmpi.min_ent_coef","nsmdmpi.regularization_sensitivity","nsmdmpi.save_budget_history","nsmdmpi.trust_region_sensitivity","nsmdmpi.verbose","num_timesteps","observation_space","optimize_memory_usage","parameters._current_progress_remaining.distribution","parameters._current_progress_remaining.max","parameters._current_progress_remaining.min","parameters._custom_logger.distribution","parameters._custom_loggers","parameters._last_episode_starts.distribution","parameters._last_episode_startss","parameters._last_obs.distribution","parameters._last_obss","parameters._last_original_obs.distribution","parameters._last_original_obss","parameters._logger.distribution","parameters._loggers","parameters._stats_window_size.distribution","parameters._stats_window_size.max","parameters._stats_window_size.min","parameters._total_timesteps.distribution","parameters._total_timesteps.max","parameters._total_timesteps.min","parameters._vec_normalize_env.distribution","parameters._vec_normalize_envs","parameters.action_noise.distribution","parameters.action_noises","parameters.action_space.distribution","parameters.action_spaces","parameters.adaptive.parameters.enabled.distribution","parameters.adaptive.parameters.enableds","parameters.algo.distribution","parameters.algos","parameters.batch_size.distribution","parameters.batch_size.max","parameters.batch_size.min","parameters.clip_range.distribution","parameters.clip_ranges","parameters.clip_range_vf.distribution","parameters.clip_range_vfs","parameters.device.distribution","parameters.devices","parameters.env.parameters.drift_type.distribution","parameters.env.parameters.drift_types","parameters.env.parameters.magnitude.distribution","parameters.env.parameters.magnitude.max","parameters.env.parameters.magnitude.min","parameters.env.parameters.parameter.distribution","parameters.env.parameters.parameters","parameters.env.parameters.period.distribution","parameters.env.parameters.period.max","parameters.env.parameters.period.min","parameters.env_id.distribution","parameters.env_ids","parameters.ep_info_buffer.distribution","parameters.ep_info_buffers","parameters.ep_success_buffer.distribution","parameters.ep_success_buffers","parameters.gae_lambda.distribution","parameters.gae_lambda.max","parameters.gae_lambda.min","parameters.gamma.distribution","parameters.gamma.max","parameters.gamma.min","parameters.learning_rate.distribution","parameters.learning_rate.max","parameters.learning_rate.min","parameters.lr_schedule.distribution","parameters.lr_schedules","parameters.max_grad_norm.distribution","parameters.max_grad_norm.max","parameters.max_grad_norm.min","parameters.n_envs.distribution","parameters.n_envs.max","parameters.n_envs.min","parameters.n_epochs.distribution","parameters.n_epochs.max","parameters.n_epochs.min","parameters.n_steps.distribution","parameters.n_steps.max","parameters.n_steps.min","parameters.normalize_advantage.distribution","parameters.normalize_advantages","parameters.nsmdmpi.parameters.B_value_bound.distribution","parameters.nsmdmpi.parameters.B_value_bound.max","parameters.nsmdmpi.parameters.B_value_bound.min","parameters.nsmdmpi.parameters.V_P.distribution","parameters.nsmdmpi.parameters.V_P.max","parameters.nsmdmpi.parameters.V_P.min","parameters.nsmdmpi.parameters.V_R.distribution","parameters.nsmdmpi.parameters.V_R.max","parameters.nsmdmpi.parameters.V_R.min","parameters.nsmdmpi.parameters.V_pi_star.distribution","parameters.nsmdmpi.parameters.V_pi_star.max","parameters.nsmdmpi.parameters.V_pi_star.min","parameters.nsmdmpi.parameters.adapt_entropy.distribution","parameters.nsmdmpi.parameters.adapt_entropys","parameters.nsmdmpi.parameters.auto_estimate_budgets.distribution","parameters.nsmdmpi.parameters.auto_estimate_budgetss","parameters.nsmdmpi.parameters.base_ent_coef.distribution","parameters.nsmdmpi.parameters.base_ent_coef.max","parameters.nsmdmpi.parameters.base_ent_coef.min","parameters.nsmdmpi.parameters.budget_save_dir.distribution","parameters.nsmdmpi.parameters.budget_save_dirs","parameters.nsmdmpi.parameters.budget_scale_factor.distribution","parameters.nsmdmpi.parameters.budget_scale_factor.max","parameters.nsmdmpi.parameters.budget_scale_factor.min","parameters.nsmdmpi.parameters.drift_min_samples.distribution","parameters.nsmdmpi.parameters.drift_min_samples.max","parameters.nsmdmpi.parameters.drift_min_samples.min","parameters.nsmdmpi.parameters.drift_weights.parameters.commutator.distribution","parameters.nsmdmpi.parameters.drift_weights.parameters.commutator.max","parameters.nsmdmpi.parameters.drift_weights.parameters.commutator.min","parameters.nsmdmpi.parameters.drift_weights.parameters.reward.distribution","parameters.nsmdmpi.parameters.drift_weights.parameters.reward.max","parameters.nsmdmpi.parameters.drift_weights.parameters.reward.min","parameters.nsmdmpi.parameters.drift_weights.parameters.transition.distribution","parameters.nsmdmpi.parameters.drift_weights.parameters.transition.max","parameters.nsmdmpi.parameters.drift_weights.parameters.transition.min","parameters.nsmdmpi.parameters.drift_window_size.distribution","parameters.nsmdmpi.parameters.drift_window_size.max","parameters.nsmdmpi.parameters.drift_window_size.min","parameters.nsmdmpi.parameters.ema_tau.distribution","parameters.nsmdmpi.parameters.ema_tau.max","parameters.nsmdmpi.parameters.ema_tau.min","parameters.nsmdmpi.parameters.enabled.distribution","parameters.nsmdmpi.parameters.enableds","parameters.nsmdmpi.parameters.gamma.distribution","parameters.nsmdmpi.parameters.gamma.max","parameters.nsmdmpi.parameters.gamma.min","parameters.nsmdmpi.parameters.kappa_adaptive.distribution","parameters.nsmdmpi.parameters.kappa_adaptives","parameters.nsmdmpi.parameters.kappa_base.distribution","parameters.nsmdmpi.parameters.kappa_base.max","parameters.nsmdmpi.parameters.kappa_base.min","parameters.nsmdmpi.parameters.kappa_max.distribution","parameters.nsmdmpi.parameters.kappa_max.max","parameters.nsmdmpi.parameters.kappa_max.min","parameters.nsmdmpi.parameters.kappa_min.distribution","parameters.nsmdmpi.parameters.kappa_min.max","parameters.nsmdmpi.parameters.kappa_min.min","parameters.nsmdmpi.parameters.lambda_adaptive.distribution","parameters.nsmdmpi.parameters.lambda_adaptives","parameters.nsmdmpi.parameters.lambda_base.distribution","parameters.nsmdmpi.parameters.lambda_base.max","parameters.nsmdmpi.parameters.lambda_base.min","parameters.nsmdmpi.parameters.lambda_max.distribution","parameters.nsmdmpi.parameters.lambda_max.max","parameters.nsmdmpi.parameters.lambda_max.min","parameters.nsmdmpi.parameters.lambda_min.distribution","parameters.nsmdmpi.parameters.lambda_min.max","parameters.nsmdmpi.parameters.lambda_min.min","parameters.nsmdmpi.parameters.log_freq.distribution","parameters.nsmdmpi.parameters.log_freq.max","parameters.nsmdmpi.parameters.log_freq.min","parameters.nsmdmpi.parameters.max_ent_coef.distribution","parameters.nsmdmpi.parameters.max_ent_coef.max","parameters.nsmdmpi.parameters.max_ent_coef.min","parameters.nsmdmpi.parameters.regularization_sensitivity.distribution","parameters.nsmdmpi.parameters.regularization_sensitivity.max","parameters.nsmdmpi.parameters.regularization_sensitivity.min","parameters.nsmdmpi.parameters.save_budget_history.distribution","parameters.nsmdmpi.parameters.save_budget_historys","parameters.nsmdmpi.parameters.trust_region_sensitivity.distribution","parameters.nsmdmpi.parameters.trust_region_sensitivity.max","parameters.nsmdmpi.parameters.trust_region_sensitivity.min","parameters.nsmdmpi.parameters.verbose.distribution","parameters.nsmdmpi.parameters.verbose.max","parameters.nsmdmpi.parameters.verbose.min","parameters.observation_space.distribution","parameters.observation_spaces","parameters.paths.parameters.log_dir.distribution","parameters.paths.parameters.log_dirs","parameters.paths.parameters.model_dir.distribution","parameters.paths.parameters.model_dirs","parameters.paths.parameters.video_dir.distribution","parameters.paths.parameters.video_dirs","parameters.policy.distribution","parameters.policys","parameters.policy_class.distribution","parameters.policy_classs","parameters.policy_kwargs.distribution","parameters.policy_kwargss","parameters.rollout_buffer.distribution","parameters.rollout_buffers","parameters.rollout_buffer_class.distribution","parameters.rollout_buffer_classs","parameters.rollout_buffer_kwargs.distribution","parameters.rollout_buffer_kwargss","parameters.sde_sample_freq.distribution","parameters.sde_sample_freq.max","parameters.sde_sample_freq.min","parameters.seed.distribution","parameters.seeds","parameters.start_time.distribution","parameters.start_time.max","parameters.start_time.min","parameters.target_kl.distribution","parameters.target_kls","parameters.tensorboard_log.distribution","parameters.tensorboard_logs","parameters.train.parameters.algorithm.distribution","parameters.train.parameters.algorithms","parameters.train.parameters.batch_size.distribution","parameters.train.parameters.batch_size.max","parameters.train.parameters.batch_size.min","parameters.train.parameters.gamma.distribution","parameters.train.parameters.gamma.max","parameters.train.parameters.gamma.min","parameters.train.parameters.learning_rate.distribution","parameters.train.parameters.learning_rate.max","parameters.train.parameters.learning_rate.min","parameters.train.parameters.n_steps.distribution","parameters.train.parameters.n_steps.max","parameters.train.parameters.n_steps.min","parameters.train.parameters.seed.distribution","parameters.train.parameters.seed.max","parameters.train.parameters.seed.min","parameters.train.parameters.total_timesteps.distribution","parameters.train.parameters.total_timesteps.max","parameters.train.parameters.total_timesteps.min","parameters.use_sde.distribution","parameters.use_sdes","parameters.verbose.distribution","parameters.verbose.max","parameters.verbose.min","parameters.vf_coef.distribution","parameters.vf_coef.max","parameters.vf_coef.min","parameters.wandb.parameters.mode.distribution","parameters.wandb.parameters.modes","parameters.wandb.parameters.project.distribution","parameters.wandb.parameters.projects","paths.log_dir","paths.model_dir","paths.video_dir","policy","policy_class","policy_kwargs","program","replay_buffer","replay_buffer_class","replay_buffer_kwargs","rollout_buffer","rollout_buffer_class","rollout_buffer_kwargs","sde_sample_freq","seed","start_time","target_entropy","target_kl","target_update_interval","tau","tensorboard_log","train.algorithm","train.batch_size","train.buffer_size","train.gamma","train.gradient_steps","train.learning_rate","train.learning_starts","train.n_steps","train.seed","train.tau","train.total_timesteps","train.train_freq","train_freq","use_sde","use_sde_at_warmup","verbose","vf_coef","wandb.mode","wandb.project","wandb.tags","global_step","nsmdmpi/V_P_fraction","nsmdmpi/V_P_remaining","nsmdmpi/V_R_fraction","nsmdmpi/V_R_remaining","nsmdmpi/V_pi_fraction","nsmdmpi/V_pi_remaining","nsmdmpi/clip_range","nsmdmpi/delta_C","nsmdmpi/delta_P","nsmdmpi/delta_R","nsmdmpi/ent_coef","nsmdmpi/kappa_t","nsmdmpi/lambda_t","nsmdmpi/learning_rate","nsmdmpi/min_budget_fraction","rollout/ep_len_mean","time/fps","train/actor_loss","train/approx_kl","train/clip_fraction","train/clip_range","train/critic_loss","train/ent_coef","train/ent_coef_loss","train/entropy_loss","train/explained_variance","train/learning_rate","train/loss","train/policy_gradient_loss","train/value_loss"
"MountainCar_Baseline_force_jump_Seed4_20260109_102818","-85.87","finished","-","","baseline, force, jump, mountaincar","2026-01-12T00:10:23.000Z","27261","","1","False","0","[ True]","[[-0.5730112  0.       ]]","None","<stable_baselines3.common.logger.Logger object at 0x72e979a3fbe0>","0","0","100","5000000","None","None","Discrete(3)","","false","PPO","","","64","","FloatSchedule(ConstantSchedule(val=0.2))","None","","","cuda","0","","jump","0.0005","force","10000","MountainCar-v0","","","deque([], maxlen=100)","deque([], maxlen=100)","0.95","0.99","","0.0002","","","FloatSchedule(ConstantSchedule(val=0.0002))","0.5","","","","1","10","2048","True","","","","","","","","","","","","","","","","false","","","","","","","","","","","","","","","","","0","Box([-1.2  -0.07], [0.6  0.07], (2,), float32)","","","","","","","","","","","","","","","","","","","","","","","","","","","","","","","","","","","","","","","","","","","","","","","","","","","","","","","","","","","","","","","","","","","","","","","","","","","","","","","","","","","","","","","","","","","","","","","","","","","","","","","","","","","","","","","","","","","","","","","","","","","","","","","","","","","","","","","","","","","","","","","","","","","","","","","","","","","","","","","","","","","","","","","","","","","","","","","","","","","","","","","","","","","","","","","","","","","","","","","","","","","","","","","","","","","","","","","","","","","","","","","","","","","","","","","logs/","models/","videos/","ActorCriticPolicy(
  (features_extractor): FlattenExtractor(
    (flatten): Flatten(start_dim=1, end_dim=-1)
  )
  (pi_features_extractor): FlattenExtractor(
    (flatten): Flatten(start_dim=1, end_dim=-1)
  )
  (vf_features_extractor): FlattenExtractor(
    (flatten): Flatten(start_dim=1, end_dim=-1)
  )
  (mlp_extractor): MlpExtractor(
    (policy_net): Sequential(
      (0): Linear(in_features=2, out_features=64, bias=True)
      (1): Tanh()
      (2): Linear(in_features=64, out_features=64, bias=True)
      (3): Tanh()
    )
    (value_net): Sequential(
      (0): Linear(in_features=2, out_features=64, bias=True)
      (1): Tanh()
      (2): Linear(in_features=64, out_features=64, bias=True)
      (3): Tanh()
    )
  )
  (action_net): Linear(in_features=64, out_features=3, bias=True)
  (value_net): Linear(in_features=64, out_features=1, bias=True)
)","<class 'stable_baselines3.common.policies.ActorCriticPolicy'>","{}","","","","","<stable_baselines3.common.buffers.RolloutBuffer object at 0x72e9d94d1fc0>","<class 'stable_baselines3.common.buffers.RolloutBuffer'>","{}","-1","None","1768176628987722800","","None","","","logs/","PPO","64","","0.99","","0.0002","","2048","4","","5000000","","","False","","1","0.5","online","NSMDMPI_EXP","[""mountaincar"",""baseline"",""jump"",""force""]","5001216","","","","","","","","","","","","","","","","85.87","183","","0.009643104","0.030957032","0.2","","","","-0.09101303","0.9983544","0.0002","0.064818114","-0.0020544091","0.20537384"
"MountainCar_NSMDMPI_force_jump_Seed3_20260109_102818","-85.85","finished","-","","force, jump, mountaincar, nsmdmpi","2026-01-12T00:10:23.000Z","27246","","1","False","0","[ True]","[[-0.51370615  0.        ]]","None","<stable_baselines3.common.logger.Logger object at 0x70416675a200>","0","0","100","5000000","None","None","Discrete(3)","","false","PPO","","","64","","FloatSchedule(ConstantSchedule(val=0.2))","None","","","cuda","0","","jump","0.0005","force","10000","MountainCar-v0","","","deque([], maxlen=100)","deque([], maxlen=100)","0.95","0.99","","0.0002","","","FloatSchedule(ConstantSchedule(val=0.0002))","0.5","","","","1","10","2048","True","1","8","8","4","true","false","0","budgets/","2","200","0.5","1","1","2000","0.05","true","0.99","true","0.2","0.35","0.05","true","1","5","0.2","100","0.05","0","0.7","true","0.3","1","0","Box([-1.2  -0.07], [0.6  0.07], (2,), float32)","","","","","","","","","","","","","","","","","","","","","","","","","","","","","","","","","","","","","","","","","","","","","","","","","","","","","","","","","","","","","","","","","","","","","","","","","","","","","","","","","","","","","","","","","","","","","","","","","","","","","","","","","","","","","","","","","","","","","","","","","","","","","","","","","","","","","","","","","","","","","","","","","","","","","","","","","","","","","","","","","","","","","","","","","","","","","","","","","","","","","","","","","","","","","","","","","","","","","","","","","","","","","","","","","","","","","","","","","","","","","","","","","","","","","","","logs/","models/","videos/","ActorCriticPolicy(
  (features_extractor): FlattenExtractor(
    (flatten): Flatten(start_dim=1, end_dim=-1)
  )
  (pi_features_extractor): FlattenExtractor(
    (flatten): Flatten(start_dim=1, end_dim=-1)
  )
  (vf_features_extractor): FlattenExtractor(
    (flatten): Flatten(start_dim=1, end_dim=-1)
  )
  (mlp_extractor): MlpExtractor(
    (policy_net): Sequential(
      (0): Linear(in_features=2, out_features=64, bias=True)
      (1): Tanh()
      (2): Linear(in_features=64, out_features=64, bias=True)
      (3): Tanh()
    )
    (value_net): Sequential(
      (0): Linear(in_features=2, out_features=64, bias=True)
      (1): Tanh()
      (2): Linear(in_features=64, out_features=64, bias=True)
      (3): Tanh()
    )
  )
  (action_net): Linear(in_features=64, out_features=3, bias=True)
  (value_net): Linear(in_features=64, out_features=1, bias=True)
)","<class 'stable_baselines3.common.policies.ActorCriticPolicy'>","{}","","","","","<stable_baselines3.common.buffers.RolloutBuffer object at 0x7041b98d60e0>","<class 'stable_baselines3.common.buffers.RolloutBuffer'>","{}","-1","None","1768176628988115200","","None","","","logs/","PPO","64","","0.99","","0.0002","","2048","3","","5000000","","","False","","1","0.5","online","NSMDMPI_EXP","[""mountaincar"",""nsmdmpi"",""jump"",""force""]","5001216","0.9236933","7.3895464","1","8","1","4","0.20018587","0","0.0005","0","0","0.20018587","1.0004337","0.0001999133","0.9236933","85.85","183","","0.0007803975","0.011865234","0.20018587","","","","-0.023957135","0.99632555","0.0002","0.13448124","-0.0018983221","0.32297882"
"MountainCar_NSMDMPI_force_jump_Seed4_20260109_102818","-200","finished","-","","force, jump, mountaincar, nsmdmpi","2026-01-12T00:10:23.000Z","27248","","1","False","0","[ True]","[[-0.40037453  0.        ]]","None","<stable_baselines3.common.logger.Logger object at 0x795bc529edd0>","0","0","100","5000000","None","None","Discrete(3)","","false","PPO","","","64","","FloatSchedule(ConstantSchedule(val=0.2))","None","","","cuda","0","","jump","0.0005","force","10000","MountainCar-v0","","","deque([], maxlen=100)","deque([], maxlen=100)","0.95","0.99","","0.0002","","","FloatSchedule(ConstantSchedule(val=0.0002))","0.5","","","","1","10","2048","True","1","8","8","4","true","false","0","budgets/","2","200","0.5","1","1","2000","0.05","true","0.99","true","0.2","0.35","0.05","true","1","5","0.2","100","0.05","0","0.7","true","0.3","1","0","Box([-1.2  -0.07], [0.6  0.07], (2,), float32)","","","","","","","","","","","","","","","","","","","","","","","","","","","","","","","","","","","","","","","","","","","","","","","","","","","","","","","","","","","","","","","","","","","","","","","","","","","","","","","","","","","","","","","","","","","","","","","","","","","","","","","","","","","","","","","","","","","","","","","","","","","","","","","","","","","","","","","","","","","","","","","","","","","","","","","","","","","","","","","","","","","","","","","","","","","","","","","","","","","","","","","","","","","","","","","","","","","","","","","","","","","","","","","","","","","","","","","","","","","","","","","","","","","","","","","logs/","models/","videos/","ActorCriticPolicy(
  (features_extractor): FlattenExtractor(
    (flatten): Flatten(start_dim=1, end_dim=-1)
  )
  (pi_features_extractor): FlattenExtractor(
    (flatten): Flatten(start_dim=1, end_dim=-1)
  )
  (vf_features_extractor): FlattenExtractor(
    (flatten): Flatten(start_dim=1, end_dim=-1)
  )
  (mlp_extractor): MlpExtractor(
    (policy_net): Sequential(
      (0): Linear(in_features=2, out_features=64, bias=True)
      (1): Tanh()
      (2): Linear(in_features=64, out_features=64, bias=True)
      (3): Tanh()
    )
    (value_net): Sequential(
      (0): Linear(in_features=2, out_features=64, bias=True)
      (1): Tanh()
      (2): Linear(in_features=64, out_features=64, bias=True)
      (3): Tanh()
    )
  )
  (action_net): Linear(in_features=64, out_features=3, bias=True)
  (value_net): Linear(in_features=64, out_features=1, bias=True)
)","<class 'stable_baselines3.common.policies.ActorCriticPolicy'>","{}","","","","","<stable_baselines3.common.buffers.RolloutBuffer object at 0x795be82c6110>","<class 'stable_baselines3.common.buffers.RolloutBuffer'>","{}","-1","None","1768176628988025600","","None","","","logs/","PPO","64","","0.99","","0.0002","","2048","4","","5000000","","","False","","1","0.5","online","NSMDMPI_EXP","[""mountaincar"",""nsmdmpi"",""jump"",""force""]","5001216","0.9236933","7.3895464","1","8","1","4","0.20018587","0","0.0005","0","0","0.20018587","1.0004337","0.0001999133","0.9236933","200","183","","0","0","0.20018587","","","","-1.3170643e-7","-0.77612054","0.0002","-4.9019036e-8","-4.4237822e-10","1.1092723e-7"
"MountainCar_Baseline_force_jump_Seed3_20260109_102818","-85.75","finished","-","","baseline, force, jump, mountaincar","2026-01-12T00:10:23.000Z","27239","","1","False","0","[ True]","[[-0.46929246  0.        ]]","None","<stable_baselines3.common.logger.Logger object at 0x74b1d5587bb0>","0","0","100","5000000","None","None","Discrete(3)","","false","PPO","","","64","","FloatSchedule(ConstantSchedule(val=0.2))","None","","","cuda","0","","jump","0.0005","force","10000","MountainCar-v0","","","deque([], maxlen=100)","deque([], maxlen=100)","0.95","0.99","","0.0002","","","FloatSchedule(ConstantSchedule(val=0.0002))","0.5","","","","1","10","2048","True","","","","","","","","","","","","","","","","false","","","","","","","","","","","","","","","","","0","Box([-1.2  -0.07], [0.6  0.07], (2,), float32)","","","","","","","","","","","","","","","","","","","","","","","","","","","","","","","","","","","","","","","","","","","","","","","","","","","","","","","","","","","","","","","","","","","","","","","","","","","","","","","","","","","","","","","","","","","","","","","","","","","","","","","","","","","","","","","","","","","","","","","","","","","","","","","","","","","","","","","","","","","","","","","","","","","","","","","","","","","","","","","","","","","","","","","","","","","","","","","","","","","","","","","","","","","","","","","","","","","","","","","","","","","","","","","","","","","","","","","","","","","","","","","","","","","","","","","logs/","models/","videos/","ActorCriticPolicy(
  (features_extractor): FlattenExtractor(
    (flatten): Flatten(start_dim=1, end_dim=-1)
  )
  (pi_features_extractor): FlattenExtractor(
    (flatten): Flatten(start_dim=1, end_dim=-1)
  )
  (vf_features_extractor): FlattenExtractor(
    (flatten): Flatten(start_dim=1, end_dim=-1)
  )
  (mlp_extractor): MlpExtractor(
    (policy_net): Sequential(
      (0): Linear(in_features=2, out_features=64, bias=True)
      (1): Tanh()
      (2): Linear(in_features=64, out_features=64, bias=True)
      (3): Tanh()
    )
    (value_net): Sequential(
      (0): Linear(in_features=2, out_features=64, bias=True)
      (1): Tanh()
      (2): Linear(in_features=64, out_features=64, bias=True)
      (3): Tanh()
    )
  )
  (action_net): Linear(in_features=64, out_features=3, bias=True)
  (value_net): Linear(in_features=64, out_features=1, bias=True)
)","<class 'stable_baselines3.common.policies.ActorCriticPolicy'>","{}","","","","","<stable_baselines3.common.buffers.RolloutBuffer object at 0x74b1f85adde0>","<class 'stable_baselines3.common.buffers.RolloutBuffer'>","{}","-1","None","1768176628987809800","","None","","","logs/","PPO","64","","0.99","","0.0002","","2048","3","","5000000","","","False","","1","0.5","online","NSMDMPI_EXP","[""mountaincar"",""baseline"",""jump"",""force""]","5001216","","","","","","","","","","","","","","","","85.75","183","","0.002965265","0.019189453","0.2","","","","-0.027124844","0.9987796","0.0002","0.06936661","-0.0019669808","0.1570342"
"MountainCar_Baseline_gravity_sine_Seed1_20260109_102818","-124.23","finished","-","","baseline, gravity, mountaincar, sine","2026-01-10T15:14:46.000Z","118348","","1","False","0","[ True]","[[-0.54345095  0.        ]]","None","<stable_baselines3.common.logger.Logger object at 0x7893b319ff10>","0","0","100","5000000","None","None","Discrete(3)","","false","PPO","","","64","","FloatSchedule(ConstantSchedule(val=0.2))","None","","","cuda","0","","sine","0.001","gravity","10000","MountainCar-v0","","","deque([], maxlen=100)","deque([], maxlen=100)","0.95","0.99","","0.0002","","","FloatSchedule(ConstantSchedule(val=0.0002))","0.5","","","","1","10","2048","True","","","","","","","","","","","","","","","","false","","","","","","","","","","","","","","","","","0","Box([-1.2  -0.07], [0.6  0.07], (2,), float32)","","","","","","","","","","","","","","","","","","","","","","","","","","","","","","","","","","","","","","","","","","","","","","","","","","","","","","","","","","","","","","","","","","","","","","","","","","","","","","","","","","","","","","","","","","","","","","","","","","","","","","","","","","","","","","","","","","","","","","","","","","","","","","","","","","","","","","","","","","","","","","","","","","","","","","","","","","","","","","","","","","","","","","","","","","","","","","","","","","","","","","","","","","","","","","","","","","","","","","","","","","","","","","","","","","","","","","","","","","","","","","","","","","","","","","","logs/","models/","videos/","ActorCriticPolicy(
  (features_extractor): FlattenExtractor(
    (flatten): Flatten(start_dim=1, end_dim=-1)
  )
  (pi_features_extractor): FlattenExtractor(
    (flatten): Flatten(start_dim=1, end_dim=-1)
  )
  (vf_features_extractor): FlattenExtractor(
    (flatten): Flatten(start_dim=1, end_dim=-1)
  )
  (mlp_extractor): MlpExtractor(
    (policy_net): Sequential(
      (0): Linear(in_features=2, out_features=64, bias=True)
      (1): Tanh()
      (2): Linear(in_features=64, out_features=64, bias=True)
      (3): Tanh()
    )
    (value_net): Sequential(
      (0): Linear(in_features=2, out_features=64, bias=True)
      (1): Tanh()
      (2): Linear(in_features=64, out_features=64, bias=True)
      (3): Tanh()
    )
  )
  (action_net): Linear(in_features=64, out_features=3, bias=True)
  (value_net): Linear(in_features=64, out_features=1, bias=True)
)","<class 'stable_baselines3.common.policies.ActorCriticPolicy'>","{}","","","","","<stable_baselines3.common.buffers.RolloutBuffer object at 0x7893d6145f90>","<class 'stable_baselines3.common.buffers.RolloutBuffer'>","{}","-1","None","1768058090749231900","","None","","","logs/","PPO","64","","0.99","","0.0002","","2048","1","","5000000","","","False","","1","0.5","online","NSMDMPI_EXP","[""mountaincar"",""baseline"",""sine"",""gravity""]","5001216","","","","","","","","","","","","","","","","124.23","42","","0.002280267","0.014355469","0.2","","","","-0.096295826","0.9865952","0.0002","0.16447291","0.00030424123","0.78399646"
"MountainCar_NSMDMPI_force_jump_Seed1_20260109_102818","-200","finished","-","","force, jump, mountaincar, nsmdmpi","2026-01-10T15:14:46.000Z","118427","","1","False","0","[ True]","[[-0.50822544  0.        ]]","None","<stable_baselines3.common.logger.Logger object at 0x769340a9a260>","0","0","100","5000000","None","None","Discrete(3)","","false","PPO","","","64","","FloatSchedule(ConstantSchedule(val=0.2))","None","","","cuda","0","","jump","0.0005","force","10000","MountainCar-v0","","","deque([], maxlen=100)","deque([], maxlen=100)","0.95","0.99","","0.0002","","","FloatSchedule(ConstantSchedule(val=0.0002))","0.5","","","","1","10","2048","True","1","8","8","4","true","false","0","budgets/","2","200","0.5","1","1","2000","0.05","true","0.99","true","0.2","0.35","0.05","true","1","5","0.2","100","0.05","0","0.7","true","0.3","1","0","Box([-1.2  -0.07], [0.6  0.07], (2,), float32)","","","","","","","","","","","","","","","","","","","","","","","","","","","","","","","","","","","","","","","","","","","","","","","","","","","","","","","","","","","","","","","","","","","","","","","","","","","","","","","","","","","","","","","","","","","","","","","","","","","","","","","","","","","","","","","","","","","","","","","","","","","","","","","","","","","","","","","","","","","","","","","","","","","","","","","","","","","","","","","","","","","","","","","","","","","","","","","","","","","","","","","","","","","","","","","","","","","","","","","","","","","","","","","","","","","","","","","","","","","","","","","","","","","","","","","logs/","models/","videos/","ActorCriticPolicy(
  (features_extractor): FlattenExtractor(
    (flatten): Flatten(start_dim=1, end_dim=-1)
  )
  (pi_features_extractor): FlattenExtractor(
    (flatten): Flatten(start_dim=1, end_dim=-1)
  )
  (vf_features_extractor): FlattenExtractor(
    (flatten): Flatten(start_dim=1, end_dim=-1)
  )
  (mlp_extractor): MlpExtractor(
    (policy_net): Sequential(
      (0): Linear(in_features=2, out_features=64, bias=True)
      (1): Tanh()
      (2): Linear(in_features=64, out_features=64, bias=True)
      (3): Tanh()
    )
    (value_net): Sequential(
      (0): Linear(in_features=2, out_features=64, bias=True)
      (1): Tanh()
      (2): Linear(in_features=64, out_features=64, bias=True)
      (3): Tanh()
    )
  )
  (action_net): Linear(in_features=64, out_features=3, bias=True)
  (value_net): Linear(in_features=64, out_features=1, bias=True)
)","<class 'stable_baselines3.common.policies.ActorCriticPolicy'>","{}","","","","","<stable_baselines3.common.buffers.RolloutBuffer object at 0x7693643b6140>","<class 'stable_baselines3.common.buffers.RolloutBuffer'>","{}","-1","None","1768058090753348900","","None","","","logs/","PPO","64","","0.99","","0.0002","","2048","1","","5000000","","","False","","1","0.5","online","NSMDMPI_EXP","[""mountaincar"",""nsmdmpi"",""jump"",""force""]","5001216","0.9236933","7.3895464","1","8","1","4","0.20018587","0","0.0005","0","0","0.20018587","1.0004337","0.0001999133","0.9236933","200","42","","0.0073816907","0.0014160157","0.20018587","","","","-0.000027329474","0.10333955","0.0002","3.2960088e-9","-0.00022573162","4.31159e-9"
"MountainCar_NSMDMPI_force_jump_Seed0_20260109_102818","-85.33","finished","-","","force, jump, mountaincar, nsmdmpi","2026-01-10T15:14:46.000Z","118387","","1","False","0","[ True]","[[-0.539363  0.      ]]","None","<stable_baselines3.common.logger.Logger object at 0x7a8921da7c70>","0","0","100","5000000","None","None","Discrete(3)","","false","PPO","","","64","","FloatSchedule(ConstantSchedule(val=0.2))","None","","","cuda","0","","jump","0.0005","force","10000","MountainCar-v0","","","deque([], maxlen=100)","deque([], maxlen=100)","0.95","0.99","","0.0002","","","FloatSchedule(ConstantSchedule(val=0.0002))","0.5","","","","1","10","2048","True","1","8","8","4","true","false","0","budgets/","2","200","0.5","1","1","2000","0.05","true","0.99","true","0.2","0.35","0.05","true","1","5","0.2","100","0.05","0","0.7","true","0.3","1","0","Box([-1.2  -0.07], [0.6  0.07], (2,), float32)","","","","","","","","","","","","","","","","","","","","","","","","","","","","","","","","","","","","","","","","","","","","","","","","","","","","","","","","","","","","","","","","","","","","","","","","","","","","","","","","","","","","","","","","","","","","","","","","","","","","","","","","","","","","","","","","","","","","","","","","","","","","","","","","","","","","","","","","","","","","","","","","","","","","","","","","","","","","","","","","","","","","","","","","","","","","","","","","","","","","","","","","","","","","","","","","","","","","","","","","","","","","","","","","","","","","","","","","","","","","","","","","","","","","","","","logs/","models/","videos/","ActorCriticPolicy(
  (features_extractor): FlattenExtractor(
    (flatten): Flatten(start_dim=1, end_dim=-1)
  )
  (pi_features_extractor): FlattenExtractor(
    (flatten): Flatten(start_dim=1, end_dim=-1)
  )
  (vf_features_extractor): FlattenExtractor(
    (flatten): Flatten(start_dim=1, end_dim=-1)
  )
  (mlp_extractor): MlpExtractor(
    (policy_net): Sequential(
      (0): Linear(in_features=2, out_features=64, bias=True)
      (1): Tanh()
      (2): Linear(in_features=64, out_features=64, bias=True)
      (3): Tanh()
    )
    (value_net): Sequential(
      (0): Linear(in_features=2, out_features=64, bias=True)
      (1): Tanh()
      (2): Linear(in_features=64, out_features=64, bias=True)
      (3): Tanh()
    )
  )
  (action_net): Linear(in_features=64, out_features=3, bias=True)
  (value_net): Linear(in_features=64, out_features=1, bias=True)
)","<class 'stable_baselines3.common.policies.ActorCriticPolicy'>","{}","","","","","<stable_baselines3.common.buffers.RolloutBuffer object at 0x7a8944ec1c90>","<class 'stable_baselines3.common.buffers.RolloutBuffer'>","{}","-1","None","1768058090788755500","","None","","","logs/","PPO","64","","0.99","","0.0002","","2048","0","","5000000","","","False","","1","0.5","online","NSMDMPI_EXP","[""mountaincar"",""nsmdmpi"",""jump"",""force""]","5001216","0.9236933","7.3895464","1","8","1","4","0.20018587","0","0.0005","0","0","0.20018587","1.0004337","0.0001999133","0.9236933","85.33","42","","0.0077861734","0.022949219","0.20018587","","","","-0.08237518","0.9973828","0.0002","0.1348997","-0.0024106507","0.347947"
"MountainCar_NSMDMPI_gravity_sine_Seed1_20260109_102818","-200","finished","-","","gravity, mountaincar, nsmdmpi, sine","2026-01-10T15:14:46.000Z","118429","","1","False","0","[ True]","[[-0.58798426  0.        ]]","None","<stable_baselines3.common.logger.Logger object at 0x7bf6200b3e80>","0","0","100","5000000","None","None","Discrete(3)","","false","PPO","","","64","","FloatSchedule(ConstantSchedule(val=0.2))","None","","","cuda","0","","sine","0.001","gravity","10000","MountainCar-v0","","","deque([], maxlen=100)","deque([], maxlen=100)","0.95","0.99","","0.0002","","","FloatSchedule(ConstantSchedule(val=0.0002))","0.5","","","","1","10","2048","True","1","5","5","2.5","true","false","0","budgets/","2","200","0.5","1","1","2000","0.05","true","0.99","true","0.2","0.35","0.05","true","1","5","0.2","100","0.05","0","0.7","true","0.3","1","0","Box([-1.2  -0.07], [0.6  0.07], (2,), float32)","","","","","","","","","","","","","","","","","","","","","","","","","","","","","","","","","","","","","","","","","","","","","","","","","","","","","","","","","","","","","","","","","","","","","","","","","","","","","","","","","","","","","","","","","","","","","","","","","","","","","","","","","","","","","","","","","","","","","","","","","","","","","","","","","","","","","","","","","","","","","","","","","","","","","","","","","","","","","","","","","","","","","","","","","","","","","","","","","","","","","","","","","","","","","","","","","","","","","","","","","","","","","","","","","","","","","","","","","","","","","","","","","","","","","","","logs/","models/","videos/","ActorCriticPolicy(
  (features_extractor): FlattenExtractor(
    (flatten): Flatten(start_dim=1, end_dim=-1)
  )
  (pi_features_extractor): FlattenExtractor(
    (flatten): Flatten(start_dim=1, end_dim=-1)
  )
  (vf_features_extractor): FlattenExtractor(
    (flatten): Flatten(start_dim=1, end_dim=-1)
  )
  (mlp_extractor): MlpExtractor(
    (policy_net): Sequential(
      (0): Linear(in_features=2, out_features=64, bias=True)
      (1): Tanh()
      (2): Linear(in_features=64, out_features=64, bias=True)
      (3): Tanh()
    )
    (value_net): Sequential(
      (0): Linear(in_features=2, out_features=64, bias=True)
      (1): Tanh()
      (2): Linear(in_features=64, out_features=64, bias=True)
      (3): Tanh()
    )
  )
  (action_net): Linear(in_features=64, out_features=3, bias=True)
  (value_net): Linear(in_features=64, out_features=1, bias=True)
)","<class 'stable_baselines3.common.policies.ActorCriticPolicy'>","{}","","","","","<stable_baselines3.common.buffers.RolloutBuffer object at 0x7bf6430b1f90>","<class 'stable_baselines3.common.buffers.RolloutBuffer'>","{}","-1","None","1768058090790320400","","None","","","logs/","PPO","64","","0.99","","0.0002","","2048","1","","5000000","","","False","","1","0.5","online","NSMDMPI_EXP","[""mountaincar"",""nsmdmpi"",""sine"",""gravity""]","5001216","0.6891607","3.4458036","1","5","1","2.5","0.20037404","0","0.0005515491","0","0","0.20037404","1.0008727","0.0001998256","0.6891607","200","42","","0.0051738005","0.03330078","0.20037404","","","","-0.6544966","0.02341199","0.0002","0.013422003","-0.0011218443","5.2143105e-7"
"MountainCar_Baseline_gravity_sine_Seed4_20260109_102818","-200","finished","-","","baseline, gravity, mountaincar, sine","2026-01-10T15:14:46.000Z","118423","","1","False","0","[ True]","[[-0.43550685  0.        ]]","None","<stable_baselines3.common.logger.Logger object at 0x7300f2f7e9b0>","0","0","100","5000000","None","None","Discrete(3)","","false","PPO","","","64","","FloatSchedule(ConstantSchedule(val=0.2))","None","","","cuda","0","","sine","0.001","gravity","10000","MountainCar-v0","","","deque([], maxlen=100)","deque([], maxlen=100)","0.95","0.99","","0.0002","","","FloatSchedule(ConstantSchedule(val=0.0002))","0.5","","","","1","10","2048","True","","","","","","","","","","","","","","","","false","","","","","","","","","","","","","","","","","0","Box([-1.2  -0.07], [0.6  0.07], (2,), float32)","","","","","","","","","","","","","","","","","","","","","","","","","","","","","","","","","","","","","","","","","","","","","","","","","","","","","","","","","","","","","","","","","","","","","","","","","","","","","","","","","","","","","","","","","","","","","","","","","","","","","","","","","","","","","","","","","","","","","","","","","","","","","","","","","","","","","","","","","","","","","","","","","","","","","","","","","","","","","","","","","","","","","","","","","","","","","","","","","","","","","","","","","","","","","","","","","","","","","","","","","","","","","","","","","","","","","","","","","","","","","","","","","","","","","","","logs/","models/","videos/","ActorCriticPolicy(
  (features_extractor): FlattenExtractor(
    (flatten): Flatten(start_dim=1, end_dim=-1)
  )
  (pi_features_extractor): FlattenExtractor(
    (flatten): Flatten(start_dim=1, end_dim=-1)
  )
  (vf_features_extractor): FlattenExtractor(
    (flatten): Flatten(start_dim=1, end_dim=-1)
  )
  (mlp_extractor): MlpExtractor(
    (policy_net): Sequential(
      (0): Linear(in_features=2, out_features=64, bias=True)
      (1): Tanh()
      (2): Linear(in_features=64, out_features=64, bias=True)
      (3): Tanh()
    )
    (value_net): Sequential(
      (0): Linear(in_features=2, out_features=64, bias=True)
      (1): Tanh()
      (2): Linear(in_features=64, out_features=64, bias=True)
      (3): Tanh()
    )
  )
  (action_net): Linear(in_features=64, out_features=3, bias=True)
  (value_net): Linear(in_features=64, out_features=1, bias=True)
)","<class 'stable_baselines3.common.policies.ActorCriticPolicy'>","{}","","","","","<stable_baselines3.common.buffers.RolloutBuffer object at 0x730119f57d00>","<class 'stable_baselines3.common.buffers.RolloutBuffer'>","{}","-1","None","1768058090594999000","","None","","","logs/","PPO","64","","0.99","","0.0002","","2048","4","","5000000","","","False","","1","0.5","online","NSMDMPI_EXP","[""mountaincar"",""baseline"",""sine"",""gravity""]","5001216","","","","","","","","","","","","","","","","200","42","","0.0018003208","0.018359374","0.2","","","","-0.21382318","0.11793399","0.0002","-0.0040619737","-0.0033982731","3.679715e-8"
"MountainCar_Baseline_force_jump_Seed0_20260109_102818","-88.46","finished","-","","baseline, force, jump, mountaincar","2026-01-10T15:14:46.000Z","118390","","1","False","0","[ True]","[[-0.5053192  0.       ]]","None","<stable_baselines3.common.logger.Logger object at 0x767910aba770>","0","0","100","5000000","None","None","Discrete(3)","","false","PPO","","","64","","FloatSchedule(ConstantSchedule(val=0.2))","None","","","cuda","0","","jump","0.0005","force","10000","MountainCar-v0","","","deque([], maxlen=100)","deque([], maxlen=100)","0.95","0.99","","0.0002","","","FloatSchedule(ConstantSchedule(val=0.0002))","0.5","","","","1","10","2048","True","","","","","","","","","","","","","","","","false","","","","","","","","","","","","","","","","","0","Box([-1.2  -0.07], [0.6  0.07], (2,), float32)","","","","","","","","","","","","","","","","","","","","","","","","","","","","","","","","","","","","","","","","","","","","","","","","","","","","","","","","","","","","","","","","","","","","","","","","","","","","","","","","","","","","","","","","","","","","","","","","","","","","","","","","","","","","","","","","","","","","","","","","","","","","","","","","","","","","","","","","","","","","","","","","","","","","","","","","","","","","","","","","","","","","","","","","","","","","","","","","","","","","","","","","","","","","","","","","","","","","","","","","","","","","","","","","","","","","","","","","","","","","","","","","","","","","","","","logs/","models/","videos/","ActorCriticPolicy(
  (features_extractor): FlattenExtractor(
    (flatten): Flatten(start_dim=1, end_dim=-1)
  )
  (pi_features_extractor): FlattenExtractor(
    (flatten): Flatten(start_dim=1, end_dim=-1)
  )
  (vf_features_extractor): FlattenExtractor(
    (flatten): Flatten(start_dim=1, end_dim=-1)
  )
  (mlp_extractor): MlpExtractor(
    (policy_net): Sequential(
      (0): Linear(in_features=2, out_features=64, bias=True)
      (1): Tanh()
      (2): Linear(in_features=64, out_features=64, bias=True)
      (3): Tanh()
    )
    (value_net): Sequential(
      (0): Linear(in_features=2, out_features=64, bias=True)
      (1): Tanh()
      (2): Linear(in_features=64, out_features=64, bias=True)
      (3): Tanh()
    )
  )
  (action_net): Linear(in_features=64, out_features=3, bias=True)
  (value_net): Linear(in_features=64, out_features=1, bias=True)
)","<class 'stable_baselines3.common.policies.ActorCriticPolicy'>","{}","","","","","<stable_baselines3.common.buffers.RolloutBuffer object at 0x7679343d9bd0>","<class 'stable_baselines3.common.buffers.RolloutBuffer'>","{}","-1","None","1768058090753193000","","None","","","logs/","PPO","64","","0.99","","0.0002","","2048","0","","5000000","","","False","","1","0.5","online","NSMDMPI_EXP","[""mountaincar"",""baseline"",""jump"",""force""]","5001216","","","","","","","","","","","","","","","","88.46","42","","0.0030682143","0.01171875","0.2","","","","-0.034519237","0.998866","0.0002","0.06955226","0.0006332012","0.16510667"
"MountainCar_Baseline_gravity_sine_Seed3_20260109_102818","-113.82","finished","-","","baseline, gravity, mountaincar, sine","2026-01-10T15:14:45.000Z","118350","","1","False","0","[ True]","[[-0.58677006  0.        ]]","None","<stable_baselines3.common.logger.Logger object at 0x78305e03aa70>","0","0","100","5000000","None","None","Discrete(3)","","false","PPO","","","64","","FloatSchedule(ConstantSchedule(val=0.2))","None","","","cuda","0","","sine","0.001","gravity","10000","MountainCar-v0","","","deque([], maxlen=100)","deque([], maxlen=100)","0.95","0.99","","0.0002","","","FloatSchedule(ConstantSchedule(val=0.0002))","0.5","","","","1","10","2048","True","","","","","","","","","","","","","","","","false","","","","","","","","","","","","","","","","","0","Box([-1.2  -0.07], [0.6  0.07], (2,), float32)","","","","","","","","","","","","","","","","","","","","","","","","","","","","","","","","","","","","","","","","","","","","","","","","","","","","","","","","","","","","","","","","","","","","","","","","","","","","","","","","","","","","","","","","","","","","","","","","","","","","","","","","","","","","","","","","","","","","","","","","","","","","","","","","","","","","","","","","","","","","","","","","","","","","","","","","","","","","","","","","","","","","","","","","","","","","","","","","","","","","","","","","","","","","","","","","","","","","","","","","","","","","","","","","","","","","","","","","","","","","","","","","","","","","","","","logs/","models/","videos/","ActorCriticPolicy(
  (features_extractor): FlattenExtractor(
    (flatten): Flatten(start_dim=1, end_dim=-1)
  )
  (pi_features_extractor): FlattenExtractor(
    (flatten): Flatten(start_dim=1, end_dim=-1)
  )
  (vf_features_extractor): FlattenExtractor(
    (flatten): Flatten(start_dim=1, end_dim=-1)
  )
  (mlp_extractor): MlpExtractor(
    (policy_net): Sequential(
      (0): Linear(in_features=2, out_features=64, bias=True)
      (1): Tanh()
      (2): Linear(in_features=64, out_features=64, bias=True)
      (3): Tanh()
    )
    (value_net): Sequential(
      (0): Linear(in_features=2, out_features=64, bias=True)
      (1): Tanh()
      (2): Linear(in_features=64, out_features=64, bias=True)
      (3): Tanh()
    )
  )
  (action_net): Linear(in_features=64, out_features=3, bias=True)
  (value_net): Linear(in_features=64, out_features=1, bias=True)
)","<class 'stable_baselines3.common.policies.ActorCriticPolicy'>","{}","","","","","<stable_baselines3.common.buffers.RolloutBuffer object at 0x7830a51ca200>","<class 'stable_baselines3.common.buffers.RolloutBuffer'>","{}","-1","None","1768058090444658000","","None","","","logs/","PPO","64","","0.99","","0.0002","","2048","3","","5000000","","","False","","1","0.5","online","NSMDMPI_EXP","[""mountaincar"",""baseline"",""sine"",""gravity""]","5001216","","","","","","","","","","","","","","","","113.82","42","","0.0028262376","0.03671875","0.2","","","","-0.11697086","0.9897666","0.0002","0.049893018","-0.0011909906","0.5249141"
"MountainCar_Baseline_gravity_sine_Seed2_20260109_102818","-200","finished","-","","baseline, gravity, mountaincar, sine","2026-01-10T15:14:45.000Z","118426","","1","False","0","[ True]","[[-0.5756354  0.       ]]","None","<stable_baselines3.common.logger.Logger object at 0x7b335d5b29b0>","0","0","100","5000000","None","None","Discrete(3)","","false","PPO","","","64","","FloatSchedule(ConstantSchedule(val=0.2))","None","","","cuda","0","","sine","0.001","gravity","10000","MountainCar-v0","","","deque([], maxlen=100)","deque([], maxlen=100)","0.95","0.99","","0.0002","","","FloatSchedule(ConstantSchedule(val=0.0002))","0.5","","","","1","10","2048","True","","","","","","","","","","","","","","","","false","","","","","","","","","","","","","","","","","0","Box([-1.2  -0.07], [0.6  0.07], (2,), float32)","","","","","","","","","","","","","","","","","","","","","","","","","","","","","","","","","","","","","","","","","","","","","","","","","","","","","","","","","","","","","","","","","","","","","","","","","","","","","","","","","","","","","","","","","","","","","","","","","","","","","","","","","","","","","","","","","","","","","","","","","","","","","","","","","","","","","","","","","","","","","","","","","","","","","","","","","","","","","","","","","","","","","","","","","","","","","","","","","","","","","","","","","","","","","","","","","","","","","","","","","","","","","","","","","","","","","","","","","","","","","","","","","","","","","","","logs/","models/","videos/","ActorCriticPolicy(
  (features_extractor): FlattenExtractor(
    (flatten): Flatten(start_dim=1, end_dim=-1)
  )
  (pi_features_extractor): FlattenExtractor(
    (flatten): Flatten(start_dim=1, end_dim=-1)
  )
  (vf_features_extractor): FlattenExtractor(
    (flatten): Flatten(start_dim=1, end_dim=-1)
  )
  (mlp_extractor): MlpExtractor(
    (policy_net): Sequential(
      (0): Linear(in_features=2, out_features=64, bias=True)
      (1): Tanh()
      (2): Linear(in_features=64, out_features=64, bias=True)
      (3): Tanh()
    )
    (value_net): Sequential(
      (0): Linear(in_features=2, out_features=64, bias=True)
      (1): Tanh()
      (2): Linear(in_features=64, out_features=64, bias=True)
      (3): Tanh()
    )
  )
  (action_net): Linear(in_features=64, out_features=3, bias=True)
  (value_net): Linear(in_features=64, out_features=1, bias=True)
)","<class 'stable_baselines3.common.policies.ActorCriticPolicy'>","{}","","","","","<stable_baselines3.common.buffers.RolloutBuffer object at 0x7b33906d2020>","<class 'stable_baselines3.common.buffers.RolloutBuffer'>","{}","-1","None","1768058089156901400","","None","","","logs/","PPO","64","","0.99","","0.0002","","2048","2","","5000000","","","False","","1","0.5","online","NSMDMPI_EXP","[""mountaincar"",""baseline"",""sine"",""gravity""]","5001216","","","","","","","","","","","","","","","","200","42","","0.0005991638","0.014404297","0.2","","","","-0.31349728","0.061777532","0.0002","0.002700927","0.000797826","0.0000016592402"
"MountainCar_Baseline_force_jump_Seed2_20260109_102818","-84.04","finished","-","","baseline, force, jump, mountaincar","2026-01-10T15:14:45.000Z","118340","","1","False","0","[ True]","[[-0.5090455  0.       ]]","None","<stable_baselines3.common.logger.Logger object at 0x787547373ca0>","0","0","100","5000000","None","None","Discrete(3)","","false","PPO","","","64","","FloatSchedule(ConstantSchedule(val=0.2))","None","","","cuda","0","","jump","0.0005","force","10000","MountainCar-v0","","","deque([], maxlen=100)","deque([], maxlen=100)","0.95","0.99","","0.0002","","","FloatSchedule(ConstantSchedule(val=0.0002))","0.5","","","","1","10","2048","True","","","","","","","","","","","","","","","","false","","","","","","","","","","","","","","","","","0","Box([-1.2  -0.07], [0.6  0.07], (2,), float32)","","","","","","","","","","","","","","","","","","","","","","","","","","","","","","","","","","","","","","","","","","","","","","","","","","","","","","","","","","","","","","","","","","","","","","","","","","","","","","","","","","","","","","","","","","","","","","","","","","","","","","","","","","","","","","","","","","","","","","","","","","","","","","","","","","","","","","","","","","","","","","","","","","","","","","","","","","","","","","","","","","","","","","","","","","","","","","","","","","","","","","","","","","","","","","","","","","","","","","","","","","","","","","","","","","","","","","","","","","","","","","","","","","","","","","","logs/","models/","videos/","ActorCriticPolicy(
  (features_extractor): FlattenExtractor(
    (flatten): Flatten(start_dim=1, end_dim=-1)
  )
  (pi_features_extractor): FlattenExtractor(
    (flatten): Flatten(start_dim=1, end_dim=-1)
  )
  (vf_features_extractor): FlattenExtractor(
    (flatten): Flatten(start_dim=1, end_dim=-1)
  )
  (mlp_extractor): MlpExtractor(
    (policy_net): Sequential(
      (0): Linear(in_features=2, out_features=64, bias=True)
      (1): Tanh()
      (2): Linear(in_features=64, out_features=64, bias=True)
      (3): Tanh()
    )
    (value_net): Sequential(
      (0): Linear(in_features=2, out_features=64, bias=True)
      (1): Tanh()
      (2): Linear(in_features=64, out_features=64, bias=True)
      (3): Tanh()
    )
  )
  (action_net): Linear(in_features=64, out_features=3, bias=True)
  (value_net): Linear(in_features=64, out_features=1, bias=True)
)","<class 'stable_baselines3.common.policies.ActorCriticPolicy'>","{}","","","","","<stable_baselines3.common.buffers.RolloutBuffer object at 0x78757e4add50>","<class 'stable_baselines3.common.buffers.RolloutBuffer'>","{}","-1","None","1768058087494576600","","None","","","logs/","PPO","64","","0.99","","0.0002","","2048","2","","5000000","","","False","","1","0.5","online","NSMDMPI_EXP","[""mountaincar"",""baseline"",""jump"",""force""]","5001216","","","","","","","","","","","","","","","","84.04","42","","0.002499347","0.011767578","0.2","","","","-0.019186359","0.99905425","0.0002","0.09040913","-0.0011405465","0.15117086"
"MountainCar_Baseline_gravity_sine_Seed0_20260109_102818","-143.86","finished","-","","baseline, gravity, mountaincar, sine","2026-01-10T15:14:45.000Z","118417","","1","False","0","[ True]","[[-0.46755186  0.        ]]","None","<stable_baselines3.common.logger.Logger object at 0x749a7c8abaf0>","0","0","100","5000000","None","None","Discrete(3)","","false","PPO","","","64","","FloatSchedule(ConstantSchedule(val=0.2))","None","","","cuda","0","","sine","0.001","gravity","10000","MountainCar-v0","","","deque([], maxlen=100)","deque([], maxlen=100)","0.95","0.99","","0.0002","","","FloatSchedule(ConstantSchedule(val=0.0002))","0.5","","","","1","10","2048","True","","","","","","","","","","","","","","","","false","","","","","","","","","","","","","","","","","0","Box([-1.2  -0.07], [0.6  0.07], (2,), float32)","","","","","","","","","","","","","","","","","","","","","","","","","","","","","","","","","","","","","","","","","","","","","","","","","","","","","","","","","","","","","","","","","","","","","","","","","","","","","","","","","","","","","","","","","","","","","","","","","","","","","","","","","","","","","","","","","","","","","","","","","","","","","","","","","","","","","","","","","","","","","","","","","","","","","","","","","","","","","","","","","","","","","","","","","","","","","","","","","","","","","","","","","","","","","","","","","","","","","","","","","","","","","","","","","","","","","","","","","","","","","","","","","","","","","","","logs/","models/","videos/","ActorCriticPolicy(
  (features_extractor): FlattenExtractor(
    (flatten): Flatten(start_dim=1, end_dim=-1)
  )
  (pi_features_extractor): FlattenExtractor(
    (flatten): Flatten(start_dim=1, end_dim=-1)
  )
  (vf_features_extractor): FlattenExtractor(
    (flatten): Flatten(start_dim=1, end_dim=-1)
  )
  (mlp_extractor): MlpExtractor(
    (policy_net): Sequential(
      (0): Linear(in_features=2, out_features=64, bias=True)
      (1): Tanh()
      (2): Linear(in_features=64, out_features=64, bias=True)
      (3): Tanh()
    )
    (value_net): Sequential(
      (0): Linear(in_features=2, out_features=64, bias=True)
      (1): Tanh()
      (2): Linear(in_features=64, out_features=64, bias=True)
      (3): Tanh()
    )
  )
  (action_net): Linear(in_features=64, out_features=3, bias=True)
  (value_net): Linear(in_features=64, out_features=1, bias=True)
)","<class 'stable_baselines3.common.policies.ActorCriticPolicy'>","{}","","","","","<stable_baselines3.common.buffers.RolloutBuffer object at 0x749aac1d2020>","<class 'stable_baselines3.common.buffers.RolloutBuffer'>","{}","-1","None","1768058090577177000","","None","","","logs/","PPO","64","","0.99","","0.0002","","2048","0","","5000000","","","False","","1","0.5","online","NSMDMPI_EXP","[""mountaincar"",""baseline"",""sine"",""gravity""]","5001216","","","","","","","","","","","","","","","","143.86","42","","0.0042357566","0.012646484","0.2","","","","-0.07008816","0.93926644","0.0002","1.1377248","0.0004500501","6.19312"
"MountainCar_NSMDMPI_gravity_sine_Seed3_20260109_102818","-200","finished","-","","gravity, mountaincar, nsmdmpi, sine","2026-01-10T15:14:45.000Z","118427","","1","False","0","[ True]","[[-0.47243455  0.        ]]","None","<stable_baselines3.common.logger.Logger object at 0x743045aaa290>","0","0","100","5000000","None","None","Discrete(3)","","false","PPO","","","64","","FloatSchedule(ConstantSchedule(val=0.2))","None","","","cuda","0","","sine","0.001","gravity","10000","MountainCar-v0","","","deque([], maxlen=100)","deque([], maxlen=100)","0.95","0.99","","0.0002","","","FloatSchedule(ConstantSchedule(val=0.0002))","0.5","","","","1","10","2048","True","1","5","5","2.5","true","false","0","budgets/","2","200","0.5","1","1","2000","0.05","true","0.99","true","0.2","0.35","0.05","true","1","5","0.2","100","0.05","0","0.7","true","0.3","1","0","Box([-1.2  -0.07], [0.6  0.07], (2,), float32)","","","","","","","","","","","","","","","","","","","","","","","","","","","","","","","","","","","","","","","","","","","","","","","","","","","","","","","","","","","","","","","","","","","","","","","","","","","","","","","","","","","","","","","","","","","","","","","","","","","","","","","","","","","","","","","","","","","","","","","","","","","","","","","","","","","","","","","","","","","","","","","","","","","","","","","","","","","","","","","","","","","","","","","","","","","","","","","","","","","","","","","","","","","","","","","","","","","","","","","","","","","","","","","","","","","","","","","","","","","","","","","","","","","","","","","logs/","models/","videos/","ActorCriticPolicy(
  (features_extractor): FlattenExtractor(
    (flatten): Flatten(start_dim=1, end_dim=-1)
  )
  (pi_features_extractor): FlattenExtractor(
    (flatten): Flatten(start_dim=1, end_dim=-1)
  )
  (vf_features_extractor): FlattenExtractor(
    (flatten): Flatten(start_dim=1, end_dim=-1)
  )
  (mlp_extractor): MlpExtractor(
    (policy_net): Sequential(
      (0): Linear(in_features=2, out_features=64, bias=True)
      (1): Tanh()
      (2): Linear(in_features=64, out_features=64, bias=True)
      (3): Tanh()
    )
    (value_net): Sequential(
      (0): Linear(in_features=2, out_features=64, bias=True)
      (1): Tanh()
      (2): Linear(in_features=64, out_features=64, bias=True)
      (3): Tanh()
    )
  )
  (action_net): Linear(in_features=64, out_features=3, bias=True)
  (value_net): Linear(in_features=64, out_features=1, bias=True)
)","<class 'stable_baselines3.common.policies.ActorCriticPolicy'>","{}","","","","","<stable_baselines3.common.buffers.RolloutBuffer object at 0x743068be98a0>","<class 'stable_baselines3.common.buffers.RolloutBuffer'>","{}","-1","None","1768058088725122300","","None","","","logs/","PPO","64","","0.99","","0.0002","","2048","3","","5000000","","","False","","1","0.5","online","NSMDMPI_EXP","[""mountaincar"",""nsmdmpi"",""sine"",""gravity""]","5001216","0.6891607","3.4458036","1","5","1","2.5","0.20037404","0","0.0005515491","0","0","0.20037404","1.0008727","0.0001998256","0.6891607","200","42","","0.0024569975","0.039208986","0.20037404","","","","-0.45059898","-0.7019193","0.0002","0.0014351873","-0.0031281686","0.00000852503"
"MountainCar_NSMDMPI_gravity_sine_Seed4_20260109_102818","-200","finished","-","","gravity, mountaincar, nsmdmpi, sine","2026-01-10T15:14:45.000Z","118423","","1","False","0","[ True]","[[-0.49779454  0.        ]]","None","<stable_baselines3.common.logger.Logger object at 0x7c77aee82350>","0","0","100","5000000","None","None","Discrete(3)","","false","PPO","","","64","","FloatSchedule(ConstantSchedule(val=0.2))","None","","","cuda","0","","sine","0.001","gravity","10000","MountainCar-v0","","","deque([], maxlen=100)","deque([], maxlen=100)","0.95","0.99","","0.0002","","","FloatSchedule(ConstantSchedule(val=0.0002))","0.5","","","","1","10","2048","True","1","5","5","2.5","true","false","0","budgets/","2","200","0.5","1","1","2000","0.05","true","0.99","true","0.2","0.35","0.05","true","1","5","0.2","100","0.05","0","0.7","true","0.3","1","0","Box([-1.2  -0.07], [0.6  0.07], (2,), float32)","","","","","","","","","","","","","","","","","","","","","","","","","","","","","","","","","","","","","","","","","","","","","","","","","","","","","","","","","","","","","","","","","","","","","","","","","","","","","","","","","","","","","","","","","","","","","","","","","","","","","","","","","","","","","","","","","","","","","","","","","","","","","","","","","","","","","","","","","","","","","","","","","","","","","","","","","","","","","","","","","","","","","","","","","","","","","","","","","","","","","","","","","","","","","","","","","","","","","","","","","","","","","","","","","","","","","","","","","","","","","","","","","","","","","","","logs/","models/","videos/","ActorCriticPolicy(
  (features_extractor): FlattenExtractor(
    (flatten): Flatten(start_dim=1, end_dim=-1)
  )
  (pi_features_extractor): FlattenExtractor(
    (flatten): Flatten(start_dim=1, end_dim=-1)
  )
  (vf_features_extractor): FlattenExtractor(
    (flatten): Flatten(start_dim=1, end_dim=-1)
  )
  (mlp_extractor): MlpExtractor(
    (policy_net): Sequential(
      (0): Linear(in_features=2, out_features=64, bias=True)
      (1): Tanh()
      (2): Linear(in_features=64, out_features=64, bias=True)
      (3): Tanh()
    )
    (value_net): Sequential(
      (0): Linear(in_features=2, out_features=64, bias=True)
      (1): Tanh()
      (2): Linear(in_features=64, out_features=64, bias=True)
      (3): Tanh()
    )
  )
  (action_net): Linear(in_features=64, out_features=3, bias=True)
  (value_net): Linear(in_features=64, out_features=1, bias=True)
)","<class 'stable_baselines3.common.policies.ActorCriticPolicy'>","{}","","","","","<stable_baselines3.common.buffers.RolloutBuffer object at 0x7c7801eddb70>","<class 'stable_baselines3.common.buffers.RolloutBuffer'>","{}","-1","None","1768058088442576000","","None","","","logs/","PPO","64","","0.99","","0.0002","","2048","4","","5000000","","","False","","1","0.5","online","NSMDMPI_EXP","[""mountaincar"",""nsmdmpi"",""sine"",""gravity""]","5001216","0.6891607","3.4458036","1","5","1","2.5","0.20037404","0","0.0005515491","0","0","0.20037404","1.0008727","0.0001998256","0.6891607","200","42","","0","0","0.20037404","","","","-1.8824946e-9","-1.548795","0.0002","0.0000014424845","-2.066372e-10","0.000002715061"
"MountainCar_Baseline_force_jump_Seed1_20260109_102818","-200","finished","-","","baseline, force, jump, mountaincar","2026-01-10T15:14:45.000Z","118426","","1","False","0","[ True]","[[-0.46860436  0.        ]]","None","<stable_baselines3.common.logger.Logger object at 0x7da67f183ee0>","0","0","100","5000000","None","None","Discrete(3)","","false","PPO","","","64","","FloatSchedule(ConstantSchedule(val=0.2))","None","","","cuda","0","","jump","0.0005","force","10000","MountainCar-v0","","","deque([], maxlen=100)","deque([], maxlen=100)","0.95","0.99","","0.0002","","","FloatSchedule(ConstantSchedule(val=0.0002))","0.5","","","","1","10","2048","True","","","","","","","","","","","","","","","","false","","","","","","","","","","","","","","","","","0","Box([-1.2  -0.07], [0.6  0.07], (2,), float32)","","","","","","","","","","","","","","","","","","","","","","","","","","","","","","","","","","","","","","","","","","","","","","","","","","","","","","","","","","","","","","","","","","","","","","","","","","","","","","","","","","","","","","","","","","","","","","","","","","","","","","","","","","","","","","","","","","","","","","","","","","","","","","","","","","","","","","","","","","","","","","","","","","","","","","","","","","","","","","","","","","","","","","","","","","","","","","","","","","","","","","","","","","","","","","","","","","","","","","","","","","","","","","","","","","","","","","","","","","","","","","","","","","","","","","","logs/","models/","videos/","ActorCriticPolicy(
  (features_extractor): FlattenExtractor(
    (flatten): Flatten(start_dim=1, end_dim=-1)
  )
  (pi_features_extractor): FlattenExtractor(
    (flatten): Flatten(start_dim=1, end_dim=-1)
  )
  (vf_features_extractor): FlattenExtractor(
    (flatten): Flatten(start_dim=1, end_dim=-1)
  )
  (mlp_extractor): MlpExtractor(
    (policy_net): Sequential(
      (0): Linear(in_features=2, out_features=64, bias=True)
      (1): Tanh()
      (2): Linear(in_features=64, out_features=64, bias=True)
      (3): Tanh()
    )
    (value_net): Sequential(
      (0): Linear(in_features=2, out_features=64, bias=True)
      (1): Tanh()
      (2): Linear(in_features=64, out_features=64, bias=True)
      (3): Tanh()
    )
  )
  (action_net): Linear(in_features=64, out_features=3, bias=True)
  (value_net): Linear(in_features=64, out_features=1, bias=True)
)","<class 'stable_baselines3.common.policies.ActorCriticPolicy'>","{}","","","","","<stable_baselines3.common.buffers.RolloutBuffer object at 0x7da6be2ea260>","<class 'stable_baselines3.common.buffers.RolloutBuffer'>","{}","-1","None","1768058089441932300","","None","","","logs/","PPO","64","","0.99","","0.0002","","2048","1","","5000000","","","False","","1","0.5","online","NSMDMPI_EXP","[""mountaincar"",""baseline"",""jump"",""force""]","5001216","","","","","","","","","","","","","","","","200","42","","0","0","0.2","","","","-8.921415e-8","0.1447677","0.0002","4.18122e-8","-4.802132e-10","1.2582113e-7"
"MountainCar_NSMDMPI_gravity_sine_Seed0_20260109_102818","-200","finished","-","","gravity, mountaincar, nsmdmpi, sine","2026-01-10T15:14:45.000Z","118439","","1","False","0","[ True]","[[-0.5618772  0.       ]]","None","<stable_baselines3.common.logger.Logger object at 0x7435bf53a1d0>","0","0","100","5000000","None","None","Discrete(3)","","false","PPO","","","64","","FloatSchedule(ConstantSchedule(val=0.2))","None","","","cuda","0","","sine","0.001","gravity","10000","MountainCar-v0","","","deque([], maxlen=100)","deque([], maxlen=100)","0.95","0.99","","0.0002","","","FloatSchedule(ConstantSchedule(val=0.0002))","0.5","","","","1","10","2048","True","1","5","5","2.5","true","false","0","budgets/","2","200","0.5","1","1","2000","0.05","true","0.99","true","0.2","0.35","0.05","true","1","5","0.2","100","0.05","0","0.7","true","0.3","1","0","Box([-1.2  -0.07], [0.6  0.07], (2,), float32)","","","","","","","","","","","","","","","","","","","","","","","","","","","","","","","","","","","","","","","","","","","","","","","","","","","","","","","","","","","","","","","","","","","","","","","","","","","","","","","","","","","","","","","","","","","","","","","","","","","","","","","","","","","","","","","","","","","","","","","","","","","","","","","","","","","","","","","","","","","","","","","","","","","","","","","","","","","","","","","","","","","","","","","","","","","","","","","","","","","","","","","","","","","","","","","","","","","","","","","","","","","","","","","","","","","","","","","","","","","","","","","","","","","","","","","logs/","models/","videos/","ActorCriticPolicy(
  (features_extractor): FlattenExtractor(
    (flatten): Flatten(start_dim=1, end_dim=-1)
  )
  (pi_features_extractor): FlattenExtractor(
    (flatten): Flatten(start_dim=1, end_dim=-1)
  )
  (vf_features_extractor): FlattenExtractor(
    (flatten): Flatten(start_dim=1, end_dim=-1)
  )
  (mlp_extractor): MlpExtractor(
    (policy_net): Sequential(
      (0): Linear(in_features=2, out_features=64, bias=True)
      (1): Tanh()
      (2): Linear(in_features=64, out_features=64, bias=True)
      (3): Tanh()
    )
    (value_net): Sequential(
      (0): Linear(in_features=2, out_features=64, bias=True)
      (1): Tanh()
      (2): Linear(in_features=64, out_features=64, bias=True)
      (3): Tanh()
    )
  )
  (action_net): Linear(in_features=64, out_features=3, bias=True)
  (value_net): Linear(in_features=64, out_features=1, bias=True)
)","<class 'stable_baselines3.common.policies.ActorCriticPolicy'>","{}","","","","","<stable_baselines3.common.buffers.RolloutBuffer object at 0x7435fe695db0>","<class 'stable_baselines3.common.buffers.RolloutBuffer'>","{}","-1","None","1768058088980524500","","None","","","logs/","PPO","64","","0.99","","0.0002","","2048","0","","5000000","","","False","","1","0.5","online","NSMDMPI_EXP","[""mountaincar"",""nsmdmpi"",""sine"",""gravity""]","5001216","0.6891607","3.4458036","1","5","1","2.5","0.20037404","0","0.0005515491","0","0","0.20037404","1.0008727","0.0001998256","0.6891607","200","42","","0.001720402","0.021777343","0.20037404","","","","-0.28429794","0.5782407","0.0002","-0.013170689","-0.0031550191","0.000009484448"
"MountainCar_NSMDMPI_force_jump_Seed2_20260109_102818","-86.75","finished","-","","force, jump, mountaincar, nsmdmpi","2026-01-10T15:14:45.000Z","118387","","1","False","0","[ True]","[[-0.5918219  0.       ]]","None","<stable_baselines3.common.logger.Logger object at 0x764530b8f5e0>","0","0","100","5000000","None","None","Discrete(3)","","false","PPO","","","64","","FloatSchedule(ConstantSchedule(val=0.2))","None","","","cuda","0","","jump","0.0005","force","10000","MountainCar-v0","","","deque([], maxlen=100)","deque([], maxlen=100)","0.95","0.99","","0.0002","","","FloatSchedule(ConstantSchedule(val=0.0002))","0.5","","","","1","10","2048","True","1","8","8","4","true","false","0","budgets/","2","200","0.5","1","1","2000","0.05","true","0.99","true","0.2","0.35","0.05","true","1","5","0.2","100","0.05","0","0.7","true","0.3","1","0","Box([-1.2  -0.07], [0.6  0.07], (2,), float32)","","","","","","","","","","","","","","","","","","","","","","","","","","","","","","","","","","","","","","","","","","","","","","","","","","","","","","","","","","","","","","","","","","","","","","","","","","","","","","","","","","","","","","","","","","","","","","","","","","","","","","","","","","","","","","","","","","","","","","","","","","","","","","","","","","","","","","","","","","","","","","","","","","","","","","","","","","","","","","","","","","","","","","","","","","","","","","","","","","","","","","","","","","","","","","","","","","","","","","","","","","","","","","","","","","","","","","","","","","","","","","","","","","","","","","","logs/","models/","videos/","ActorCriticPolicy(
  (features_extractor): FlattenExtractor(
    (flatten): Flatten(start_dim=1, end_dim=-1)
  )
  (pi_features_extractor): FlattenExtractor(
    (flatten): Flatten(start_dim=1, end_dim=-1)
  )
  (vf_features_extractor): FlattenExtractor(
    (flatten): Flatten(start_dim=1, end_dim=-1)
  )
  (mlp_extractor): MlpExtractor(
    (policy_net): Sequential(
      (0): Linear(in_features=2, out_features=64, bias=True)
      (1): Tanh()
      (2): Linear(in_features=64, out_features=64, bias=True)
      (3): Tanh()
    )
    (value_net): Sequential(
      (0): Linear(in_features=2, out_features=64, bias=True)
      (1): Tanh()
      (2): Linear(in_features=64, out_features=64, bias=True)
      (3): Tanh()
    )
  )
  (action_net): Linear(in_features=64, out_features=3, bias=True)
  (value_net): Linear(in_features=64, out_features=1, bias=True)
)","<class 'stable_baselines3.common.policies.ActorCriticPolicy'>","{}","","","","","<stable_baselines3.common.buffers.RolloutBuffer object at 0x7645544b5d20>","<class 'stable_baselines3.common.buffers.RolloutBuffer'>","{}","-1","None","1768058090689720800","","None","","","logs/","PPO","64","","0.99","","0.0002","","2048","2","","5000000","","","False","","1","0.5","online","NSMDMPI_EXP","[""mountaincar"",""nsmdmpi"",""jump"",""force""]","5001216","0.9236933","7.3895464","1","8","1","4","0.20018587","0","0.0005","0","0","0.20018587","1.0004337","0.0001999133","0.9236933","86.75","42","","0.0011237784","0.009277344","0.20018587","","","","-0.025269154","0.9993398","0.0002","0.04160324","-0.0007045061","0.13539264"
"MountainCar_NSMDMPI_gravity_sine_Seed2_20260109_102818","-115.4","finished","-","","gravity, mountaincar, nsmdmpi, sine","2026-01-10T15:14:45.000Z","118352","","1","False","0","[ True]","[[-0.5691209  0.       ]]","None","<stable_baselines3.common.logger.Logger object at 0x719bcdc32ce0>","0","0","100","5000000","None","None","Discrete(3)","","false","PPO","","","64","","FloatSchedule(ConstantSchedule(val=0.2))","None","","","cuda","0","","sine","0.001","gravity","10000","MountainCar-v0","","","deque([], maxlen=100)","deque([], maxlen=100)","0.95","0.99","","0.0002","","","FloatSchedule(ConstantSchedule(val=0.0002))","0.5","","","","1","10","2048","True","1","5","5","2.5","true","false","0","budgets/","2","200","0.5","1","1","2000","0.05","true","0.99","true","0.2","0.35","0.05","true","1","5","0.2","100","0.05","0","0.7","true","0.3","1","0","Box([-1.2  -0.07], [0.6  0.07], (2,), float32)","","","","","","","","","","","","","","","","","","","","","","","","","","","","","","","","","","","","","","","","","","","","","","","","","","","","","","","","","","","","","","","","","","","","","","","","","","","","","","","","","","","","","","","","","","","","","","","","","","","","","","","","","","","","","","","","","","","","","","","","","","","","","","","","","","","","","","","","","","","","","","","","","","","","","","","","","","","","","","","","","","","","","","","","","","","","","","","","","","","","","","","","","","","","","","","","","","","","","","","","","","","","","","","","","","","","","","","","","","","","","","","","","","","","","","","logs/","models/","videos/","ActorCriticPolicy(
  (features_extractor): FlattenExtractor(
    (flatten): Flatten(start_dim=1, end_dim=-1)
  )
  (pi_features_extractor): FlattenExtractor(
    (flatten): Flatten(start_dim=1, end_dim=-1)
  )
  (vf_features_extractor): FlattenExtractor(
    (flatten): Flatten(start_dim=1, end_dim=-1)
  )
  (mlp_extractor): MlpExtractor(
    (policy_net): Sequential(
      (0): Linear(in_features=2, out_features=64, bias=True)
      (1): Tanh()
      (2): Linear(in_features=64, out_features=64, bias=True)
      (3): Tanh()
    )
    (value_net): Sequential(
      (0): Linear(in_features=2, out_features=64, bias=True)
      (1): Tanh()
      (2): Linear(in_features=64, out_features=64, bias=True)
      (3): Tanh()
    )
  )
  (action_net): Linear(in_features=64, out_features=3, bias=True)
  (value_net): Linear(in_features=64, out_features=1, bias=True)
)","<class 'stable_baselines3.common.policies.ActorCriticPolicy'>","{}","","","","","<stable_baselines3.common.buffers.RolloutBuffer object at 0x719c2d6ae1d0>","<class 'stable_baselines3.common.buffers.RolloutBuffer'>","{}","-1","None","1768058087799241000","","None","","","logs/","PPO","64","","0.99","","0.0002","","2048","2","","5000000","","","False","","1","0.5","online","NSMDMPI_EXP","[""mountaincar"",""nsmdmpi"",""sine"",""gravity""]","5001216","0.6891607","3.4458036","1","5","1","2.5","0.20037404","0","0.0005515491","0","0","0.20037404","1.0008727","0.0001998256","0.6891607","115.4","42","","0.0024610872","0.016259765","0.20037404","","","","-0.14037861","0.9858675","0.0002","0.1813305","-0.0010855893","0.7821739"
"MiniGrid_Baseline_reward_jump_Seed4_20260109_102818","0","finished","-","","baseline, jump, minigrid, reward","2026-01-10T14:23:42.000Z","3037","","1","False","0","[ True]","[[[[2 2 2 2 2 2 2]
   [2 2 2 2 2 2 2]
   [2 2 2 2 2 2 2]
   [2 1 1 1 1 1 1]
   [2 1 1 1 1 1 1]
   [2 6 1 1 1 1 1]
   [2 1 1 1 1 1 1]]

  [[5 5 5 5 5 5 5]
   [5 5 5 5 5 5 5]
   [5 5 5 5 5 5 5]
   [5 0 0 0 0 0 0]
   [5 0 0 0 0 0 0]
   [5 2 0 0 0 0 0]
   [5 0 0 0 0 0 0]]

  [[0 0 0 0 0 0 0]
   [0 0 0 0 0 0 0]
   [0 0 0 0 0 0 0]
   [0 0 0 0 0 0 0]
   [0 0 0 0 0 0 0]
   [0 0 0 0 0 0 0]
   [0 0 0 0 0 0 0]]]]","None","<stable_baselines3.common.logger.Logger object at 0x722717977d30>","0","0","100","500000","None","None","Discrete(3)","","false","PPO","","","64","","FloatSchedule(ConstantSchedule(val=0.2))","None","","","cuda","0","","jump","0.7","reward_scale","5000","MiniGrid-Dynamic-Obstacles-8x8-v0","","","deque([], maxlen=100)","deque([], maxlen=100)","0.95","0.99","","0.0003","","","FloatSchedule(ConstantSchedule(val=0.0003))","0.5","","","","1","10","128","True","","","","","","","","","","","","","","","","false","","","","","","","","","","","","","","","","","0","Box(0, 255, (3, 7, 7), uint8)","","","","","","","","","","","","","","","","","","","","","","","","","","","","","","","","","","","","","","","","","","","","","","","","","","","","","","","","","","","","","","","","","","","","","","","","","","","","","","","","","","","","","","","","","","","","","","","","","","","","","","","","","","","","","","","","","","","","","","","","","","","","","","","","","","","","","","","","","","","","","","","","","","","","","","","","","","","","","","","","","","","","","","","","","","","","","","","","","","","","","","","","","","","","","","","","","","","","","","","","","","","","","","","","","","","","","","","","","","","","","","","","","","","","","","","logs/","models/","videos/","ActorCriticPolicy(
  (features_extractor): FlattenExtractor(
    (flatten): Flatten(start_dim=1, end_dim=-1)
  )
  (pi_features_extractor): FlattenExtractor(
    (flatten): Flatten(start_dim=1, end_dim=-1)
  )
  (vf_features_extractor): FlattenExtractor(
    (flatten): Flatten(start_dim=1, end_dim=-1)
  )
  (mlp_extractor): MlpExtractor(
    (policy_net): Sequential(
      (0): Linear(in_features=147, out_features=64, bias=True)
      (1): Tanh()
      (2): Linear(in_features=64, out_features=64, bias=True)
      (3): Tanh()
    )
    (value_net): Sequential(
      (0): Linear(in_features=147, out_features=64, bias=True)
      (1): Tanh()
      (2): Linear(in_features=64, out_features=64, bias=True)
      (3): Tanh()
    )
  )
  (action_net): Linear(in_features=64, out_features=3, bias=True)
  (value_net): Linear(in_features=64, out_features=1, bias=True)
)","<class 'stable_baselines3.common.policies.ActorCriticPolicy'>","{}","","","","","<stable_baselines3.common.buffers.RolloutBuffer object at 0x72275000cdc0>","<class 'stable_baselines3.common.buffers.RolloutBuffer'>","{}","-1","None","1768055025188939300","","None","","","logs/","PPO","64","","0.99","","0.0003","","128","4","","500000","","","False","","1","0.5","online","NSMDMPI_EXP","[""minigrid"",""baseline"",""jump"",""reward""]","500096","","","","","","","","","","","","","","","","256","165","","0","0","0.2","","","","-0.000038779406","-9.229824","0.0003","-1.4804285e-8","-3.4924597e-9","1.1838919e-10"
"MiniGrid_NSMDMPI_reward_jump_Seed4_20260109_102818","0","finished","-","","jump, minigrid, nsmdmpi, reward","2026-01-10T14:23:42.000Z","3055","","1","False","0","[ True]","[[[[2 2 2 2 2 2 2]
   [2 2 2 2 2 2 2]
   [2 2 2 2 2 2 2]
   [2 1 1 1 1 1 1]
   [2 1 1 6 1 1 1]
   [2 1 1 1 1 1 1]
   [2 1 6 1 1 1 6]]

  [[5 5 5 5 5 5 5]
   [5 5 5 5 5 5 5]
   [5 5 5 5 5 5 5]
   [5 0 0 0 0 0 0]
   [5 0 0 2 0 0 0]
   [5 0 0 0 0 0 0]
   [5 0 2 0 0 0 2]]

  [[0 0 0 0 0 0 0]
   [0 0 0 0 0 0 0]
   [0 0 0 0 0 0 0]
   [0 0 0 0 0 0 0]
   [0 0 0 0 0 0 0]
   [0 0 0 0 0 0 0]
   [0 0 0 0 0 0 0]]]]","None","<stable_baselines3.common.logger.Logger object at 0x7283c3b84ac0>","0","0","100","500000","None","None","Discrete(3)","","false","PPO","","","64","","FloatSchedule(ConstantSchedule(val=0.2))","None","","","cuda","0","","jump","0.7","reward_scale","5000","MiniGrid-Dynamic-Obstacles-8x8-v0","","","deque([], maxlen=100)","deque([], maxlen=100)","0.95","0.99","","0.0003","","","FloatSchedule(ConstantSchedule(val=0.0003))","0.5","","","","1","10","128","True","1","0.5","1.5","0.75","true","false","0.01","budgets/","2","100","0.5","2","0.5","1000","0.06","true","0.99","true","0.2","0.35","0.05","true","1","5","0.2","100","0.1","0","0.7","true","0.3","1","0","Box(0, 255, (3, 7, 7), uint8)","","","","","","","","","","","","","","","","","","","","","","","","","","","","","","","","","","","","","","","","","","","","","","","","","","","","","","","","","","","","","","","","","","","","","","","","","","","","","","","","","","","","","","","","","","","","","","","","","","","","","","","","","","","","","","","","","","","","","","","","","","","","","","","","","","","","","","","","","","","","","","","","","","","","","","","","","","","","","","","","","","","","","","","","","","","","","","","","","","","","","","","","","","","","","","","","","","","","","","","","","","","","","","","","","","","","","","","","","","","","","","","","","","","","","","","logs/","models/","videos/","ActorCriticPolicy(
  (features_extractor): FlattenExtractor(
    (flatten): Flatten(start_dim=1, end_dim=-1)
  )
  (pi_features_extractor): FlattenExtractor(
    (flatten): Flatten(start_dim=1, end_dim=-1)
  )
  (vf_features_extractor): FlattenExtractor(
    (flatten): Flatten(start_dim=1, end_dim=-1)
  )
  (mlp_extractor): MlpExtractor(
    (policy_net): Sequential(
      (0): Linear(in_features=147, out_features=64, bias=True)
      (1): Tanh()
      (2): Linear(in_features=64, out_features=64, bias=True)
      (3): Tanh()
    )
    (value_net): Sequential(
      (0): Linear(in_features=147, out_features=64, bias=True)
      (1): Tanh()
      (2): Linear(in_features=64, out_features=64, bias=True)
      (3): Tanh()
    )
  )
  (action_net): Linear(in_features=64, out_features=3, bias=True)
  (value_net): Linear(in_features=64, out_features=1, bias=True)
)","<class 'stable_baselines3.common.policies.ActorCriticPolicy'>","{}","","","","","<stable_baselines3.common.buffers.RolloutBuffer object at 0x7283f8228b50>","<class 'stable_baselines3.common.buffers.RolloutBuffer'>","{}","-1","None","1768055025133211000","","None","","","logs/","PPO","64","","0.99","","0.0003","","128","4","","500000","","","False","","1","0.5","online","NSMDMPI_EXP","[""minigrid"",""nsmdmpi"",""jump"",""reward""]","500096","0","0","0","0","1","0.75","0.35","0","0.7","0","0.0135","0.35","1.9536386","0.00015355964","0","256","164","","0","0","0.35","","","","-0.00018137367","-10.516596","0.0003","-0.0000026147334","-5.122274e-10","4.8410254e-8"
"MiniGrid_NSMDMPI_reward_jump_Seed3_20260109_102818","-0.098","finished","-","","jump, minigrid, nsmdmpi, reward","2026-01-10T14:23:41.000Z","3056","","1","False","0","[ True]","[[[[2 2 2 2 2 2 2]
   [2 2 2 2 2 2 2]
   [2 2 2 2 2 2 2]
   [2 1 1 1 6 1 1]
   [2 1 1 1 6 1 1]
   [2 1 1 1 1 1 1]
   [2 1 1 6 1 1 1]]

  [[5 5 5 5 5 5 5]
   [5 5 5 5 5 5 5]
   [5 5 5 5 5 5 5]
   [5 0 0 0 2 0 0]
   [5 0 0 0 2 0 0]
   [5 0 0 0 0 0 0]
   [5 0 0 2 0 0 0]]

  [[0 0 0 0 0 0 0]
   [0 0 0 0 0 0 0]
   [0 0 0 0 0 0 0]
   [0 0 0 0 0 0 0]
   [0 0 0 0 0 0 0]
   [0 0 0 0 0 0 0]
   [0 0 0 0 0 0 0]]]]","None","<stable_baselines3.common.logger.Logger object at 0x7a4a37abcaf0>","0","0","100","500000","None","None","Discrete(3)","","false","PPO","","","64","","FloatSchedule(ConstantSchedule(val=0.2))","None","","","cuda","0","","jump","0.7","reward_scale","5000","MiniGrid-Dynamic-Obstacles-8x8-v0","","","deque([], maxlen=100)","deque([], maxlen=100)","0.95","0.99","","0.0003","","","FloatSchedule(ConstantSchedule(val=0.0003))","0.5","","","","1","10","128","True","1","0.5","1.5","0.75","true","false","0.01","budgets/","2","100","0.5","2","0.5","1000","0.06","true","0.99","true","0.2","0.35","0.05","true","1","5","0.2","100","0.1","0","0.7","true","0.3","1","0","Box(0, 255, (3, 7, 7), uint8)","","","","","","","","","","","","","","","","","","","","","","","","","","","","","","","","","","","","","","","","","","","","","","","","","","","","","","","","","","","","","","","","","","","","","","","","","","","","","","","","","","","","","","","","","","","","","","","","","","","","","","","","","","","","","","","","","","","","","","","","","","","","","","","","","","","","","","","","","","","","","","","","","","","","","","","","","","","","","","","","","","","","","","","","","","","","","","","","","","","","","","","","","","","","","","","","","","","","","","","","","","","","","","","","","","","","","","","","","","","","","","","","","","","","","","","logs/","models/","videos/","ActorCriticPolicy(
  (features_extractor): FlattenExtractor(
    (flatten): Flatten(start_dim=1, end_dim=-1)
  )
  (pi_features_extractor): FlattenExtractor(
    (flatten): Flatten(start_dim=1, end_dim=-1)
  )
  (vf_features_extractor): FlattenExtractor(
    (flatten): Flatten(start_dim=1, end_dim=-1)
  )
  (mlp_extractor): MlpExtractor(
    (policy_net): Sequential(
      (0): Linear(in_features=147, out_features=64, bias=True)
      (1): Tanh()
      (2): Linear(in_features=64, out_features=64, bias=True)
      (3): Tanh()
    )
    (value_net): Sequential(
      (0): Linear(in_features=147, out_features=64, bias=True)
      (1): Tanh()
      (2): Linear(in_features=64, out_features=64, bias=True)
      (3): Tanh()
    )
  )
  (action_net): Linear(in_features=64, out_features=3, bias=True)
  (value_net): Linear(in_features=64, out_features=1, bias=True)
)","<class 'stable_baselines3.common.policies.ActorCriticPolicy'>","{}","","","","","<stable_baselines3.common.buffers.RolloutBuffer object at 0x7a4a7bb113f0>","<class 'stable_baselines3.common.buffers.RolloutBuffer'>","{}","-1","None","1768055023424927500","","None","","","logs/","PPO","64","","0.99","","0.0003","","128","3","","500000","","","False","","1","0.5","online","NSMDMPI_EXP","[""minigrid"",""nsmdmpi"",""jump"",""reward""]","500096","0","0","0","0","1","0.75","0.35","0","0.7","0","0.0135","0.35","1.9536964","0.00015355508","0","242.89","163","","0.0045588817","0","0.35","","","","-0.4774005","-34.976414","0.0003","-0.019749116","-0.0033840085","0.0000011884596"
"MiniGrid_Baseline_reward_jump_Seed3_20260109_102818","0","finished","-","","baseline, jump, minigrid, reward","2026-01-10T14:23:40.000Z","3039","","1","False","0","[ True]","[[[[2 2 2 2 2 2 2]
   [2 2 2 2 2 2 2]
   [2 2 2 2 2 2 2]
   [2 6 6 1 1 6 1]
   [2 6 1 1 1 1 1]
   [2 1 1 1 1 1 1]
   [2 1 1 1 1 1 1]]

  [[5 5 5 5 5 5 5]
   [5 5 5 5 5 5 5]
   [5 5 5 5 5 5 5]
   [5 2 2 0 0 2 0]
   [5 2 0 0 0 0 0]
   [5 0 0 0 0 0 0]
   [5 0 0 0 0 0 0]]

  [[0 0 0 0 0 0 0]
   [0 0 0 0 0 0 0]
   [0 0 0 0 0 0 0]
   [0 0 0 0 0 0 0]
   [0 0 0 0 0 0 0]
   [0 0 0 0 0 0 0]
   [0 0 0 0 0 0 0]]]]","None","<stable_baselines3.common.logger.Logger object at 0x71e7de973d60>","0","0","100","500000","None","None","Discrete(3)","","false","PPO","","","64","","FloatSchedule(ConstantSchedule(val=0.2))","None","","","cuda","0","","jump","0.7","reward_scale","5000","MiniGrid-Dynamic-Obstacles-8x8-v0","","","deque([], maxlen=100)","deque([], maxlen=100)","0.95","0.99","","0.0003","","","FloatSchedule(ConstantSchedule(val=0.0003))","0.5","","","","1","10","128","True","","","","","","","","","","","","","","","","false","","","","","","","","","","","","","","","","","0","Box(0, 255, (3, 7, 7), uint8)","","","","","","","","","","","","","","","","","","","","","","","","","","","","","","","","","","","","","","","","","","","","","","","","","","","","","","","","","","","","","","","","","","","","","","","","","","","","","","","","","","","","","","","","","","","","","","","","","","","","","","","","","","","","","","","","","","","","","","","","","","","","","","","","","","","","","","","","","","","","","","","","","","","","","","","","","","","","","","","","","","","","","","","","","","","","","","","","","","","","","","","","","","","","","","","","","","","","","","","","","","","","","","","","","","","","","","","","","","","","","","","","","","","","","","","logs/","models/","videos/","ActorCriticPolicy(
  (features_extractor): FlattenExtractor(
    (flatten): Flatten(start_dim=1, end_dim=-1)
  )
  (pi_features_extractor): FlattenExtractor(
    (flatten): Flatten(start_dim=1, end_dim=-1)
  )
  (vf_features_extractor): FlattenExtractor(
    (flatten): Flatten(start_dim=1, end_dim=-1)
  )
  (mlp_extractor): MlpExtractor(
    (policy_net): Sequential(
      (0): Linear(in_features=147, out_features=64, bias=True)
      (1): Tanh()
      (2): Linear(in_features=64, out_features=64, bias=True)
      (3): Tanh()
    )
    (value_net): Sequential(
      (0): Linear(in_features=147, out_features=64, bias=True)
      (1): Tanh()
      (2): Linear(in_features=64, out_features=64, bias=True)
      (3): Tanh()
    )
  )
  (action_net): Linear(in_features=64, out_features=3, bias=True)
  (value_net): Linear(in_features=64, out_features=1, bias=True)
)","<class 'stable_baselines3.common.policies.ActorCriticPolicy'>","{}","","","","","<stable_baselines3.common.buffers.RolloutBuffer object at 0x71e806b08f40>","<class 'stable_baselines3.common.buffers.RolloutBuffer'>","{}","-1","None","1768055022901216800","","None","","","logs/","PPO","64","","0.99","","0.0003","","128","3","","500000","","","False","","1","0.5","online","NSMDMPI_EXP","[""minigrid"",""baseline"",""jump"",""reward""]","500096","","","","","","","","","","","","","","","","256","164","","0","0","0.2","","","","-0.000048530834","-18.655836","0.0003","1.4928036e-8","2.7008356e-9","1.266409e-10"
"MiniGrid_NSMDMPI_reward_jump_Seed2_20260109_102818","-0.01","finished","-","","jump, minigrid, nsmdmpi, reward","2026-01-10T11:31:13.000Z","10354","","1","False","0","[ True]","[[[[2 2 2 2 2 2 2]
   [2 2 2 2 2 2 2]
   [2 2 2 2 2 2 2]
   [2 1 1 6 6 1 1]
   [2 1 1 6 1 1 1]
   [2 1 1 1 1 1 1]
   [2 1 1 1 1 1 1]]

  [[5 5 5 5 5 5 5]
   [5 5 5 5 5 5 5]
   [5 5 5 5 5 5 5]
   [5 0 0 2 2 0 0]
   [5 0 0 2 0 0 0]
   [5 0 0 0 0 0 0]
   [5 0 0 0 0 0 0]]

  [[0 0 0 0 0 0 0]
   [0 0 0 0 0 0 0]
   [0 0 0 0 0 0 0]
   [0 0 0 0 0 0 0]
   [0 0 0 0 0 0 0]
   [0 0 0 0 0 0 0]
   [0 0 0 0 0 0 0]]]]","None","<stable_baselines3.common.logger.Logger object at 0x79d450dbc670>","0","0","100","500000","None","None","Discrete(3)","","false","PPO","","","64","","FloatSchedule(ConstantSchedule(val=0.2))","None","","","cuda","0","","jump","0.7","reward_scale","5000","MiniGrid-Dynamic-Obstacles-8x8-v0","","","deque([], maxlen=100)","deque([], maxlen=100)","0.95","0.99","","0.0003","","","FloatSchedule(ConstantSchedule(val=0.0003))","0.5","","","","1","10","128","True","1","0.5","1.5","0.75","true","false","0.01","budgets/","2","100","0.5","2","0.5","1000","0.06","true","0.99","true","0.2","0.35","0.05","true","1","5","0.2","100","0.1","0","0.7","true","0.3","1","0","Box(0, 255, (3, 7, 7), uint8)","","","","","","","","","","","","","","","","","","","","","","","","","","","","","","","","","","","","","","","","","","","","","","","","","","","","","","","","","","","","","","","","","","","","","","","","","","","","","","","","","","","","","","","","","","","","","","","","","","","","","","","","","","","","","","","","","","","","","","","","","","","","","","","","","","","","","","","","","","","","","","","","","","","","","","","","","","","","","","","","","","","","","","","","","","","","","","","","","","","","","","","","","","","","","","","","","","","","","","","","","","","","","","","","","","","","","","","","","","","","","","","","","","","","","","","logs/","models/","videos/","ActorCriticPolicy(
  (features_extractor): FlattenExtractor(
    (flatten): Flatten(start_dim=1, end_dim=-1)
  )
  (pi_features_extractor): FlattenExtractor(
    (flatten): Flatten(start_dim=1, end_dim=-1)
  )
  (vf_features_extractor): FlattenExtractor(
    (flatten): Flatten(start_dim=1, end_dim=-1)
  )
  (mlp_extractor): MlpExtractor(
    (policy_net): Sequential(
      (0): Linear(in_features=147, out_features=64, bias=True)
      (1): Tanh()
      (2): Linear(in_features=64, out_features=64, bias=True)
      (3): Tanh()
    )
    (value_net): Sequential(
      (0): Linear(in_features=147, out_features=64, bias=True)
      (1): Tanh()
      (2): Linear(in_features=64, out_features=64, bias=True)
      (3): Tanh()
    )
  )
  (action_net): Linear(in_features=64, out_features=3, bias=True)
  (value_net): Linear(in_features=64, out_features=1, bias=True)
)","<class 'stable_baselines3.common.policies.ActorCriticPolicy'>","{}","","","","","<stable_baselines3.common.buffers.RolloutBuffer object at 0x79d46a330ac0>","<class 'stable_baselines3.common.buffers.RolloutBuffer'>","{}","-1","None","1768044681950009000","","None","","","logs/","PPO","64","","0.99","","0.0003","","128","2","","500000","","","False","","1","0.5","online","NSMDMPI_EXP","[""minigrid"",""nsmdmpi"",""jump"",""reward""]","500096","0","0","0","0","1","0.75","0.35","0","0.7","0","0.0135","0.35","1.9539135","0.00015353801","0","253.87","48","","0.0056352676","0","0.35","","","","-0.69289297","-9.171209","0.0003","-0.015024676","-0.0027916338","6.8732237e-7"
"MiniGrid_Baseline_reward_sine_Seed2_20260109_102818","0","finished","-","","baseline, minigrid, reward, sine","2026-01-10T11:31:11.000Z","10344","","1","False","0","[ True]","[[[[2 2 2 2 2 2 2]
   [2 2 2 2 2 2 2]
   [2 2 2 2 2 2 2]
   [2 1 1 1 1 1 1]
   [2 1 1 1 1 1 1]
   [2 1 1 6 1 1 1]
   [2 1 1 1 1 1 1]]

  [[5 5 5 5 5 5 5]
   [5 5 5 5 5 5 5]
   [5 5 5 5 5 5 5]
   [5 0 0 0 0 0 0]
   [5 0 0 0 0 0 0]
   [5 0 0 2 0 0 0]
   [5 0 0 0 0 0 0]]

  [[0 0 0 0 0 0 0]
   [0 0 0 0 0 0 0]
   [0 0 0 0 0 0 0]
   [0 0 0 0 0 0 0]
   [0 0 0 0 0 0 0]
   [0 0 0 0 0 0 0]
   [0 0 0 0 0 0 0]]]]","None","<stable_baselines3.common.logger.Logger object at 0x75d6b9f6b190>","0","0","100","500000","None","None","Discrete(3)","","false","PPO","","","64","","FloatSchedule(ConstantSchedule(val=0.2))","None","","","cuda","0","","sine","0.5","reward_scale","5000","MiniGrid-Dynamic-Obstacles-8x8-v0","","","deque([], maxlen=100)","deque([], maxlen=100)","0.95","0.99","","0.0003","","","FloatSchedule(ConstantSchedule(val=0.0003))","0.5","","","","1","10","128","True","","","","","","","","","","","","","","","","false","","","","","","","","","","","","","","","","","0","Box(0, 255, (3, 7, 7), uint8)","","","","","","","","","","","","","","","","","","","","","","","","","","","","","","","","","","","","","","","","","","","","","","","","","","","","","","","","","","","","","","","","","","","","","","","","","","","","","","","","","","","","","","","","","","","","","","","","","","","","","","","","","","","","","","","","","","","","","","","","","","","","","","","","","","","","","","","","","","","","","","","","","","","","","","","","","","","","","","","","","","","","","","","","","","","","","","","","","","","","","","","","","","","","","","","","","","","","","","","","","","","","","","","","","","","","","","","","","","","","","","","","","","","","","","","logs/","models/","videos/","ActorCriticPolicy(
  (features_extractor): FlattenExtractor(
    (flatten): Flatten(start_dim=1, end_dim=-1)
  )
  (pi_features_extractor): FlattenExtractor(
    (flatten): Flatten(start_dim=1, end_dim=-1)
  )
  (vf_features_extractor): FlattenExtractor(
    (flatten): Flatten(start_dim=1, end_dim=-1)
  )
  (mlp_extractor): MlpExtractor(
    (policy_net): Sequential(
      (0): Linear(in_features=147, out_features=64, bias=True)
      (1): Tanh()
      (2): Linear(in_features=64, out_features=64, bias=True)
      (3): Tanh()
    )
    (value_net): Sequential(
      (0): Linear(in_features=147, out_features=64, bias=True)
      (1): Tanh()
      (2): Linear(in_features=64, out_features=64, bias=True)
      (3): Tanh()
    )
  )
  (action_net): Linear(in_features=64, out_features=3, bias=True)
  (value_net): Linear(in_features=64, out_features=1, bias=True)
)","<class 'stable_baselines3.common.policies.ActorCriticPolicy'>","{}","","","","","<stable_baselines3.common.buffers.RolloutBuffer object at 0x75d702b15060>","<class 'stable_baselines3.common.buffers.RolloutBuffer'>","{}","-1","None","1768044681841558800","","None","","","logs/","PPO","64","","0.99","","0.0003","","128","2","","500000","","","False","","1","0.5","online","NSMDMPI_EXP","[""minigrid"",""baseline"",""sine"",""reward""]","500096","","","","","","","","","","","","","","","","256","48","","0","0","0.2","","","","-0.00021702338","-9.612884","0.0003","-1.228741e-7","-1.2759119e-8","6.79746e-11"
"MiniGrid_NSMDMPI_reward_sine_Seed0_20260109_102818","0","finished","-","","minigrid, nsmdmpi, reward, sine","2026-01-10T11:31:11.000Z","10355","","1","False","0","[ True]","[[[[2 2 2 2 2 2 2]
   [2 2 2 2 2 2 2]
   [2 2 2 2 2 2 2]
   [2 1 1 1 1 1 1]
   [2 1 1 1 1 1 6]
   [2 1 6 1 1 1 1]
   [2 1 1 1 1 1 1]]

  [[5 5 5 5 5 5 5]
   [5 5 5 5 5 5 5]
   [5 5 5 5 5 5 5]
   [5 0 0 0 0 0 0]
   [5 0 0 0 0 0 2]
   [5 0 2 0 0 0 0]
   [5 0 0 0 0 0 0]]

  [[0 0 0 0 0 0 0]
   [0 0 0 0 0 0 0]
   [0 0 0 0 0 0 0]
   [0 0 0 0 0 0 0]
   [0 0 0 0 0 0 0]
   [0 0 0 0 0 0 0]
   [0 0 0 0 0 0 0]]]]","None","<stable_baselines3.common.logger.Logger object at 0x7baf033b4af0>","0","0","100","500000","None","None","Discrete(3)","","false","PPO","","","64","","FloatSchedule(ConstantSchedule(val=0.2))","None","","","cuda","0","","sine","0.5","reward_scale","5000","MiniGrid-Dynamic-Obstacles-8x8-v0","","","deque([], maxlen=100)","deque([], maxlen=100)","0.95","0.99","","0.0003","","","FloatSchedule(ConstantSchedule(val=0.0003))","0.5","","","","1","10","128","True","1","0.5","1","0.5","true","false","0.01","budgets/","2","100","0.5","2","0.5","1000","0.06","true","0.99","true","0.2","0.35","0.05","true","1","5","0.2","100","0.1","0","0.7","true","0.3","1","0","Box(0, 255, (3, 7, 7), uint8)","","","","","","","","","","","","","","","","","","","","","","","","","","","","","","","","","","","","","","","","","","","","","","","","","","","","","","","","","","","","","","","","","","","","","","","","","","","","","","","","","","","","","","","","","","","","","","","","","","","","","","","","","","","","","","","","","","","","","","","","","","","","","","","","","","","","","","","","","","","","","","","","","","","","","","","","","","","","","","","","","","","","","","","","","","","","","","","","","","","","","","","","","","","","","","","","","","","","","","","","","","","","","","","","","","","","","","","","","","","","","","","","","","","","","","","logs/","models/","videos/","ActorCriticPolicy(
  (features_extractor): FlattenExtractor(
    (flatten): Flatten(start_dim=1, end_dim=-1)
  )
  (pi_features_extractor): FlattenExtractor(
    (flatten): Flatten(start_dim=1, end_dim=-1)
  )
  (vf_features_extractor): FlattenExtractor(
    (flatten): Flatten(start_dim=1, end_dim=-1)
  )
  (mlp_extractor): MlpExtractor(
    (policy_net): Sequential(
      (0): Linear(in_features=147, out_features=64, bias=True)
      (1): Tanh()
      (2): Linear(in_features=64, out_features=64, bias=True)
      (3): Tanh()
    )
    (value_net): Sequential(
      (0): Linear(in_features=147, out_features=64, bias=True)
      (1): Tanh()
      (2): Linear(in_features=64, out_features=64, bias=True)
      (3): Tanh()
    )
  )
  (action_net): Linear(in_features=64, out_features=3, bias=True)
  (value_net): Linear(in_features=64, out_features=1, bias=True)
)","<class 'stable_baselines3.common.policies.ActorCriticPolicy'>","{}","","","","","<stable_baselines3.common.buffers.RolloutBuffer object at 0x7baf6000d630>","<class 'stable_baselines3.common.buffers.RolloutBuffer'>","{}","-1","None","1768044681272018000","","None","","","logs/","PPO","64","","0.99","","0.0003","","128","0","","500000","","","False","","1","0.5","online","NSMDMPI_EXP","[""minigrid"",""nsmdmpi"",""sine"",""reward""]","500096","0","0","0","0","1","0.5","0.35","0","0.08160447","0","0.010408022","0.35","1.4309132","0.00020965633","0","256","48","","-4.8894435e-8","0","0.35","","","","-0.006088806","-6.237534","0.0003","-0.000063428895","2.3888424e-8","8.101849e-12"
"MiniGrid_NSMDMPI_reward_sine_Seed3_20260109_102818","-0.01886312","finished","-","","minigrid, nsmdmpi, reward, sine","2026-01-10T11:31:11.000Z","10357","","1","False","0","[ True]","[[[[2 2 2 2 2 2 2]
   [2 2 2 2 2 2 2]
   [2 2 2 2 2 2 2]
   [2 1 1 1 1 1 1]
   [2 1 1 1 1 1 1]
   [2 1 1 1 1 1 1]
   [2 1 1 1 1 1 1]]

  [[5 5 5 5 5 5 5]
   [5 5 5 5 5 5 5]
   [5 5 5 5 5 5 5]
   [5 0 0 0 0 0 0]
   [5 0 0 0 0 0 0]
   [5 0 0 0 0 0 0]
   [5 0 0 0 0 0 0]]

  [[0 0 0 0 0 0 0]
   [0 0 0 0 0 0 0]
   [0 0 0 0 0 0 0]
   [0 0 0 0 0 0 0]
   [0 0 0 0 0 0 0]
   [0 0 0 0 0 0 0]
   [0 0 0 0 0 0 0]]]]","None","<stable_baselines3.common.logger.Logger object at 0x7b01f21a9c60>","0","0","100","500000","None","None","Discrete(3)","","false","PPO","","","64","","FloatSchedule(ConstantSchedule(val=0.2))","None","","","cuda","0","","sine","0.5","reward_scale","5000","MiniGrid-Dynamic-Obstacles-8x8-v0","","","deque([], maxlen=100)","deque([], maxlen=100)","0.95","0.99","","0.0003","","","FloatSchedule(ConstantSchedule(val=0.0003))","0.5","","","","1","10","128","True","1","0.5","1","0.5","true","false","0.01","budgets/","2","100","0.5","2","0.5","1000","0.06","true","0.99","true","0.2","0.35","0.05","true","1","5","0.2","100","0.1","0","0.7","true","0.3","1","0","Box(0, 255, (3, 7, 7), uint8)","","","","","","","","","","","","","","","","","","","","","","","","","","","","","","","","","","","","","","","","","","","","","","","","","","","","","","","","","","","","","","","","","","","","","","","","","","","","","","","","","","","","","","","","","","","","","","","","","","","","","","","","","","","","","","","","","","","","","","","","","","","","","","","","","","","","","","","","","","","","","","","","","","","","","","","","","","","","","","","","","","","","","","","","","","","","","","","","","","","","","","","","","","","","","","","","","","","","","","","","","","","","","","","","","","","","","","","","","","","","","","","","","","","","","","","logs/","models/","videos/","ActorCriticPolicy(
  (features_extractor): FlattenExtractor(
    (flatten): Flatten(start_dim=1, end_dim=-1)
  )
  (pi_features_extractor): FlattenExtractor(
    (flatten): Flatten(start_dim=1, end_dim=-1)
  )
  (vf_features_extractor): FlattenExtractor(
    (flatten): Flatten(start_dim=1, end_dim=-1)
  )
  (mlp_extractor): MlpExtractor(
    (policy_net): Sequential(
      (0): Linear(in_features=147, out_features=64, bias=True)
      (1): Tanh()
      (2): Linear(in_features=64, out_features=64, bias=True)
      (3): Tanh()
    )
    (value_net): Sequential(
      (0): Linear(in_features=147, out_features=64, bias=True)
      (1): Tanh()
      (2): Linear(in_features=64, out_features=64, bias=True)
      (3): Tanh()
    )
  )
  (action_net): Linear(in_features=64, out_features=3, bias=True)
  (value_net): Linear(in_features=64, out_features=1, bias=True)
)","<class 'stable_baselines3.common.policies.ActorCriticPolicy'>","{}","","","","","<stable_baselines3.common.buffers.RolloutBuffer object at 0x7b0247730d30>","<class 'stable_baselines3.common.buffers.RolloutBuffer'>","{}","-1","None","1768044681886656000","","None","","","logs/","PPO","64","","0.99","","0.0003","","128","3","","500000","","","False","","1","0.5","online","NSMDMPI_EXP","[""minigrid"",""nsmdmpi"",""sine"",""reward""]","500096","0","0","0","0","1","0.5","0.35","0","0.08160447","0","0.010408022","0.35","1.4322493","0.00020946076","0","253.82","48","","0.000285028","0","0.35","","","","-0.44821277","-72.36178","0.0003","-0.0054835225","-0.00024746096","6.5472614e-7"
"MiniGrid_Baseline_reward_jump_Seed1_20260109_102818","0","finished","-","","baseline, jump, minigrid, reward","2026-01-10T11:31:11.000Z","10345","","1","False","0","[ True]","[[[[2 2 2 2 2 2 2]
   [2 2 2 2 2 2 2]
   [2 2 2 2 2 2 2]
   [2 6 1 1 6 1 1]
   [2 1 1 6 1 1 1]
   [2 1 1 1 1 1 1]
   [2 1 1 1 6 1 1]]

  [[5 5 5 5 5 5 5]
   [5 5 5 5 5 5 5]
   [5 5 5 5 5 5 5]
   [5 2 0 0 2 0 0]
   [5 0 0 2 0 0 0]
   [5 0 0 0 0 0 0]
   [5 0 0 0 2 0 0]]

  [[0 0 0 0 0 0 0]
   [0 0 0 0 0 0 0]
   [0 0 0 0 0 0 0]
   [0 0 0 0 0 0 0]
   [0 0 0 0 0 0 0]
   [0 0 0 0 0 0 0]
   [0 0 0 0 0 0 0]]]]","None","<stable_baselines3.common.logger.Logger object at 0x7cf0942ad4e0>","0","0","100","500000","None","None","Discrete(3)","","false","PPO","","","64","","FloatSchedule(ConstantSchedule(val=0.2))","None","","","cuda","0","","jump","0.7","reward_scale","5000","MiniGrid-Dynamic-Obstacles-8x8-v0","","","deque([], maxlen=100)","deque([], maxlen=100)","0.95","0.99","","0.0003","","","FloatSchedule(ConstantSchedule(val=0.0003))","0.5","","","","1","10","128","True","","","","","","","","","","","","","","","","false","","","","","","","","","","","","","","","","","0","Box(0, 255, (3, 7, 7), uint8)","","","","","","","","","","","","","","","","","","","","","","","","","","","","","","","","","","","","","","","","","","","","","","","","","","","","","","","","","","","","","","","","","","","","","","","","","","","","","","","","","","","","","","","","","","","","","","","","","","","","","","","","","","","","","","","","","","","","","","","","","","","","","","","","","","","","","","","","","","","","","","","","","","","","","","","","","","","","","","","","","","","","","","","","","","","","","","","","","","","","","","","","","","","","","","","","","","","","","","","","","","","","","","","","","","","","","","","","","","","","","","","","","","","","","","","logs/","models/","videos/","ActorCriticPolicy(
  (features_extractor): FlattenExtractor(
    (flatten): Flatten(start_dim=1, end_dim=-1)
  )
  (pi_features_extractor): FlattenExtractor(
    (flatten): Flatten(start_dim=1, end_dim=-1)
  )
  (vf_features_extractor): FlattenExtractor(
    (flatten): Flatten(start_dim=1, end_dim=-1)
  )
  (mlp_extractor): MlpExtractor(
    (policy_net): Sequential(
      (0): Linear(in_features=147, out_features=64, bias=True)
      (1): Tanh()
      (2): Linear(in_features=64, out_features=64, bias=True)
      (3): Tanh()
    )
    (value_net): Sequential(
      (0): Linear(in_features=147, out_features=64, bias=True)
      (1): Tanh()
      (2): Linear(in_features=64, out_features=64, bias=True)
      (3): Tanh()
    )
  )
  (action_net): Linear(in_features=64, out_features=3, bias=True)
  (value_net): Linear(in_features=64, out_features=1, bias=True)
)","<class 'stable_baselines3.common.policies.ActorCriticPolicy'>","{}","","","","","<stable_baselines3.common.buffers.RolloutBuffer object at 0x7cf0bc50d8d0>","<class 'stable_baselines3.common.buffers.RolloutBuffer'>","{}","-1","None","1768044681869134300","","None","","","logs/","PPO","64","","0.99","","0.0003","","128","1","","500000","","","False","","1","0.5","online","NSMDMPI_EXP","[""minigrid"",""baseline"",""jump"",""reward""]","500096","","","","","","","","","","","","","","","","256","48","","0","0","0.2","","","","-0.0011105315","-17.575487","0.0003","7.689752e-9","1.5646219e-8","4.883036e-10"
"MiniGrid_NSMDMPI_reward_jump_Seed1_20260109_102818","0.81068873","finished","-","","jump, minigrid, nsmdmpi, reward","2026-01-10T11:31:11.000Z","10355","","1","False","0","[ True]","[[[[2 2 2 2 2 2 2]
   [2 2 2 2 2 2 2]
   [2 2 2 2 2 2 2]
   [2 1 1 1 1 1 1]
   [2 6 1 1 1 1 1]
   [2 1 6 1 1 1 6]
   [2 1 6 1 1 1 1]]

  [[5 5 5 5 5 5 5]
   [5 5 5 5 5 5 5]
   [5 5 5 5 5 5 5]
   [5 0 0 0 0 0 0]
   [5 2 0 0 0 0 0]
   [5 0 2 0 0 0 2]
   [5 0 2 0 0 0 0]]

  [[0 0 0 0 0 0 0]
   [0 0 0 0 0 0 0]
   [0 0 0 0 0 0 0]
   [0 0 0 0 0 0 0]
   [0 0 0 0 0 0 0]
   [0 0 0 0 0 0 0]
   [0 0 0 0 0 0 0]]]]","None","<stable_baselines3.common.logger.Logger object at 0x7e109afae0e0>","0","0","100","500000","None","None","Discrete(3)","","false","PPO","","","64","","FloatSchedule(ConstantSchedule(val=0.2))","None","","","cuda","0","","jump","0.7","reward_scale","5000","MiniGrid-Dynamic-Obstacles-8x8-v0","","","deque([], maxlen=100)","deque([], maxlen=100)","0.95","0.99","","0.0003","","","FloatSchedule(ConstantSchedule(val=0.0003))","0.5","","","","1","10","128","True","1","0.5","1.5","0.75","true","false","0.01","budgets/","2","100","0.5","2","0.5","1000","0.06","true","0.99","true","0.2","0.35","0.05","true","1","5","0.2","100","0.1","0","0.7","true","0.3","1","0","Box(0, 255, (3, 7, 7), uint8)","","","","","","","","","","","","","","","","","","","","","","","","","","","","","","","","","","","","","","","","","","","","","","","","","","","","","","","","","","","","","","","","","","","","","","","","","","","","","","","","","","","","","","","","","","","","","","","","","","","","","","","","","","","","","","","","","","","","","","","","","","","","","","","","","","","","","","","","","","","","","","","","","","","","","","","","","","","","","","","","","","","","","","","","","","","","","","","","","","","","","","","","","","","","","","","","","","","","","","","","","","","","","","","","","","","","","","","","","","","","","","","","","","","","","","","logs/","models/","videos/","ActorCriticPolicy(
  (features_extractor): FlattenExtractor(
    (flatten): Flatten(start_dim=1, end_dim=-1)
  )
  (pi_features_extractor): FlattenExtractor(
    (flatten): Flatten(start_dim=1, end_dim=-1)
  )
  (vf_features_extractor): FlattenExtractor(
    (flatten): Flatten(start_dim=1, end_dim=-1)
  )
  (mlp_extractor): MlpExtractor(
    (policy_net): Sequential(
      (0): Linear(in_features=147, out_features=64, bias=True)
      (1): Tanh()
      (2): Linear(in_features=64, out_features=64, bias=True)
      (3): Tanh()
    )
    (value_net): Sequential(
      (0): Linear(in_features=147, out_features=64, bias=True)
      (1): Tanh()
      (2): Linear(in_features=64, out_features=64, bias=True)
      (3): Tanh()
    )
  )
  (action_net): Linear(in_features=64, out_features=3, bias=True)
  (value_net): Linear(in_features=64, out_features=1, bias=True)
)","<class 'stable_baselines3.common.policies.ActorCriticPolicy'>","{}","","","","","<stable_baselines3.common.buffers.RolloutBuffer object at 0x7e10e3321660>","<class 'stable_baselines3.common.buffers.RolloutBuffer'>","{}","-1","None","1768044680659946000","","None","","","logs/","PPO","64","","0.99","","0.0003","","128","1","","500000","","","False","","1","0.5","online","NSMDMPI_EXP","[""minigrid"",""nsmdmpi"",""jump"",""reward""]","500096","0","0","0","0","1","0.75","0.35","0","0.7","0.044950057","0.014399001","0.35","1.9814609","0.00015140345","0","25.17","48","","0.03909904","0.034375","0.35","","","","-0.5605648","-0.020871997","0.0003","0.16638559","-0.0016525454","0.2817717"
"MiniGrid_NSMDMPI_reward_sine_Seed2_20260109_102818","-0.0442816","finished","-","","minigrid, nsmdmpi, reward, sine","2026-01-10T11:31:11.000Z","10356","","1","False","0","[ True]","[[[[2 2 2 2 2 2 2]
   [2 2 2 2 2 2 2]
   [2 2 2 2 2 2 2]
   [2 1 1 1 1 1 1]
   [2 1 6 1 1 1 1]
   [2 6 1 6 1 1 1]
   [2 1 1 1 1 6 1]]

  [[5 5 5 5 5 5 5]
   [5 5 5 5 5 5 5]
   [5 5 5 5 5 5 5]
   [5 0 0 0 0 0 0]
   [5 0 2 0 0 0 0]
   [5 2 0 2 0 0 0]
   [5 0 0 0 0 2 0]]

  [[0 0 0 0 0 0 0]
   [0 0 0 0 0 0 0]
   [0 0 0 0 0 0 0]
   [0 0 0 0 0 0 0]
   [0 0 0 0 0 0 0]
   [0 0 0 0 0 0 0]
   [0 0 0 0 0 0 0]]]]","None","<stable_baselines3.common.logger.Logger object at 0x78665f8dd780>","0","0","100","500000","None","None","Discrete(3)","","false","PPO","","","64","","FloatSchedule(ConstantSchedule(val=0.2))","None","","","cuda","0","","sine","0.5","reward_scale","5000","MiniGrid-Dynamic-Obstacles-8x8-v0","","","deque([], maxlen=100)","deque([], maxlen=100)","0.95","0.99","","0.0003","","","FloatSchedule(ConstantSchedule(val=0.0003))","0.5","","","","1","10","128","True","1","0.5","1","0.5","true","false","0.01","budgets/","2","100","0.5","2","0.5","1000","0.06","true","0.99","true","0.2","0.35","0.05","true","1","5","0.2","100","0.1","0","0.7","true","0.3","1","0","Box(0, 255, (3, 7, 7), uint8)","","","","","","","","","","","","","","","","","","","","","","","","","","","","","","","","","","","","","","","","","","","","","","","","","","","","","","","","","","","","","","","","","","","","","","","","","","","","","","","","","","","","","","","","","","","","","","","","","","","","","","","","","","","","","","","","","","","","","","","","","","","","","","","","","","","","","","","","","","","","","","","","","","","","","","","","","","","","","","","","","","","","","","","","","","","","","","","","","","","","","","","","","","","","","","","","","","","","","","","","","","","","","","","","","","","","","","","","","","","","","","","","","","","","","","","logs/","models/","videos/","ActorCriticPolicy(
  (features_extractor): FlattenExtractor(
    (flatten): Flatten(start_dim=1, end_dim=-1)
  )
  (pi_features_extractor): FlattenExtractor(
    (flatten): Flatten(start_dim=1, end_dim=-1)
  )
  (vf_features_extractor): FlattenExtractor(
    (flatten): Flatten(start_dim=1, end_dim=-1)
  )
  (mlp_extractor): MlpExtractor(
    (policy_net): Sequential(
      (0): Linear(in_features=147, out_features=64, bias=True)
      (1): Tanh()
      (2): Linear(in_features=64, out_features=64, bias=True)
      (3): Tanh()
    )
    (value_net): Sequential(
      (0): Linear(in_features=147, out_features=64, bias=True)
      (1): Tanh()
      (2): Linear(in_features=64, out_features=64, bias=True)
      (3): Tanh()
    )
  )
  (action_net): Linear(in_features=64, out_features=3, bias=True)
  (value_net): Linear(in_features=64, out_features=1, bias=True)
)","<class 'stable_baselines3.common.policies.ActorCriticPolicy'>","{}","","","","","<stable_baselines3.common.buffers.RolloutBuffer object at 0x7866a3f2d330>","<class 'stable_baselines3.common.buffers.RolloutBuffer'>","{}","-1","None","1768044681712136200","","None","","","logs/","PPO","64","","0.99","","0.0003","","128","2","","500000","","","False","","1","0.5","online","NSMDMPI_EXP","[""minigrid"",""nsmdmpi"",""sine"",""reward""]","500096","0","0","0","0","1","0.5","0.35","0","0.08160447","0","0.010408022","0.35","1.4309132","0.00020965633","0","249.93","48","","1.3504177e-8","0","0.35","","","","-0.008015513","-2.0924845","0.0003","-0.00008494316","-0.0000027219298","0.0000016559151"
"MiniGrid_NSMDMPI_reward_sine_Seed1_20260109_102818","0","finished","-","","minigrid, nsmdmpi, reward, sine","2026-01-10T11:31:11.000Z","10357","","1","False","0","[ True]","[[[[2 2 2 2 2 2 2]
   [2 2 2 2 2 2 2]
   [2 2 2 2 2 2 2]
   [2 6 1 6 1 1 1]
   [2 1 6 1 1 1 1]
   [2 1 1 1 1 1 1]
   [2 1 1 1 1 6 1]]

  [[5 5 5 5 5 5 5]
   [5 5 5 5 5 5 5]
   [5 5 5 5 5 5 5]
   [5 2 0 2 0 0 0]
   [5 0 2 0 0 0 0]
   [5 0 0 0 0 0 0]
   [5 0 0 0 0 2 0]]

  [[0 0 0 0 0 0 0]
   [0 0 0 0 0 0 0]
   [0 0 0 0 0 0 0]
   [0 0 0 0 0 0 0]
   [0 0 0 0 0 0 0]
   [0 0 0 0 0 0 0]
   [0 0 0 0 0 0 0]]]]","None","<stable_baselines3.common.logger.Logger object at 0x702dd0fc3d30>","0","0","100","500000","None","None","Discrete(3)","","false","PPO","","","64","","FloatSchedule(ConstantSchedule(val=0.2))","None","","","cuda","0","","sine","0.5","reward_scale","5000","MiniGrid-Dynamic-Obstacles-8x8-v0","","","deque([], maxlen=100)","deque([], maxlen=100)","0.95","0.99","","0.0003","","","FloatSchedule(ConstantSchedule(val=0.0003))","0.5","","","","1","10","128","True","1","0.5","1","0.5","true","false","0.01","budgets/","2","100","0.5","2","0.5","1000","0.06","true","0.99","true","0.2","0.35","0.05","true","1","5","0.2","100","0.1","0","0.7","true","0.3","1","0","Box(0, 255, (3, 7, 7), uint8)","","","","","","","","","","","","","","","","","","","","","","","","","","","","","","","","","","","","","","","","","","","","","","","","","","","","","","","","","","","","","","","","","","","","","","","","","","","","","","","","","","","","","","","","","","","","","","","","","","","","","","","","","","","","","","","","","","","","","","","","","","","","","","","","","","","","","","","","","","","","","","","","","","","","","","","","","","","","","","","","","","","","","","","","","","","","","","","","","","","","","","","","","","","","","","","","","","","","","","","","","","","","","","","","","","","","","","","","","","","","","","","","","","","","","","","logs/","models/","videos/","ActorCriticPolicy(
  (features_extractor): FlattenExtractor(
    (flatten): Flatten(start_dim=1, end_dim=-1)
  )
  (pi_features_extractor): FlattenExtractor(
    (flatten): Flatten(start_dim=1, end_dim=-1)
  )
  (vf_features_extractor): FlattenExtractor(
    (flatten): Flatten(start_dim=1, end_dim=-1)
  )
  (mlp_extractor): MlpExtractor(
    (policy_net): Sequential(
      (0): Linear(in_features=147, out_features=64, bias=True)
      (1): Tanh()
      (2): Linear(in_features=64, out_features=64, bias=True)
      (3): Tanh()
    )
    (value_net): Sequential(
      (0): Linear(in_features=147, out_features=64, bias=True)
      (1): Tanh()
      (2): Linear(in_features=64, out_features=64, bias=True)
      (3): Tanh()
    )
  )
  (action_net): Linear(in_features=64, out_features=3, bias=True)
  (value_net): Linear(in_features=64, out_features=1, bias=True)
)","<class 'stable_baselines3.common.policies.ActorCriticPolicy'>","{}","","","","","<stable_baselines3.common.buffers.RolloutBuffer object at 0x702de891d330>","<class 'stable_baselines3.common.buffers.RolloutBuffer'>","{}","-1","None","1768044681897645300","","None","","","logs/","PPO","64","","0.99","","0.0003","","128","1","","500000","","","False","","1","0.5","online","NSMDMPI_EXP","[""minigrid"",""nsmdmpi"",""sine"",""reward""]","500096","0","0","0","0","1","0.5","0.35","0","0.08160447","0","0.010408022","0.35","1.4309132","0.00020965633","0","256","48","","-6.9849193e-9","0","0.35","","","","-0.0020766188","-19.918947","0.0003","-0.00002173024","-6.938353e-9","2.2618423e-8"
"MiniGrid_Baseline_reward_jump_Seed2_20260109_102818","0","finished","-","","baseline, jump, minigrid, reward","2026-01-10T11:31:11.000Z","10342","","1","False","0","[ True]","[[[[2 2 2 2 2 2 2]
   [2 2 2 2 2 2 2]
   [2 2 2 2 2 2 2]
   [2 6 1 1 6 1 1]
   [2 1 1 1 1 1 1]
   [2 1 1 1 1 6 1]
   [2 1 1 1 1 1 1]]

  [[5 5 5 5 5 5 5]
   [5 5 5 5 5 5 5]
   [5 5 5 5 5 5 5]
   [5 2 0 0 2 0 0]
   [5 0 0 0 0 0 0]
   [5 0 0 0 0 2 0]
   [5 0 0 0 0 0 0]]

  [[0 0 0 0 0 0 0]
   [0 0 0 0 0 0 0]
   [0 0 0 0 0 0 0]
   [0 0 0 0 0 0 0]
   [0 0 0 0 0 0 0]
   [0 0 0 0 0 0 0]
   [0 0 0 0 0 0 0]]]]","None","<stable_baselines3.common.logger.Logger object at 0x7df73d04bc70>","0","0","100","500000","None","None","Discrete(3)","","false","PPO","","","64","","FloatSchedule(ConstantSchedule(val=0.2))","None","","","cuda","0","","jump","0.7","reward_scale","5000","MiniGrid-Dynamic-Obstacles-8x8-v0","","","deque([], maxlen=100)","deque([], maxlen=100)","0.95","0.99","","0.0003","","","FloatSchedule(ConstantSchedule(val=0.0003))","0.5","","","","1","10","128","True","","","","","","","","","","","","","","","","false","","","","","","","","","","","","","","","","","0","Box(0, 255, (3, 7, 7), uint8)","","","","","","","","","","","","","","","","","","","","","","","","","","","","","","","","","","","","","","","","","","","","","","","","","","","","","","","","","","","","","","","","","","","","","","","","","","","","","","","","","","","","","","","","","","","","","","","","","","","","","","","","","","","","","","","","","","","","","","","","","","","","","","","","","","","","","","","","","","","","","","","","","","","","","","","","","","","","","","","","","","","","","","","","","","","","","","","","","","","","","","","","","","","","","","","","","","","","","","","","","","","","","","","","","","","","","","","","","","","","","","","","","","","","","","","logs/","models/","videos/","ActorCriticPolicy(
  (features_extractor): FlattenExtractor(
    (flatten): Flatten(start_dim=1, end_dim=-1)
  )
  (pi_features_extractor): FlattenExtractor(
    (flatten): Flatten(start_dim=1, end_dim=-1)
  )
  (vf_features_extractor): FlattenExtractor(
    (flatten): Flatten(start_dim=1, end_dim=-1)
  )
  (mlp_extractor): MlpExtractor(
    (policy_net): Sequential(
      (0): Linear(in_features=147, out_features=64, bias=True)
      (1): Tanh()
      (2): Linear(in_features=64, out_features=64, bias=True)
      (3): Tanh()
    )
    (value_net): Sequential(
      (0): Linear(in_features=147, out_features=64, bias=True)
      (1): Tanh()
      (2): Linear(in_features=64, out_features=64, bias=True)
      (3): Tanh()
    )
  )
  (action_net): Linear(in_features=64, out_features=3, bias=True)
  (value_net): Linear(in_features=64, out_features=1, bias=True)
)","<class 'stable_baselines3.common.policies.ActorCriticPolicy'>","{}","","","","","<stable_baselines3.common.buffers.RolloutBuffer object at 0x7df76570ce80>","<class 'stable_baselines3.common.buffers.RolloutBuffer'>","{}","-1","None","1768044680299122000","","None","","","logs/","PPO","64","","0.99","","0.0003","","128","2","","500000","","","False","","1","0.5","online","NSMDMPI_EXP","[""minigrid"",""baseline"",""jump"",""reward""]","500096","","","","","","","","","","","","","","","","256","48","","0","0","0.2","","","","-0.00031607685","-32.577995","0.0003","-2.2310779e-8","-8.800998e-9","1.2438735e-10"
"MiniGrid_NSMDMPI_reward_jump_Seed0_20260109_102818","-0.3009258","finished","-","","jump, minigrid, nsmdmpi, reward","2026-01-10T11:31:11.000Z","10355","","1","False","0","[ True]","[[[[2 2 2 2 2 2 2]
   [2 2 2 2 2 2 2]
   [2 2 2 2 2 2 2]
   [2 1 1 1 1 6 1]
   [2 1 1 1 6 1 1]
   [2 1 1 1 1 1 1]
   [2 1 1 1 6 1 1]]

  [[5 5 5 5 5 5 5]
   [5 5 5 5 5 5 5]
   [5 5 5 5 5 5 5]
   [5 0 0 0 0 2 0]
   [5 0 0 0 2 0 0]
   [5 0 0 0 0 0 0]
   [5 0 0 0 2 0 0]]

  [[0 0 0 0 0 0 0]
   [0 0 0 0 0 0 0]
   [0 0 0 0 0 0 0]
   [0 0 0 0 0 0 0]
   [0 0 0 0 0 0 0]
   [0 0 0 0 0 0 0]
   [0 0 0 0 0 0 0]]]]","None","<stable_baselines3.common.logger.Logger object at 0x7d808a27ca00>","0","0","100","500000","None","None","Discrete(3)","","false","PPO","","","64","","FloatSchedule(ConstantSchedule(val=0.2))","None","","","cuda","0","","jump","0.7","reward_scale","5000","MiniGrid-Dynamic-Obstacles-8x8-v0","","","deque([], maxlen=100)","deque([], maxlen=100)","0.95","0.99","","0.0003","","","FloatSchedule(ConstantSchedule(val=0.0003))","0.5","","","","1","10","128","True","1","0.5","1.5","0.75","true","false","0.01","budgets/","2","100","0.5","2","0.5","1000","0.06","true","0.99","true","0.2","0.35","0.05","true","1","5","0.2","100","0.1","0","0.7","true","0.3","1","0","Box(0, 255, (3, 7, 7), uint8)","","","","","","","","","","","","","","","","","","","","","","","","","","","","","","","","","","","","","","","","","","","","","","","","","","","","","","","","","","","","","","","","","","","","","","","","","","","","","","","","","","","","","","","","","","","","","","","","","","","","","","","","","","","","","","","","","","","","","","","","","","","","","","","","","","","","","","","","","","","","","","","","","","","","","","","","","","","","","","","","","","","","","","","","","","","","","","","","","","","","","","","","","","","","","","","","","","","","","","","","","","","","","","","","","","","","","","","","","","","","","","","","","","","","","","","logs/","models/","videos/","ActorCriticPolicy(
  (features_extractor): FlattenExtractor(
    (flatten): Flatten(start_dim=1, end_dim=-1)
  )
  (pi_features_extractor): FlattenExtractor(
    (flatten): Flatten(start_dim=1, end_dim=-1)
  )
  (vf_features_extractor): FlattenExtractor(
    (flatten): Flatten(start_dim=1, end_dim=-1)
  )
  (mlp_extractor): MlpExtractor(
    (policy_net): Sequential(
      (0): Linear(in_features=147, out_features=64, bias=True)
      (1): Tanh()
      (2): Linear(in_features=64, out_features=64, bias=True)
      (3): Tanh()
    )
    (value_net): Sequential(
      (0): Linear(in_features=147, out_features=64, bias=True)
      (1): Tanh()
      (2): Linear(in_features=64, out_features=64, bias=True)
      (3): Tanh()
    )
  )
  (action_net): Linear(in_features=64, out_features=3, bias=True)
  (value_net): Linear(in_features=64, out_features=1, bias=True)
)","<class 'stable_baselines3.common.policies.ActorCriticPolicy'>","{}","","","","","<stable_baselines3.common.buffers.RolloutBuffer object at 0x7d80df30cfd0>","<class 'stable_baselines3.common.buffers.RolloutBuffer'>","{}","-1","None","1768044681877327600","","None","","","logs/","PPO","64","","0.99","","0.0003","","128","0","","500000","","","False","","1","0.5","online","NSMDMPI_EXP","[""minigrid"",""nsmdmpi"",""jump"",""reward""]","500096","0","0","0","0","1","0.75","0.35","0","0.7","0","0.0135","0.35","1.9543896","0.00015350063","0","193.84","48","","0.00018330524","0","0.35","","","","-0.6946888","-37.88546","0.0003","-0.007985496","-0.00027096848","0.000002680206"
"MiniGrid_Baseline_reward_sine_Seed4_20260109_102818","0","finished","-","","baseline, minigrid, reward, sine","2026-01-10T11:31:11.000Z","10344","","1","False","0","[ True]","[[[[2 2 2 2 2 2 2]
   [2 2 2 2 2 2 2]
   [2 2 2 2 2 2 2]
   [2 1 1 1 6 1 1]
   [2 6 1 1 1 1 6]
   [2 1 1 1 1 1 1]
   [2 1 1 1 1 1 1]]

  [[5 5 5 5 5 5 5]
   [5 5 5 5 5 5 5]
   [5 5 5 5 5 5 5]
   [5 0 0 0 2 0 0]
   [5 2 0 0 0 0 2]
   [5 0 0 0 0 0 0]
   [5 0 0 0 0 0 0]]

  [[0 0 0 0 0 0 0]
   [0 0 0 0 0 0 0]
   [0 0 0 0 0 0 0]
   [0 0 0 0 0 0 0]
   [0 0 0 0 0 0 0]
   [0 0 0 0 0 0 0]
   [0 0 0 0 0 0 0]]]]","None","<stable_baselines3.common.logger.Logger object at 0x79d7147c6f80>","0","0","100","500000","None","None","Discrete(3)","","false","PPO","","","64","","FloatSchedule(ConstantSchedule(val=0.2))","None","","","cuda","0","","sine","0.5","reward_scale","5000","MiniGrid-Dynamic-Obstacles-8x8-v0","","","deque([], maxlen=100)","deque([], maxlen=100)","0.95","0.99","","0.0003","","","FloatSchedule(ConstantSchedule(val=0.0003))","0.5","","","","1","10","128","True","","","","","","","","","","","","","","","","false","","","","","","","","","","","","","","","","","0","Box(0, 255, (3, 7, 7), uint8)","","","","","","","","","","","","","","","","","","","","","","","","","","","","","","","","","","","","","","","","","","","","","","","","","","","","","","","","","","","","","","","","","","","","","","","","","","","","","","","","","","","","","","","","","","","","","","","","","","","","","","","","","","","","","","","","","","","","","","","","","","","","","","","","","","","","","","","","","","","","","","","","","","","","","","","","","","","","","","","","","","","","","","","","","","","","","","","","","","","","","","","","","","","","","","","","","","","","","","","","","","","","","","","","","","","","","","","","","","","","","","","","","","","","","","","logs/","models/","videos/","ActorCriticPolicy(
  (features_extractor): FlattenExtractor(
    (flatten): Flatten(start_dim=1, end_dim=-1)
  )
  (pi_features_extractor): FlattenExtractor(
    (flatten): Flatten(start_dim=1, end_dim=-1)
  )
  (vf_features_extractor): FlattenExtractor(
    (flatten): Flatten(start_dim=1, end_dim=-1)
  )
  (mlp_extractor): MlpExtractor(
    (policy_net): Sequential(
      (0): Linear(in_features=147, out_features=64, bias=True)
      (1): Tanh()
      (2): Linear(in_features=64, out_features=64, bias=True)
      (3): Tanh()
    )
    (value_net): Sequential(
      (0): Linear(in_features=147, out_features=64, bias=True)
      (1): Tanh()
      (2): Linear(in_features=64, out_features=64, bias=True)
      (3): Tanh()
    )
  )
  (action_net): Linear(in_features=64, out_features=3, bias=True)
  (value_net): Linear(in_features=64, out_features=1, bias=True)
)","<class 'stable_baselines3.common.policies.ActorCriticPolicy'>","{}","","","","","<stable_baselines3.common.buffers.RolloutBuffer object at 0x79d73c325300>","<class 'stable_baselines3.common.buffers.RolloutBuffer'>","{}","-1","None","1768044681908235800","","None","","","logs/","PPO","64","","0.99","","0.0003","","128","4","","500000","","","False","","1","0.5","online","NSMDMPI_EXP","[""minigrid"",""baseline"",""sine"",""reward""]","500096","","","","","","","","","","","","","","","","256","48","","0","0","0.2","","","","-0.00007289107","-25.739721","0.0003","5.960637e-8","1.4901161e-9","2.3827204e-11"
"MiniGrid_Baseline_reward_sine_Seed3_20260109_102818","0","finished","-","","baseline, minigrid, reward, sine","2026-01-10T11:31:11.000Z","10344","","1","False","0","[ True]","[[[[2 2 2 2 2 2 2]
   [2 2 2 2 2 2 2]
   [2 2 2 2 2 2 2]
   [2 1 1 1 6 1 1]
   [2 1 6 1 1 1 1]
   [2 1 1 1 1 1 1]
   [2 1 1 1 6 1 1]]

  [[5 5 5 5 5 5 5]
   [5 5 5 5 5 5 5]
   [5 5 5 5 5 5 5]
   [5 0 0 0 2 0 0]
   [5 0 2 0 0 0 0]
   [5 0 0 0 0 0 0]
   [5 0 0 0 2 0 0]]

  [[0 0 0 0 0 0 0]
   [0 0 0 0 0 0 0]
   [0 0 0 0 0 0 0]
   [0 0 0 0 0 0 0]
   [0 0 0 0 0 0 0]
   [0 0 0 0 0 0 0]
   [0 0 0 0 0 0 0]]]]","None","<stable_baselines3.common.logger.Logger object at 0x736b1e15d660>","0","0","100","500000","None","None","Discrete(3)","","false","PPO","","","64","","FloatSchedule(ConstantSchedule(val=0.2))","None","","","cuda","0","","sine","0.5","reward_scale","5000","MiniGrid-Dynamic-Obstacles-8x8-v0","","","deque([], maxlen=100)","deque([], maxlen=100)","0.95","0.99","","0.0003","","","FloatSchedule(ConstantSchedule(val=0.0003))","0.5","","","","1","10","128","True","","","","","","","","","","","","","","","","false","","","","","","","","","","","","","","","","","0","Box(0, 255, (3, 7, 7), uint8)","","","","","","","","","","","","","","","","","","","","","","","","","","","","","","","","","","","","","","","","","","","","","","","","","","","","","","","","","","","","","","","","","","","","","","","","","","","","","","","","","","","","","","","","","","","","","","","","","","","","","","","","","","","","","","","","","","","","","","","","","","","","","","","","","","","","","","","","","","","","","","","","","","","","","","","","","","","","","","","","","","","","","","","","","","","","","","","","","","","","","","","","","","","","","","","","","","","","","","","","","","","","","","","","","","","","","","","","","","","","","","","","","","","","","","","logs/","models/","videos/","ActorCriticPolicy(
  (features_extractor): FlattenExtractor(
    (flatten): Flatten(start_dim=1, end_dim=-1)
  )
  (pi_features_extractor): FlattenExtractor(
    (flatten): Flatten(start_dim=1, end_dim=-1)
  )
  (vf_features_extractor): FlattenExtractor(
    (flatten): Flatten(start_dim=1, end_dim=-1)
  )
  (mlp_extractor): MlpExtractor(
    (policy_net): Sequential(
      (0): Linear(in_features=147, out_features=64, bias=True)
      (1): Tanh()
      (2): Linear(in_features=64, out_features=64, bias=True)
      (3): Tanh()
    )
    (value_net): Sequential(
      (0): Linear(in_features=147, out_features=64, bias=True)
      (1): Tanh()
      (2): Linear(in_features=64, out_features=64, bias=True)
      (3): Tanh()
    )
  )
  (action_net): Linear(in_features=64, out_features=3, bias=True)
  (value_net): Linear(in_features=64, out_features=1, bias=True)
)","<class 'stable_baselines3.common.policies.ActorCriticPolicy'>","{}","","","","","<stable_baselines3.common.buffers.RolloutBuffer object at 0x736b6631d000>","<class 'stable_baselines3.common.buffers.RolloutBuffer'>","{}","-1","None","1768044681786518800","","None","","","logs/","PPO","64","","0.99","","0.0003","","128","3","","500000","","","False","","1","0.5","online","NSMDMPI_EXP","[""minigrid"",""baseline"",""sine"",""reward""]","500096","","","","","","","","","","","","","","","","256","48","","0","0","0.2","","","","-0.000090351976","-3.2323685","0.0003","5.964365e-8","-1.2898818e-7","4.1846668e-10"
"MiniGrid_NSMDMPI_reward_sine_Seed4_20260109_102818","0","finished","-","","minigrid, nsmdmpi, reward, sine","2026-01-10T11:31:11.000Z","10358","","1","False","0","[ True]","[[[[2 2 2 2 2 2 2]
   [2 2 2 2 2 2 2]
   [2 2 2 2 2 2 2]
   [2 6 1 1 1 1 1]
   [2 1 1 1 1 1 1]
   [2 1 1 1 1 6 1]
   [2 1 1 1 1 1 1]]

  [[5 5 5 5 5 5 5]
   [5 5 5 5 5 5 5]
   [5 5 5 5 5 5 5]
   [5 2 0 0 0 0 0]
   [5 0 0 0 0 0 0]
   [5 0 0 0 0 2 0]
   [5 0 0 0 0 0 0]]

  [[0 0 0 0 0 0 0]
   [0 0 0 0 0 0 0]
   [0 0 0 0 0 0 0]
   [0 0 0 0 0 0 0]
   [0 0 0 0 0 0 0]
   [0 0 0 0 0 0 0]
   [0 0 0 0 0 0 0]]]]","None","<stable_baselines3.common.logger.Logger object at 0x785bbd66e0e0>","0","0","100","500000","None","None","Discrete(3)","","false","PPO","","","64","","FloatSchedule(ConstantSchedule(val=0.2))","None","","","cuda","0","","sine","0.5","reward_scale","5000","MiniGrid-Dynamic-Obstacles-8x8-v0","","","deque([], maxlen=100)","deque([], maxlen=100)","0.95","0.99","","0.0003","","","FloatSchedule(ConstantSchedule(val=0.0003))","0.5","","","","1","10","128","True","1","0.5","1","0.5","true","false","0.01","budgets/","2","100","0.5","2","0.5","1000","0.06","true","0.99","true","0.2","0.35","0.05","true","1","5","0.2","100","0.1","0","0.7","true","0.3","1","0","Box(0, 255, (3, 7, 7), uint8)","","","","","","","","","","","","","","","","","","","","","","","","","","","","","","","","","","","","","","","","","","","","","","","","","","","","","","","","","","","","","","","","","","","","","","","","","","","","","","","","","","","","","","","","","","","","","","","","","","","","","","","","","","","","","","","","","","","","","","","","","","","","","","","","","","","","","","","","","","","","","","","","","","","","","","","","","","","","","","","","","","","","","","","","","","","","","","","","","","","","","","","","","","","","","","","","","","","","","","","","","","","","","","","","","","","","","","","","","","","","","","","","","","","","","","","logs/","models/","videos/","ActorCriticPolicy(
  (features_extractor): FlattenExtractor(
    (flatten): Flatten(start_dim=1, end_dim=-1)
  )
  (pi_features_extractor): FlattenExtractor(
    (flatten): Flatten(start_dim=1, end_dim=-1)
  )
  (vf_features_extractor): FlattenExtractor(
    (flatten): Flatten(start_dim=1, end_dim=-1)
  )
  (mlp_extractor): MlpExtractor(
    (policy_net): Sequential(
      (0): Linear(in_features=147, out_features=64, bias=True)
      (1): Tanh()
      (2): Linear(in_features=64, out_features=64, bias=True)
      (3): Tanh()
    )
    (value_net): Sequential(
      (0): Linear(in_features=147, out_features=64, bias=True)
      (1): Tanh()
      (2): Linear(in_features=64, out_features=64, bias=True)
      (3): Tanh()
    )
  )
  (action_net): Linear(in_features=64, out_features=3, bias=True)
  (value_net): Linear(in_features=64, out_features=1, bias=True)
)","<class 'stable_baselines3.common.policies.ActorCriticPolicy'>","{}","","","","","<stable_baselines3.common.buffers.RolloutBuffer object at 0x785c12310820>","<class 'stable_baselines3.common.buffers.RolloutBuffer'>","{}","-1","None","1768044681466816000","","None","","","logs/","PPO","64","","0.99","","0.0003","","128","4","","500000","","","False","","1","0.5","online","NSMDMPI_EXP","[""minigrid"",""nsmdmpi"",""sine"",""reward""]","500096","0","0","0","0","1","0.5","0.35","0","0.08160447","0","0.010408022","0.35","1.4309132","0.00020965633","0","256","48","","1.4901161e-8","0","0.35","","","","-0.023485728","-37.25604","0.0003","-0.00024582722","-1.0337681e-8","7.317426e-8"
"MiniGrid_Baseline_reward_jump_Seed0_20260109_102818","0","finished","-","","baseline, jump, minigrid, reward","2026-01-10T11:31:10.000Z","10347","","1","False","0","[ True]","[[[[2 2 2 2 2 2 2]
   [2 2 2 2 2 2 2]
   [2 2 2 2 2 2 2]
   [2 1 1 1 1 1 1]
   [2 1 1 1 1 1 6]
   [2 1 6 1 1 6 1]
   [2 1 1 1 1 1 1]]

  [[5 5 5 5 5 5 5]
   [5 5 5 5 5 5 5]
   [5 5 5 5 5 5 5]
   [5 0 0 0 0 0 0]
   [5 0 0 0 0 0 2]
   [5 0 2 0 0 2 0]
   [5 0 0 0 0 0 0]]

  [[0 0 0 0 0 0 0]
   [0 0 0 0 0 0 0]
   [0 0 0 0 0 0 0]
   [0 0 0 0 0 0 0]
   [0 0 0 0 0 0 0]
   [0 0 0 0 0 0 0]
   [0 0 0 0 0 0 0]]]]","None","<stable_baselines3.common.logger.Logger object at 0x72b3122b9480>","0","0","100","500000","None","None","Discrete(3)","","false","PPO","","","64","","FloatSchedule(ConstantSchedule(val=0.2))","None","","","cuda","0","","jump","0.7","reward_scale","5000","MiniGrid-Dynamic-Obstacles-8x8-v0","","","deque([], maxlen=100)","deque([], maxlen=100)","0.95","0.99","","0.0003","","","FloatSchedule(ConstantSchedule(val=0.0003))","0.5","","","","1","10","128","True","","","","","","","","","","","","","","","","false","","","","","","","","","","","","","","","","","0","Box(0, 255, (3, 7, 7), uint8)","","","","","","","","","","","","","","","","","","","","","","","","","","","","","","","","","","","","","","","","","","","","","","","","","","","","","","","","","","","","","","","","","","","","","","","","","","","","","","","","","","","","","","","","","","","","","","","","","","","","","","","","","","","","","","","","","","","","","","","","","","","","","","","","","","","","","","","","","","","","","","","","","","","","","","","","","","","","","","","","","","","","","","","","","","","","","","","","","","","","","","","","","","","","","","","","","","","","","","","","","","","","","","","","","","","","","","","","","","","","","","","","","","","","","","","logs/","models/","videos/","ActorCriticPolicy(
  (features_extractor): FlattenExtractor(
    (flatten): Flatten(start_dim=1, end_dim=-1)
  )
  (pi_features_extractor): FlattenExtractor(
    (flatten): Flatten(start_dim=1, end_dim=-1)
  )
  (vf_features_extractor): FlattenExtractor(
    (flatten): Flatten(start_dim=1, end_dim=-1)
  )
  (mlp_extractor): MlpExtractor(
    (policy_net): Sequential(
      (0): Linear(in_features=147, out_features=64, bias=True)
      (1): Tanh()
      (2): Linear(in_features=64, out_features=64, bias=True)
      (3): Tanh()
    )
    (value_net): Sequential(
      (0): Linear(in_features=147, out_features=64, bias=True)
      (1): Tanh()
      (2): Linear(in_features=64, out_features=64, bias=True)
      (3): Tanh()
    )
  )
  (action_net): Linear(in_features=64, out_features=3, bias=True)
  (value_net): Linear(in_features=64, out_features=1, bias=True)
)","<class 'stable_baselines3.common.policies.ActorCriticPolicy'>","{}","","","","","<stable_baselines3.common.buffers.RolloutBuffer object at 0x72b32ab197e0>","<class 'stable_baselines3.common.buffers.RolloutBuffer'>","{}","-1","None","1768044681901163800","","None","","","logs/","PPO","64","","0.99","","0.0003","","128","0","","500000","","","False","","1","0.5","online","NSMDMPI_EXP","[""minigrid"",""baseline"",""jump"",""reward""]","500096","","","","","","","","","","","","","","","","256","48","","0","0","0.2","","","","-0.000060361144","-10.611743","0.0003","-1.3288504e-8","-3.1106175e-8","3.827462e-9"
"MiniGrid_Baseline_reward_sine_Seed0_20260109_102818","0","finished","-","","baseline, minigrid, reward, sine","2026-01-10T11:31:10.000Z","10344","","1","False","0","[ True]","[[[[2 2 2 2 2 2 2]
   [2 2 2 2 2 2 2]
   [2 2 2 2 2 2 2]
   [2 1 1 1 6 1 1]
   [2 6 1 1 1 1 1]
   [2 1 1 6 1 1 1]
   [2 1 1 1 1 1 1]]

  [[5 5 5 5 5 5 5]
   [5 5 5 5 5 5 5]
   [5 5 5 5 5 5 5]
   [5 0 0 0 2 0 0]
   [5 2 0 0 0 0 0]
   [5 0 0 2 0 0 0]
   [5 0 0 0 0 0 0]]

  [[0 0 0 0 0 0 0]
   [0 0 0 0 0 0 0]
   [0 0 0 0 0 0 0]
   [0 0 0 0 0 0 0]
   [0 0 0 0 0 0 0]
   [0 0 0 0 0 0 0]
   [0 0 0 0 0 0 0]]]]","None","<stable_baselines3.common.logger.Logger object at 0x7a38de08fc40>","0","0","100","500000","None","None","Discrete(3)","","false","PPO","","","64","","FloatSchedule(ConstantSchedule(val=0.2))","None","","","cuda","0","","sine","0.5","reward_scale","5000","MiniGrid-Dynamic-Obstacles-8x8-v0","","","deque([], maxlen=100)","deque([], maxlen=100)","0.95","0.99","","0.0003","","","FloatSchedule(ConstantSchedule(val=0.0003))","0.5","","","","1","10","128","True","","","","","","","","","","","","","","","","false","","","","","","","","","","","","","","","","","0","Box(0, 255, (3, 7, 7), uint8)","","","","","","","","","","","","","","","","","","","","","","","","","","","","","","","","","","","","","","","","","","","","","","","","","","","","","","","","","","","","","","","","","","","","","","","","","","","","","","","","","","","","","","","","","","","","","","","","","","","","","","","","","","","","","","","","","","","","","","","","","","","","","","","","","","","","","","","","","","","","","","","","","","","","","","","","","","","","","","","","","","","","","","","","","","","","","","","","","","","","","","","","","","","","","","","","","","","","","","","","","","","","","","","","","","","","","","","","","","","","","","","","","","","","","","","logs/","models/","videos/","ActorCriticPolicy(
  (features_extractor): FlattenExtractor(
    (flatten): Flatten(start_dim=1, end_dim=-1)
  )
  (pi_features_extractor): FlattenExtractor(
    (flatten): Flatten(start_dim=1, end_dim=-1)
  )
  (vf_features_extractor): FlattenExtractor(
    (flatten): Flatten(start_dim=1, end_dim=-1)
  )
  (mlp_extractor): MlpExtractor(
    (policy_net): Sequential(
      (0): Linear(in_features=147, out_features=64, bias=True)
      (1): Tanh()
      (2): Linear(in_features=64, out_features=64, bias=True)
      (3): Tanh()
    )
    (value_net): Sequential(
      (0): Linear(in_features=147, out_features=64, bias=True)
      (1): Tanh()
      (2): Linear(in_features=64, out_features=64, bias=True)
      (3): Tanh()
    )
  )
  (action_net): Linear(in_features=64, out_features=3, bias=True)
  (value_net): Linear(in_features=64, out_features=1, bias=True)
)","<class 'stable_baselines3.common.policies.ActorCriticPolicy'>","{}","","","","","<stable_baselines3.common.buffers.RolloutBuffer object at 0x7a3933b252a0>","<class 'stable_baselines3.common.buffers.RolloutBuffer'>","{}","-1","None","1768044679932572000","","None","","","logs/","PPO","64","","0.99","","0.0003","","128","0","","500000","","","False","","1","0.5","online","NSMDMPI_EXP","[""minigrid"",""baseline"",""sine"",""reward""]","500096","","","","","","","","","","","","","","","","256","48","","0","0","0.2","","","","-0.0000056481836","-28.362103","0.0003","-1.4772212e-8","-6.61239e-9","3.3293732e-10"
"MiniGrid_Baseline_reward_sine_Seed1_20260109_102818","0","finished","-","","baseline, minigrid, reward, sine","2026-01-10T11:31:10.000Z","10347","","1","False","0","[ True]","[[[[2 2 2 2 2 2 2]
   [2 2 2 2 2 2 2]
   [2 2 2 2 2 2 2]
   [2 1 1 1 1 6 1]
   [2 1 1 1 1 1 1]
   [2 1 1 6 1 1 6]
   [2 1 1 1 1 1 1]]

  [[5 5 5 5 5 5 5]
   [5 5 5 5 5 5 5]
   [5 5 5 5 5 5 5]
   [5 0 0 0 0 2 0]
   [5 0 0 0 0 0 0]
   [5 0 0 2 0 0 2]
   [5 0 0 0 0 0 0]]

  [[0 0 0 0 0 0 0]
   [0 0 0 0 0 0 0]
   [0 0 0 0 0 0 0]
   [0 0 0 0 0 0 0]
   [0 0 0 0 0 0 0]
   [0 0 0 0 0 0 0]
   [0 0 0 0 0 0 0]]]]","None","<stable_baselines3.common.logger.Logger object at 0x7e03218d1180>","0","0","100","500000","None","None","Discrete(3)","","false","PPO","","","64","","FloatSchedule(ConstantSchedule(val=0.2))","None","","","cuda","0","","sine","0.5","reward_scale","5000","MiniGrid-Dynamic-Obstacles-8x8-v0","","","deque([], maxlen=100)","deque([], maxlen=100)","0.95","0.99","","0.0003","","","FloatSchedule(ConstantSchedule(val=0.0003))","0.5","","","","1","10","128","True","","","","","","","","","","","","","","","","false","","","","","","","","","","","","","","","","","0","Box(0, 255, (3, 7, 7), uint8)","","","","","","","","","","","","","","","","","","","","","","","","","","","","","","","","","","","","","","","","","","","","","","","","","","","","","","","","","","","","","","","","","","","","","","","","","","","","","","","","","","","","","","","","","","","","","","","","","","","","","","","","","","","","","","","","","","","","","","","","","","","","","","","","","","","","","","","","","","","","","","","","","","","","","","","","","","","","","","","","","","","","","","","","","","","","","","","","","","","","","","","","","","","","","","","","","","","","","","","","","","","","","","","","","","","","","","","","","","","","","","","","","","","","","","","logs/","models/","videos/","ActorCriticPolicy(
  (features_extractor): FlattenExtractor(
    (flatten): Flatten(start_dim=1, end_dim=-1)
  )
  (pi_features_extractor): FlattenExtractor(
    (flatten): Flatten(start_dim=1, end_dim=-1)
  )
  (vf_features_extractor): FlattenExtractor(
    (flatten): Flatten(start_dim=1, end_dim=-1)
  )
  (mlp_extractor): MlpExtractor(
    (policy_net): Sequential(
      (0): Linear(in_features=147, out_features=64, bias=True)
      (1): Tanh()
      (2): Linear(in_features=64, out_features=64, bias=True)
      (3): Tanh()
    )
    (value_net): Sequential(
      (0): Linear(in_features=147, out_features=64, bias=True)
      (1): Tanh()
      (2): Linear(in_features=64, out_features=64, bias=True)
      (3): Tanh()
    )
  )
  (action_net): Linear(in_features=64, out_features=3, bias=True)
  (value_net): Linear(in_features=64, out_features=1, bias=True)
)","<class 'stable_baselines3.common.policies.ActorCriticPolicy'>","{}","","","","","<stable_baselines3.common.buffers.RolloutBuffer object at 0x7e03395212d0>","<class 'stable_baselines3.common.buffers.RolloutBuffer'>","{}","-1","None","1768044681911023600","","None","","","logs/","PPO","64","","0.99","","0.0003","","128","1","","500000","","","False","","1","0.5","online","NSMDMPI_EXP","[""minigrid"",""baseline"",""sine"",""reward""]","500096","","","","","","","","","","","","","","","","256","48","","0","0","0.2","","","","-0.000016255086","-0.9148326","0.0003","-2.6417334e-7","4.824251e-8","7.30248e-9"
"HalfCheetah_NSMDMPI_gravity_linear_Seed4_20260109_102818","10815.24","finished","-","","gravity, halfcheetah, linear, nsmdmpi, sac","2026-01-10T02:56:18.000Z","30885","","1","False","0","[ True]","[[ 0.06808457 -0.09999825  0.08354815  0.00603172  0.09203606  0.05700593
  -0.02694035 -0.05512494 -0.08270743  0.03798464  0.01246359 -0.04716818
  -0.17777911 -0.04360847  0.01768179  0.10112242  0.17463547]]","None","<stable_baselines3.common.logger.Logger object at 0x749fc01d9b70>","0","0","100","1000000","None","None","Box(-1.0, 1.0, (6,), float32)","Actor(
  (features_extractor): FlattenExtractor(
    (flatten): Flatten(start_dim=1, end_dim=-1)
  )
  (latent_pi): Sequential(
    (0): Linear(in_features=17, out_features=256, bias=True)
    (1): ReLU()
    (2): Linear(in_features=256, out_features=256, bias=True)
    (3): ReLU()
  )
  (mu): Linear(in_features=256, out_features=6, bias=True)
  (log_std): Linear(in_features=256, out_features=6, bias=True)
)","false","SAC","[]","[]","256","1000000","","","ContinuousCritic(
  (features_extractor): FlattenExtractor(
    (flatten): Flatten(start_dim=1, end_dim=-1)
  )
  (qf0): Sequential(
    (0): Linear(in_features=23, out_features=256, bias=True)
    (1): ReLU()
    (2): Linear(in_features=256, out_features=256, bias=True)
    (3): ReLU()
    (4): Linear(in_features=256, out_features=1, bias=True)
  )
  (qf1): Sequential(
    (0): Linear(in_features=23, out_features=256, bias=True)
    (1): ReLU()
    (2): Linear(in_features=256, out_features=256, bias=True)
    (3): ReLU()
    (4): Linear(in_features=256, out_features=1, bias=True)
  )
)","ContinuousCritic(
  (features_extractor): FlattenExtractor(
    (flatten): Flatten(start_dim=1, end_dim=-1)
  )
  (qf0): Sequential(
    (0): Linear(in_features=23, out_features=256, bias=True)
    (1): ReLU()
    (2): Linear(in_features=256, out_features=256, bias=True)
    (3): ReLU()
    (4): Linear(in_features=256, out_features=1, bias=True)
  )
  (qf1): Sequential(
    (0): Linear(in_features=23, out_features=256, bias=True)
    (1): ReLU()
    (2): Linear(in_features=256, out_features=256, bias=True)
    (3): ReLU()
    (4): Linear(in_features=256, out_features=1, bias=True)
  )
)","cuda","auto","Adam (
Parameter Group 0
    amsgrad: False
    betas: (0.9, 0.999)
    capturable: False
    decoupled_weight_decay: False
    differentiable: False
    eps: 1e-08
    foreach: None
    fused: None
    lr: 0.0003
    maximize: False
    weight_decay: 0
)","linear","3","gravity","5000","HalfCheetah-v4","","","deque([], maxlen=100)","deque([], maxlen=100)","","0.99","1","0.0003","10000","tensor([0.], device='cuda:0', requires_grad=True)","FloatSchedule(ConstantSchedule(val=0.0003))","","","","","1","","1","","100","250","200","125","true","false","0.2","budgets/","2","500","0.5","1","1.5","5000","0.04","true","0.99","true","0.2","0.35","0.05","true","1","5","0.2","100","0.5","0.05","0.6","true","0.25","1","0","Box(-inf, inf, (17,), float64)","False","","","","","","","","","","","","","","","","","","","","","","","","","","","","","","","","","","","","","","","","","","","","","","","","","","","","","","","","","","","","","","","","","","","","","","","","","","","","","","","","","","","","","","","","","","","","","","","","","","","","","","","","","","","","","","","","","","","","","","","","","","","","","","","","","","","","","","","","","","","","","","","","","","","","","","","","","","","","","","","","","","","","","","","","","","","","","","","","","","","","","","","","","","","","","","","","","","","","","","","","","","","","","","","","","","","","","","","","","","","","","","","","","","","","","","logs/","models/","videos/","SACPolicy(
  (actor): Actor(
    (features_extractor): FlattenExtractor(
      (flatten): Flatten(start_dim=1, end_dim=-1)
    )
    (latent_pi): Sequential(
      (0): Linear(in_features=17, out_features=256, bias=True)
      (1): ReLU()
      (2): Linear(in_features=256, out_features=256, bias=True)
      (3): ReLU()
    )
    (mu): Linear(in_features=256, out_features=6, bias=True)
    (log_std): Linear(in_features=256, out_features=6, bias=True)
  )
  (critic): ContinuousCritic(
    (features_extractor): FlattenExtractor(
      (flatten): Flatten(start_dim=1, end_dim=-1)
    )
    (qf0): Sequential(
      (0): Linear(in_features=23, out_features=256, bias=True)
      (1): ReLU()
      (2): Linear(in_features=256, out_features=256, bias=True)
      (3): ReLU()
      (4): Linear(in_features=256, out_features=1, bias=True)
    )
    (qf1): Sequential(
      (0): Linear(in_features=23, out_features=256, bias=True)
      (1): ReLU()
      (2): Linear(in_features=256, out_features=256, bias=True)
      (3): ReLU()
      (4): Linear(in_features=256, out_features=1, bias=True)
    )
  )
  (critic_target): ContinuousCritic(
    (features_extractor): FlattenExtractor(
      (flatten): Flatten(start_dim=1, end_dim=-1)
    )
    (qf0): Sequential(
      (0): Linear(in_features=23, out_features=256, bias=True)
      (1): ReLU()
      (2): Linear(in_features=256, out_features=256, bias=True)
      (3): ReLU()
      (4): Linear(in_features=256, out_features=1, bias=True)
    )
    (qf1): Sequential(
      (0): Linear(in_features=23, out_features=256, bias=True)
      (1): ReLU()
      (2): Linear(in_features=256, out_features=256, bias=True)
      (3): ReLU()
      (4): Linear(in_features=256, out_features=1, bias=True)
    )
  )
)","<class 'stable_baselines3.sac.policies.SACPolicy'>","{'use_sde': False}","","<stable_baselines3.common.buffers.ReplayBuffer object at 0x749fce963490>","<class 'stable_baselines3.common.buffers.ReplayBuffer'>","{}","","","","-1","None","1768013781782368300","-6","","1","0.005","logs/","SAC","256","1000000","0.99","1","0.0003","10000","","4","0.005","1000000","1","TrainFreq(frequency=1, unit=<TrainFrequencyUnit.STEP: 'step'>)","False","False","1","","online","NSMDMPI_EXP","[""halfcheetah"",""nsmdmpi"",""linear"",""gravity"",""sac""]","1000000","0","0","0","0","1","125","","0","1.5606","0.0047353427","0.5","0.35","2.862008","0.00010482151","0","1000","32","-810.16797","","","","39.1125","0.24495883","-0.18934159","","","0.0003","","",""
"HalfCheetah_Baseline_gravity_linear_Seed4_20260109_102818","10013.008","finished","-","","baseline, gravity, halfcheetah, linear, sac","2026-01-10T02:56:18.000Z","27391","","1","False","0","[ True]","[[-0.09671879 -0.07874217 -0.04454125  0.01781038  0.02738768 -0.04039728
   0.009644    0.03112954  0.221514   -0.097431   -0.03642008  0.21327492
  -0.02822749 -0.24802341  0.04337378 -0.08132494  0.07943185]]","None","<stable_baselines3.common.logger.Logger object at 0x7704f172d120>","0","0","100","1000000","None","None","Box(-1.0, 1.0, (6,), float32)","Actor(
  (features_extractor): FlattenExtractor(
    (flatten): Flatten(start_dim=1, end_dim=-1)
  )
  (latent_pi): Sequential(
    (0): Linear(in_features=17, out_features=256, bias=True)
    (1): ReLU()
    (2): Linear(in_features=256, out_features=256, bias=True)
    (3): ReLU()
  )
  (mu): Linear(in_features=256, out_features=6, bias=True)
  (log_std): Linear(in_features=256, out_features=6, bias=True)
)","false","SAC","[]","[]","256","1000000","","","ContinuousCritic(
  (features_extractor): FlattenExtractor(
    (flatten): Flatten(start_dim=1, end_dim=-1)
  )
  (qf0): Sequential(
    (0): Linear(in_features=23, out_features=256, bias=True)
    (1): ReLU()
    (2): Linear(in_features=256, out_features=256, bias=True)
    (3): ReLU()
    (4): Linear(in_features=256, out_features=1, bias=True)
  )
  (qf1): Sequential(
    (0): Linear(in_features=23, out_features=256, bias=True)
    (1): ReLU()
    (2): Linear(in_features=256, out_features=256, bias=True)
    (3): ReLU()
    (4): Linear(in_features=256, out_features=1, bias=True)
  )
)","ContinuousCritic(
  (features_extractor): FlattenExtractor(
    (flatten): Flatten(start_dim=1, end_dim=-1)
  )
  (qf0): Sequential(
    (0): Linear(in_features=23, out_features=256, bias=True)
    (1): ReLU()
    (2): Linear(in_features=256, out_features=256, bias=True)
    (3): ReLU()
    (4): Linear(in_features=256, out_features=1, bias=True)
  )
  (qf1): Sequential(
    (0): Linear(in_features=23, out_features=256, bias=True)
    (1): ReLU()
    (2): Linear(in_features=256, out_features=256, bias=True)
    (3): ReLU()
    (4): Linear(in_features=256, out_features=1, bias=True)
  )
)","cuda","auto","Adam (
Parameter Group 0
    amsgrad: False
    betas: (0.9, 0.999)
    capturable: False
    decoupled_weight_decay: False
    differentiable: False
    eps: 1e-08
    foreach: None
    fused: None
    lr: 0.0003
    maximize: False
    weight_decay: 0
)","linear","3","gravity","5000","HalfCheetah-v4","","","deque([], maxlen=100)","deque([], maxlen=100)","","0.99","1","0.0003","10000","tensor([0.], device='cuda:0', requires_grad=True)","FloatSchedule(ConstantSchedule(val=0.0003))","","","","","1","","1","","","","","","","","","","","","","","","","","false","","","","","","","","","","","","","","","","","0","Box(-inf, inf, (17,), float64)","False","","","","","","","","","","","","","","","","","","","","","","","","","","","","","","","","","","","","","","","","","","","","","","","","","","","","","","","","","","","","","","","","","","","","","","","","","","","","","","","","","","","","","","","","","","","","","","","","","","","","","","","","","","","","","","","","","","","","","","","","","","","","","","","","","","","","","","","","","","","","","","","","","","","","","","","","","","","","","","","","","","","","","","","","","","","","","","","","","","","","","","","","","","","","","","","","","","","","","","","","","","","","","","","","","","","","","","","","","","","","","","","","","","","","","","logs/","models/","videos/","SACPolicy(
  (actor): Actor(
    (features_extractor): FlattenExtractor(
      (flatten): Flatten(start_dim=1, end_dim=-1)
    )
    (latent_pi): Sequential(
      (0): Linear(in_features=17, out_features=256, bias=True)
      (1): ReLU()
      (2): Linear(in_features=256, out_features=256, bias=True)
      (3): ReLU()
    )
    (mu): Linear(in_features=256, out_features=6, bias=True)
    (log_std): Linear(in_features=256, out_features=6, bias=True)
  )
  (critic): ContinuousCritic(
    (features_extractor): FlattenExtractor(
      (flatten): Flatten(start_dim=1, end_dim=-1)
    )
    (qf0): Sequential(
      (0): Linear(in_features=23, out_features=256, bias=True)
      (1): ReLU()
      (2): Linear(in_features=256, out_features=256, bias=True)
      (3): ReLU()
      (4): Linear(in_features=256, out_features=1, bias=True)
    )
    (qf1): Sequential(
      (0): Linear(in_features=23, out_features=256, bias=True)
      (1): ReLU()
      (2): Linear(in_features=256, out_features=256, bias=True)
      (3): ReLU()
      (4): Linear(in_features=256, out_features=1, bias=True)
    )
  )
  (critic_target): ContinuousCritic(
    (features_extractor): FlattenExtractor(
      (flatten): Flatten(start_dim=1, end_dim=-1)
    )
    (qf0): Sequential(
      (0): Linear(in_features=23, out_features=256, bias=True)
      (1): ReLU()
      (2): Linear(in_features=256, out_features=256, bias=True)
      (3): ReLU()
      (4): Linear(in_features=256, out_features=1, bias=True)
    )
    (qf1): Sequential(
      (0): Linear(in_features=23, out_features=256, bias=True)
      (1): ReLU()
      (2): Linear(in_features=256, out_features=256, bias=True)
      (3): ReLU()
      (4): Linear(in_features=256, out_features=1, bias=True)
    )
  )
)","<class 'stable_baselines3.sac.policies.SACPolicy'>","{'use_sde': False}","","<stable_baselines3.common.buffers.ReplayBuffer object at 0x77050c0b0c10>","<class 'stable_baselines3.common.buffers.ReplayBuffer'>","{}","","","","-1","None","1768013781659743200","-6","","1","0.005","logs/","SAC","256","1000000","0.99","1","0.0003","10000","","4","0.005","1000000","1","TrainFreq(frequency=1, unit=<TrainFrequencyUnit.STEP: 'step'>)","False","False","1","","online","NSMDMPI_EXP","[""halfcheetah"",""baseline"",""linear"",""gravity"",""sac""]","1000000","","","","","","","","","","","","","","","","1000","36","-773.2805","","","","15.556257","0.22445291","-0.14717478","","","0.0003","","",""
"HalfCheetah_Baseline_gravity_linear_Seed3_20260109_102818","9985.987","finished","-","","baseline, gravity, halfcheetah, linear, sac","2026-01-10T02:56:11.000Z","27470","","1","False","0","[ True]","[[-0.03611543  0.04519254  0.01368974  0.03328267 -0.09480271  0.06702714
  -0.07058929 -0.06276462  0.00696283  0.19625593  0.17366202 -0.0519776
  -0.10928812  0.08594067  0.10772919 -0.21195898  0.02017085]]","None","<stable_baselines3.common.logger.Logger object at 0x76fde41a1ff0>","0","0","100","1000000","None","None","Box(-1.0, 1.0, (6,), float32)","Actor(
  (features_extractor): FlattenExtractor(
    (flatten): Flatten(start_dim=1, end_dim=-1)
  )
  (latent_pi): Sequential(
    (0): Linear(in_features=17, out_features=256, bias=True)
    (1): ReLU()
    (2): Linear(in_features=256, out_features=256, bias=True)
    (3): ReLU()
  )
  (mu): Linear(in_features=256, out_features=6, bias=True)
  (log_std): Linear(in_features=256, out_features=6, bias=True)
)","false","SAC","[]","[]","256","1000000","","","ContinuousCritic(
  (features_extractor): FlattenExtractor(
    (flatten): Flatten(start_dim=1, end_dim=-1)
  )
  (qf0): Sequential(
    (0): Linear(in_features=23, out_features=256, bias=True)
    (1): ReLU()
    (2): Linear(in_features=256, out_features=256, bias=True)
    (3): ReLU()
    (4): Linear(in_features=256, out_features=1, bias=True)
  )
  (qf1): Sequential(
    (0): Linear(in_features=23, out_features=256, bias=True)
    (1): ReLU()
    (2): Linear(in_features=256, out_features=256, bias=True)
    (3): ReLU()
    (4): Linear(in_features=256, out_features=1, bias=True)
  )
)","ContinuousCritic(
  (features_extractor): FlattenExtractor(
    (flatten): Flatten(start_dim=1, end_dim=-1)
  )
  (qf0): Sequential(
    (0): Linear(in_features=23, out_features=256, bias=True)
    (1): ReLU()
    (2): Linear(in_features=256, out_features=256, bias=True)
    (3): ReLU()
    (4): Linear(in_features=256, out_features=1, bias=True)
  )
  (qf1): Sequential(
    (0): Linear(in_features=23, out_features=256, bias=True)
    (1): ReLU()
    (2): Linear(in_features=256, out_features=256, bias=True)
    (3): ReLU()
    (4): Linear(in_features=256, out_features=1, bias=True)
  )
)","cuda","auto","Adam (
Parameter Group 0
    amsgrad: False
    betas: (0.9, 0.999)
    capturable: False
    decoupled_weight_decay: False
    differentiable: False
    eps: 1e-08
    foreach: None
    fused: None
    lr: 0.0003
    maximize: False
    weight_decay: 0
)","linear","3","gravity","5000","HalfCheetah-v4","","","deque([], maxlen=100)","deque([], maxlen=100)","","0.99","1","0.0003","10000","tensor([0.], device='cuda:0', requires_grad=True)","FloatSchedule(ConstantSchedule(val=0.0003))","","","","","1","","1","","","","","","","","","","","","","","","","","false","","","","","","","","","","","","","","","","","0","Box(-inf, inf, (17,), float64)","False","","","","","","","","","","","","","","","","","","","","","","","","","","","","","","","","","","","","","","","","","","","","","","","","","","","","","","","","","","","","","","","","","","","","","","","","","","","","","","","","","","","","","","","","","","","","","","","","","","","","","","","","","","","","","","","","","","","","","","","","","","","","","","","","","","","","","","","","","","","","","","","","","","","","","","","","","","","","","","","","","","","","","","","","","","","","","","","","","","","","","","","","","","","","","","","","","","","","","","","","","","","","","","","","","","","","","","","","","","","","","","","","","","","","","","logs/","models/","videos/","SACPolicy(
  (actor): Actor(
    (features_extractor): FlattenExtractor(
      (flatten): Flatten(start_dim=1, end_dim=-1)
    )
    (latent_pi): Sequential(
      (0): Linear(in_features=17, out_features=256, bias=True)
      (1): ReLU()
      (2): Linear(in_features=256, out_features=256, bias=True)
      (3): ReLU()
    )
    (mu): Linear(in_features=256, out_features=6, bias=True)
    (log_std): Linear(in_features=256, out_features=6, bias=True)
  )
  (critic): ContinuousCritic(
    (features_extractor): FlattenExtractor(
      (flatten): Flatten(start_dim=1, end_dim=-1)
    )
    (qf0): Sequential(
      (0): Linear(in_features=23, out_features=256, bias=True)
      (1): ReLU()
      (2): Linear(in_features=256, out_features=256, bias=True)
      (3): ReLU()
      (4): Linear(in_features=256, out_features=1, bias=True)
    )
    (qf1): Sequential(
      (0): Linear(in_features=23, out_features=256, bias=True)
      (1): ReLU()
      (2): Linear(in_features=256, out_features=256, bias=True)
      (3): ReLU()
      (4): Linear(in_features=256, out_features=1, bias=True)
    )
  )
  (critic_target): ContinuousCritic(
    (features_extractor): FlattenExtractor(
      (flatten): Flatten(start_dim=1, end_dim=-1)
    )
    (qf0): Sequential(
      (0): Linear(in_features=23, out_features=256, bias=True)
      (1): ReLU()
      (2): Linear(in_features=256, out_features=256, bias=True)
      (3): ReLU()
      (4): Linear(in_features=256, out_features=1, bias=True)
    )
    (qf1): Sequential(
      (0): Linear(in_features=23, out_features=256, bias=True)
      (1): ReLU()
      (2): Linear(in_features=256, out_features=256, bias=True)
      (3): ReLU()
      (4): Linear(in_features=256, out_features=1, bias=True)
    )
  )
)","<class 'stable_baselines3.sac.policies.SACPolicy'>","{'use_sde': False}","","<stable_baselines3.common.buffers.ReplayBuffer object at 0x76fdf2963af0>","<class 'stable_baselines3.common.buffers.ReplayBuffer'>","{}","","","","-1","None","1768013777161667300","-6","","1","0.005","logs/","SAC","256","1000000","0.99","1","0.0003","10000","","3","0.005","1000000","1","TrainFreq(frequency=1, unit=<TrainFrequencyUnit.STEP: 'step'>)","False","False","1","","online","NSMDMPI_EXP","[""halfcheetah"",""baseline"",""linear"",""gravity"",""sac""]","1000000","","","","","","","","","","","","","","","","1000","36","-755.19","","","","13.677179","0.22963195","0.70728743","","","0.0003","","",""
"HalfCheetah_NSMDMPI_gravity_linear_Seed3_20260109_102818","8704.04","finished","-","","gravity, halfcheetah, linear, nsmdmpi, sac","2026-01-10T02:56:11.000Z","30817","","1","False","0","[ True]","[[ 0.04550689 -0.06966433 -0.02902983 -0.06101765  0.08244341 -0.00579604
   0.06324735  0.06536453 -0.0689081   0.0946965   0.02817006 -0.11117045
   0.04612621  0.09396068  0.07228442 -0.00754557  0.14666421]]","None","<stable_baselines3.common.logger.Logger object at 0x728201121990>","0","0","100","1000000","None","None","Box(-1.0, 1.0, (6,), float32)","Actor(
  (features_extractor): FlattenExtractor(
    (flatten): Flatten(start_dim=1, end_dim=-1)
  )
  (latent_pi): Sequential(
    (0): Linear(in_features=17, out_features=256, bias=True)
    (1): ReLU()
    (2): Linear(in_features=256, out_features=256, bias=True)
    (3): ReLU()
  )
  (mu): Linear(in_features=256, out_features=6, bias=True)
  (log_std): Linear(in_features=256, out_features=6, bias=True)
)","false","SAC","[]","[]","256","1000000","","","ContinuousCritic(
  (features_extractor): FlattenExtractor(
    (flatten): Flatten(start_dim=1, end_dim=-1)
  )
  (qf0): Sequential(
    (0): Linear(in_features=23, out_features=256, bias=True)
    (1): ReLU()
    (2): Linear(in_features=256, out_features=256, bias=True)
    (3): ReLU()
    (4): Linear(in_features=256, out_features=1, bias=True)
  )
  (qf1): Sequential(
    (0): Linear(in_features=23, out_features=256, bias=True)
    (1): ReLU()
    (2): Linear(in_features=256, out_features=256, bias=True)
    (3): ReLU()
    (4): Linear(in_features=256, out_features=1, bias=True)
  )
)","ContinuousCritic(
  (features_extractor): FlattenExtractor(
    (flatten): Flatten(start_dim=1, end_dim=-1)
  )
  (qf0): Sequential(
    (0): Linear(in_features=23, out_features=256, bias=True)
    (1): ReLU()
    (2): Linear(in_features=256, out_features=256, bias=True)
    (3): ReLU()
    (4): Linear(in_features=256, out_features=1, bias=True)
  )
  (qf1): Sequential(
    (0): Linear(in_features=23, out_features=256, bias=True)
    (1): ReLU()
    (2): Linear(in_features=256, out_features=256, bias=True)
    (3): ReLU()
    (4): Linear(in_features=256, out_features=1, bias=True)
  )
)","cuda","auto","Adam (
Parameter Group 0
    amsgrad: False
    betas: (0.9, 0.999)
    capturable: False
    decoupled_weight_decay: False
    differentiable: False
    eps: 1e-08
    foreach: None
    fused: None
    lr: 0.0003
    maximize: False
    weight_decay: 0
)","linear","3","gravity","5000","HalfCheetah-v4","","","deque([], maxlen=100)","deque([], maxlen=100)","","0.99","1","0.0003","10000","tensor([0.], device='cuda:0', requires_grad=True)","FloatSchedule(ConstantSchedule(val=0.0003))","","","","","1","","1","","100","250","200","125","true","false","0.2","budgets/","2","500","0.5","1","1.5","5000","0.04","true","0.99","true","0.2","0.35","0.05","true","1","5","0.2","100","0.5","0.05","0.6","true","0.25","1","0","Box(-inf, inf, (17,), float64)","False","","","","","","","","","","","","","","","","","","","","","","","","","","","","","","","","","","","","","","","","","","","","","","","","","","","","","","","","","","","","","","","","","","","","","","","","","","","","","","","","","","","","","","","","","","","","","","","","","","","","","","","","","","","","","","","","","","","","","","","","","","","","","","","","","","","","","","","","","","","","","","","","","","","","","","","","","","","","","","","","","","","","","","","","","","","","","","","","","","","","","","","","","","","","","","","","","","","","","","","","","","","","","","","","","","","","","","","","","","","","","","","","","","","","","","logs/","models/","videos/","SACPolicy(
  (actor): Actor(
    (features_extractor): FlattenExtractor(
      (flatten): Flatten(start_dim=1, end_dim=-1)
    )
    (latent_pi): Sequential(
      (0): Linear(in_features=17, out_features=256, bias=True)
      (1): ReLU()
      (2): Linear(in_features=256, out_features=256, bias=True)
      (3): ReLU()
    )
    (mu): Linear(in_features=256, out_features=6, bias=True)
    (log_std): Linear(in_features=256, out_features=6, bias=True)
  )
  (critic): ContinuousCritic(
    (features_extractor): FlattenExtractor(
      (flatten): Flatten(start_dim=1, end_dim=-1)
    )
    (qf0): Sequential(
      (0): Linear(in_features=23, out_features=256, bias=True)
      (1): ReLU()
      (2): Linear(in_features=256, out_features=256, bias=True)
      (3): ReLU()
      (4): Linear(in_features=256, out_features=1, bias=True)
    )
    (qf1): Sequential(
      (0): Linear(in_features=23, out_features=256, bias=True)
      (1): ReLU()
      (2): Linear(in_features=256, out_features=256, bias=True)
      (3): ReLU()
      (4): Linear(in_features=256, out_features=1, bias=True)
    )
  )
  (critic_target): ContinuousCritic(
    (features_extractor): FlattenExtractor(
      (flatten): Flatten(start_dim=1, end_dim=-1)
    )
    (qf0): Sequential(
      (0): Linear(in_features=23, out_features=256, bias=True)
      (1): ReLU()
      (2): Linear(in_features=256, out_features=256, bias=True)
      (3): ReLU()
      (4): Linear(in_features=256, out_features=1, bias=True)
    )
    (qf1): Sequential(
      (0): Linear(in_features=23, out_features=256, bias=True)
      (1): ReLU()
      (2): Linear(in_features=256, out_features=256, bias=True)
      (3): ReLU()
      (4): Linear(in_features=256, out_features=1, bias=True)
    )
  )
)","<class 'stable_baselines3.sac.policies.SACPolicy'>","{'use_sde': False}","","<stable_baselines3.common.buffers.ReplayBuffer object at 0x72820f7677c0>","<class 'stable_baselines3.common.buffers.ReplayBuffer'>","{}","","","","-1","None","1768013777138890800","-6","","1","0.005","logs/","SAC","256","1000000","0.99","1","0.0003","10000","","3","0.005","1000000","1","TrainFreq(frequency=1, unit=<TrainFrequencyUnit.STEP: 'step'>)","False","False","1","","online","NSMDMPI_EXP","[""halfcheetah"",""nsmdmpi"",""linear"",""gravity"",""sac""]","1000000","0","0","0","0","1","125","","0","1.5606","0.056313515","0.5","0.35","2.8951411","0.0001036219","0","1000","32","-656.3779","","","","7.6257677","0.19315562","0.6748381","","","0.0003","","",""
"HalfCheetah_NSMDMPI_friction_sine_Seed2_20260109_102818","9837.522","finished","-","","friction, halfcheetah, nsmdmpi, sac, sine","2026-01-09T03:28:29.000Z","87243","","1","False","0","[ True]","[[-0.02305287 -0.03179377 -0.02552747  0.05310621 -0.02710432 -0.05180984
  -0.06594911 -0.07528247 -0.10394409  0.00856831  0.06120428 -0.0190304
  -0.04889978 -0.10193383 -0.00379205 -0.00227894  0.04866325]]","None","<stable_baselines3.common.logger.Logger object at 0x754154d06bc0>","0","0","100","1000000","None","None","Box(-1.0, 1.0, (6,), float32)","Actor(
  (features_extractor): FlattenExtractor(
    (flatten): Flatten(start_dim=1, end_dim=-1)
  )
  (latent_pi): Sequential(
    (0): Linear(in_features=17, out_features=256, bias=True)
    (1): ReLU()
    (2): Linear(in_features=256, out_features=256, bias=True)
    (3): ReLU()
  )
  (mu): Linear(in_features=256, out_features=6, bias=True)
  (log_std): Linear(in_features=256, out_features=6, bias=True)
)","false","SAC","[]","[]","256","1000000","","","ContinuousCritic(
  (features_extractor): FlattenExtractor(
    (flatten): Flatten(start_dim=1, end_dim=-1)
  )
  (qf0): Sequential(
    (0): Linear(in_features=23, out_features=256, bias=True)
    (1): ReLU()
    (2): Linear(in_features=256, out_features=256, bias=True)
    (3): ReLU()
    (4): Linear(in_features=256, out_features=1, bias=True)
  )
  (qf1): Sequential(
    (0): Linear(in_features=23, out_features=256, bias=True)
    (1): ReLU()
    (2): Linear(in_features=256, out_features=256, bias=True)
    (3): ReLU()
    (4): Linear(in_features=256, out_features=1, bias=True)
  )
)","ContinuousCritic(
  (features_extractor): FlattenExtractor(
    (flatten): Flatten(start_dim=1, end_dim=-1)
  )
  (qf0): Sequential(
    (0): Linear(in_features=23, out_features=256, bias=True)
    (1): ReLU()
    (2): Linear(in_features=256, out_features=256, bias=True)
    (3): ReLU()
    (4): Linear(in_features=256, out_features=1, bias=True)
  )
  (qf1): Sequential(
    (0): Linear(in_features=23, out_features=256, bias=True)
    (1): ReLU()
    (2): Linear(in_features=256, out_features=256, bias=True)
    (3): ReLU()
    (4): Linear(in_features=256, out_features=1, bias=True)
  )
)","cuda","auto","Adam (
Parameter Group 0
    amsgrad: False
    betas: (0.9, 0.999)
    capturable: False
    decoupled_weight_decay: False
    differentiable: False
    eps: 1e-08
    foreach: None
    fused: None
    lr: 0.0003
    maximize: False
    weight_decay: 0
)","sine","0.3","friction","5000","HalfCheetah-v4","","","deque([], maxlen=100)","deque([], maxlen=100)","","0.99","1","0.0003","10000","tensor([0.], device='cuda:0', requires_grad=True)","FloatSchedule(ConstantSchedule(val=0.0003))","","","","","1","","1","","100","200","150","100","true","false","0.2","budgets/","2","500","0.5","1","1.5","5000","0.04","true","0.99","true","0.2","0.35","0.05","true","1","5","0.2","100","0.5","0.05","0.6","true","0.25","1","0","Box(-inf, inf, (17,), float64)","False","","","","","","","","","","","","","","","","","","","","","","","","","","","","","","","","","","","","","","","","","","","","","","","","","","","","","","","","","","","","","","","","","","","","","","","","","","","","","","","","","","","","","","","","","","","","","","","","","","","","","","","","","","","","","","","","","","","","","","","","","","","","","","","","","","","","","","","","","","","","","","","","","","","","","","","","","","","","","","","","","","","","","","","","","","","","","","","","","","","","","","","","","","","","","","","","","","","","","","","","","","","","","","","","","","","","","","","","","","","","","","","","","","","","","","logs/","models/","videos/","SACPolicy(
  (actor): Actor(
    (features_extractor): FlattenExtractor(
      (flatten): Flatten(start_dim=1, end_dim=-1)
    )
    (latent_pi): Sequential(
      (0): Linear(in_features=17, out_features=256, bias=True)
      (1): ReLU()
      (2): Linear(in_features=256, out_features=256, bias=True)
      (3): ReLU()
    )
    (mu): Linear(in_features=256, out_features=6, bias=True)
    (log_std): Linear(in_features=256, out_features=6, bias=True)
  )
  (critic): ContinuousCritic(
    (features_extractor): FlattenExtractor(
      (flatten): Flatten(start_dim=1, end_dim=-1)
    )
    (qf0): Sequential(
      (0): Linear(in_features=23, out_features=256, bias=True)
      (1): ReLU()
      (2): Linear(in_features=256, out_features=256, bias=True)
      (3): ReLU()
      (4): Linear(in_features=256, out_features=1, bias=True)
    )
    (qf1): Sequential(
      (0): Linear(in_features=23, out_features=256, bias=True)
      (1): ReLU()
      (2): Linear(in_features=256, out_features=256, bias=True)
      (3): ReLU()
      (4): Linear(in_features=256, out_features=1, bias=True)
    )
  )
  (critic_target): ContinuousCritic(
    (features_extractor): FlattenExtractor(
      (flatten): Flatten(start_dim=1, end_dim=-1)
    )
    (qf0): Sequential(
      (0): Linear(in_features=23, out_features=256, bias=True)
      (1): ReLU()
      (2): Linear(in_features=256, out_features=256, bias=True)
      (3): ReLU()
      (4): Linear(in_features=256, out_features=1, bias=True)
    )
    (qf1): Sequential(
      (0): Linear(in_features=23, out_features=256, bias=True)
      (1): ReLU()
      (2): Linear(in_features=256, out_features=256, bias=True)
      (3): ReLU()
      (4): Linear(in_features=256, out_features=1, bias=True)
    )
  )
)","<class 'stable_baselines3.sac.policies.SACPolicy'>","{'use_sde': False}","","<stable_baselines3.common.buffers.ReplayBuffer object at 0x75416315fd60>","<class 'stable_baselines3.common.buffers.ReplayBuffer'>","{}","","","","-1","None","1767929313398029000","-6","","1","0.005","logs/","SAC","256","1000000","0.99","1","0.0003","10000","","2","0.005","1000000","1","TrainFreq(frequency=1, unit=<TrainFrequencyUnit.STEP: 'step'>)","False","False","1","","online","NSMDMPI_EXP","[""halfcheetah"",""nsmdmpi"",""sine"",""friction"",""sac""]","1000000","0","0","0","0","1","100","","0","0.037489936","0.023883613","0.21602371","0.22567415","1.061618","0.00028258754","0","1000","11","-753.3881","","","","11.871842","0.23851365","0.4366003","","","0.0003","","",""
"HalfCheetah_Baseline_friction_sine_Seed1_20260109_102818","10693.372","finished","-","","baseline, friction, halfcheetah, sac, sine","2026-01-09T03:28:29.000Z","84489","","1","False","0","[ True]","[[ 0.05312776 -0.06236133  0.08497848  0.06717675  0.05231563 -0.05048091
   0.06155707  0.00793906  0.01583371  0.02236739 -0.05924177 -0.09752279
   0.03860048 -0.09383904 -0.04526653  0.01302844 -0.07310779]]","None","<stable_baselines3.common.logger.Logger object at 0x7c020310e9e0>","0","0","100","1000000","None","None","Box(-1.0, 1.0, (6,), float32)","Actor(
  (features_extractor): FlattenExtractor(
    (flatten): Flatten(start_dim=1, end_dim=-1)
  )
  (latent_pi): Sequential(
    (0): Linear(in_features=17, out_features=256, bias=True)
    (1): ReLU()
    (2): Linear(in_features=256, out_features=256, bias=True)
    (3): ReLU()
  )
  (mu): Linear(in_features=256, out_features=6, bias=True)
  (log_std): Linear(in_features=256, out_features=6, bias=True)
)","false","SAC","[]","[]","256","1000000","","","ContinuousCritic(
  (features_extractor): FlattenExtractor(
    (flatten): Flatten(start_dim=1, end_dim=-1)
  )
  (qf0): Sequential(
    (0): Linear(in_features=23, out_features=256, bias=True)
    (1): ReLU()
    (2): Linear(in_features=256, out_features=256, bias=True)
    (3): ReLU()
    (4): Linear(in_features=256, out_features=1, bias=True)
  )
  (qf1): Sequential(
    (0): Linear(in_features=23, out_features=256, bias=True)
    (1): ReLU()
    (2): Linear(in_features=256, out_features=256, bias=True)
    (3): ReLU()
    (4): Linear(in_features=256, out_features=1, bias=True)
  )
)","ContinuousCritic(
  (features_extractor): FlattenExtractor(
    (flatten): Flatten(start_dim=1, end_dim=-1)
  )
  (qf0): Sequential(
    (0): Linear(in_features=23, out_features=256, bias=True)
    (1): ReLU()
    (2): Linear(in_features=256, out_features=256, bias=True)
    (3): ReLU()
    (4): Linear(in_features=256, out_features=1, bias=True)
  )
  (qf1): Sequential(
    (0): Linear(in_features=23, out_features=256, bias=True)
    (1): ReLU()
    (2): Linear(in_features=256, out_features=256, bias=True)
    (3): ReLU()
    (4): Linear(in_features=256, out_features=1, bias=True)
  )
)","cuda","auto","Adam (
Parameter Group 0
    amsgrad: False
    betas: (0.9, 0.999)
    capturable: False
    decoupled_weight_decay: False
    differentiable: False
    eps: 1e-08
    foreach: None
    fused: None
    lr: 0.0003
    maximize: False
    weight_decay: 0
)","sine","0.3","friction","5000","HalfCheetah-v4","","","deque([], maxlen=100)","deque([], maxlen=100)","","0.99","1","0.0003","10000","tensor([0.], device='cuda:0', requires_grad=True)","FloatSchedule(ConstantSchedule(val=0.0003))","","","","","1","","1","","","","","","","","","","","","","","","","","false","","","","","","","","","","","","","","","","","0","Box(-inf, inf, (17,), float64)","False","","","","","","","","","","","","","","","","","","","","","","","","","","","","","","","","","","","","","","","","","","","","","","","","","","","","","","","","","","","","","","","","","","","","","","","","","","","","","","","","","","","","","","","","","","","","","","","","","","","","","","","","","","","","","","","","","","","","","","","","","","","","","","","","","","","","","","","","","","","","","","","","","","","","","","","","","","","","","","","","","","","","","","","","","","","","","","","","","","","","","","","","","","","","","","","","","","","","","","","","","","","","","","","","","","","","","","","","","","","","","","","","","","","","","","logs/","models/","videos/","SACPolicy(
  (actor): Actor(
    (features_extractor): FlattenExtractor(
      (flatten): Flatten(start_dim=1, end_dim=-1)
    )
    (latent_pi): Sequential(
      (0): Linear(in_features=17, out_features=256, bias=True)
      (1): ReLU()
      (2): Linear(in_features=256, out_features=256, bias=True)
      (3): ReLU()
    )
    (mu): Linear(in_features=256, out_features=6, bias=True)
    (log_std): Linear(in_features=256, out_features=6, bias=True)
  )
  (critic): ContinuousCritic(
    (features_extractor): FlattenExtractor(
      (flatten): Flatten(start_dim=1, end_dim=-1)
    )
    (qf0): Sequential(
      (0): Linear(in_features=23, out_features=256, bias=True)
      (1): ReLU()
      (2): Linear(in_features=256, out_features=256, bias=True)
      (3): ReLU()
      (4): Linear(in_features=256, out_features=1, bias=True)
    )
    (qf1): Sequential(
      (0): Linear(in_features=23, out_features=256, bias=True)
      (1): ReLU()
      (2): Linear(in_features=256, out_features=256, bias=True)
      (3): ReLU()
      (4): Linear(in_features=256, out_features=1, bias=True)
    )
  )
  (critic_target): ContinuousCritic(
    (features_extractor): FlattenExtractor(
      (flatten): Flatten(start_dim=1, end_dim=-1)
    )
    (qf0): Sequential(
      (0): Linear(in_features=23, out_features=256, bias=True)
      (1): ReLU()
      (2): Linear(in_features=256, out_features=256, bias=True)
      (3): ReLU()
      (4): Linear(in_features=256, out_features=1, bias=True)
    )
    (qf1): Sequential(
      (0): Linear(in_features=23, out_features=256, bias=True)
      (1): ReLU()
      (2): Linear(in_features=256, out_features=256, bias=True)
      (3): ReLU()
      (4): Linear(in_features=256, out_features=1, bias=True)
    )
  )
)","<class 'stable_baselines3.sac.policies.SACPolicy'>","{'use_sde': False}","","<stable_baselines3.common.buffers.ReplayBuffer object at 0x7c021e3a89a0>","<class 'stable_baselines3.common.buffers.ReplayBuffer'>","{}","","","","-1","None","1767929313381384700","-6","","1","0.005","logs/","SAC","256","1000000","0.99","1","0.0003","10000","","1","0.005","1000000","1","TrainFreq(frequency=1, unit=<TrainFrequencyUnit.STEP: 'step'>)","False","False","1","","online","NSMDMPI_EXP","[""halfcheetah"",""baseline"",""sine"",""friction"",""sac""]","1000000","","","","","","","","","","","","","","","","1000","11","-807.8418","","","","41.374084","0.2504993","-0.051253498","","","0.0003","","",""
"HalfCheetah_NSMDMPI_gravity_linear_Seed0_20260109_102818","7495.95","finished","-","","gravity, halfcheetah, linear, nsmdmpi, sac","2026-01-09T03:28:29.000Z","87266","","1","False","0","[ True]","[[-0.0015526   0.05403397  0.08948884 -0.0877876  -0.04374795 -0.06551706
   0.09326533 -0.05998648  0.12136145 -0.02708889 -0.00716861 -0.09499249
  -0.066319    0.06143981 -0.00917613  0.15511707  0.07584057]]","None","<stable_baselines3.common.logger.Logger object at 0x78f1e380a9b0>","0","0","100","1000000","None","None","Box(-1.0, 1.0, (6,), float32)","Actor(
  (features_extractor): FlattenExtractor(
    (flatten): Flatten(start_dim=1, end_dim=-1)
  )
  (latent_pi): Sequential(
    (0): Linear(in_features=17, out_features=256, bias=True)
    (1): ReLU()
    (2): Linear(in_features=256, out_features=256, bias=True)
    (3): ReLU()
  )
  (mu): Linear(in_features=256, out_features=6, bias=True)
  (log_std): Linear(in_features=256, out_features=6, bias=True)
)","false","SAC","[]","[]","256","1000000","","","ContinuousCritic(
  (features_extractor): FlattenExtractor(
    (flatten): Flatten(start_dim=1, end_dim=-1)
  )
  (qf0): Sequential(
    (0): Linear(in_features=23, out_features=256, bias=True)
    (1): ReLU()
    (2): Linear(in_features=256, out_features=256, bias=True)
    (3): ReLU()
    (4): Linear(in_features=256, out_features=1, bias=True)
  )
  (qf1): Sequential(
    (0): Linear(in_features=23, out_features=256, bias=True)
    (1): ReLU()
    (2): Linear(in_features=256, out_features=256, bias=True)
    (3): ReLU()
    (4): Linear(in_features=256, out_features=1, bias=True)
  )
)","ContinuousCritic(
  (features_extractor): FlattenExtractor(
    (flatten): Flatten(start_dim=1, end_dim=-1)
  )
  (qf0): Sequential(
    (0): Linear(in_features=23, out_features=256, bias=True)
    (1): ReLU()
    (2): Linear(in_features=256, out_features=256, bias=True)
    (3): ReLU()
    (4): Linear(in_features=256, out_features=1, bias=True)
  )
  (qf1): Sequential(
    (0): Linear(in_features=23, out_features=256, bias=True)
    (1): ReLU()
    (2): Linear(in_features=256, out_features=256, bias=True)
    (3): ReLU()
    (4): Linear(in_features=256, out_features=1, bias=True)
  )
)","cuda","auto","Adam (
Parameter Group 0
    amsgrad: False
    betas: (0.9, 0.999)
    capturable: False
    decoupled_weight_decay: False
    differentiable: False
    eps: 1e-08
    foreach: None
    fused: None
    lr: 0.0003
    maximize: False
    weight_decay: 0
)","linear","3","gravity","5000","HalfCheetah-v4","","","deque([], maxlen=100)","deque([], maxlen=100)","","0.99","1","0.0003","10000","tensor([0.], device='cuda:0', requires_grad=True)","FloatSchedule(ConstantSchedule(val=0.0003))","","","","","1","","1","","100","250","200","125","true","false","0.2","budgets/","2","500","0.5","1","1.5","5000","0.04","true","0.99","true","0.2","0.35","0.05","true","1","5","0.2","100","0.5","0.05","0.6","true","0.25","1","0","Box(-inf, inf, (17,), float64)","False","","","","","","","","","","","","","","","","","","","","","","","","","","","","","","","","","","","","","","","","","","","","","","","","","","","","","","","","","","","","","","","","","","","","","","","","","","","","","","","","","","","","","","","","","","","","","","","","","","","","","","","","","","","","","","","","","","","","","","","","","","","","","","","","","","","","","","","","","","","","","","","","","","","","","","","","","","","","","","","","","","","","","","","","","","","","","","","","","","","","","","","","","","","","","","","","","","","","","","","","","","","","","","","","","","","","","","","","","","","","","","","","","","","","","","logs/","models/","videos/","SACPolicy(
  (actor): Actor(
    (features_extractor): FlattenExtractor(
      (flatten): Flatten(start_dim=1, end_dim=-1)
    )
    (latent_pi): Sequential(
      (0): Linear(in_features=17, out_features=256, bias=True)
      (1): ReLU()
      (2): Linear(in_features=256, out_features=256, bias=True)
      (3): ReLU()
    )
    (mu): Linear(in_features=256, out_features=6, bias=True)
    (log_std): Linear(in_features=256, out_features=6, bias=True)
  )
  (critic): ContinuousCritic(
    (features_extractor): FlattenExtractor(
      (flatten): Flatten(start_dim=1, end_dim=-1)
    )
    (qf0): Sequential(
      (0): Linear(in_features=23, out_features=256, bias=True)
      (1): ReLU()
      (2): Linear(in_features=256, out_features=256, bias=True)
      (3): ReLU()
      (4): Linear(in_features=256, out_features=1, bias=True)
    )
    (qf1): Sequential(
      (0): Linear(in_features=23, out_features=256, bias=True)
      (1): ReLU()
      (2): Linear(in_features=256, out_features=256, bias=True)
      (3): ReLU()
      (4): Linear(in_features=256, out_features=1, bias=True)
    )
  )
  (critic_target): ContinuousCritic(
    (features_extractor): FlattenExtractor(
      (flatten): Flatten(start_dim=1, end_dim=-1)
    )
    (qf0): Sequential(
      (0): Linear(in_features=23, out_features=256, bias=True)
      (1): ReLU()
      (2): Linear(in_features=256, out_features=256, bias=True)
      (3): ReLU()
      (4): Linear(in_features=256, out_features=1, bias=True)
    )
    (qf1): Sequential(
      (0): Linear(in_features=23, out_features=256, bias=True)
      (1): ReLU()
      (2): Linear(in_features=256, out_features=256, bias=True)
      (3): ReLU()
      (4): Linear(in_features=256, out_features=1, bias=True)
    )
  )
)","<class 'stable_baselines3.sac.policies.SACPolicy'>","{'use_sde': False}","","<stable_baselines3.common.buffers.ReplayBuffer object at 0x78f1fe17bb20>","<class 'stable_baselines3.common.buffers.ReplayBuffer'>","{}","","","","-1","None","1767929313320170000","-6","","1","0.005","logs/","SAC","256","1000000","0.99","1","0.0003","10000","","0","0.005","1000000","1","TrainFreq(frequency=1, unit=<TrainFrequencyUnit.STEP: 'step'>)","False","False","1","","online","NSMDMPI_EXP","[""halfcheetah"",""nsmdmpi"",""linear"",""gravity"",""sac""]","1000000","0","0","0","0","1","125","","0","1.5606","0.038374435","0.5","0.35","2.883215","0.000104050516","0","1000","11","-561.4293","","","","7.402088","0.19707175","0.34027192","","","0.0003","","",""
"HalfCheetah_Baseline_gravity_linear_Seed0_20260109_102818","9835.1","finished","-","","baseline, gravity, halfcheetah, linear, sac","2026-01-09T03:28:28.000Z","84484","","1","False","0","[ True]","[[ 0.09214469  0.03266938  0.06706421  0.07183486 -0.02552199  0.06665967
  -0.06816614 -0.00591422 -0.15252314 -0.1039654  -0.06075239 -0.13066773
  -0.07380324  0.01223294  0.16495026  0.21300647 -0.0244247 ]]","None","<stable_baselines3.common.logger.Logger object at 0x7fbbb47acd30>","0","0","100","1000000","None","None","Box(-1.0, 1.0, (6,), float32)","Actor(
  (features_extractor): FlattenExtractor(
    (flatten): Flatten(start_dim=1, end_dim=-1)
  )
  (latent_pi): Sequential(
    (0): Linear(in_features=17, out_features=256, bias=True)
    (1): ReLU()
    (2): Linear(in_features=256, out_features=256, bias=True)
    (3): ReLU()
  )
  (mu): Linear(in_features=256, out_features=6, bias=True)
  (log_std): Linear(in_features=256, out_features=6, bias=True)
)","false","SAC","[]","[]","256","1000000","","","ContinuousCritic(
  (features_extractor): FlattenExtractor(
    (flatten): Flatten(start_dim=1, end_dim=-1)
  )
  (qf0): Sequential(
    (0): Linear(in_features=23, out_features=256, bias=True)
    (1): ReLU()
    (2): Linear(in_features=256, out_features=256, bias=True)
    (3): ReLU()
    (4): Linear(in_features=256, out_features=1, bias=True)
  )
  (qf1): Sequential(
    (0): Linear(in_features=23, out_features=256, bias=True)
    (1): ReLU()
    (2): Linear(in_features=256, out_features=256, bias=True)
    (3): ReLU()
    (4): Linear(in_features=256, out_features=1, bias=True)
  )
)","ContinuousCritic(
  (features_extractor): FlattenExtractor(
    (flatten): Flatten(start_dim=1, end_dim=-1)
  )
  (qf0): Sequential(
    (0): Linear(in_features=23, out_features=256, bias=True)
    (1): ReLU()
    (2): Linear(in_features=256, out_features=256, bias=True)
    (3): ReLU()
    (4): Linear(in_features=256, out_features=1, bias=True)
  )
  (qf1): Sequential(
    (0): Linear(in_features=23, out_features=256, bias=True)
    (1): ReLU()
    (2): Linear(in_features=256, out_features=256, bias=True)
    (3): ReLU()
    (4): Linear(in_features=256, out_features=1, bias=True)
  )
)","cuda","auto","Adam (
Parameter Group 0
    amsgrad: False
    betas: (0.9, 0.999)
    capturable: False
    decoupled_weight_decay: False
    differentiable: False
    eps: 1e-08
    foreach: None
    fused: None
    lr: 0.0003
    maximize: False
    weight_decay: 0
)","linear","3","gravity","5000","HalfCheetah-v4","","","deque([], maxlen=100)","deque([], maxlen=100)","","0.99","1","0.0003","10000","tensor([0.], device='cuda:0', requires_grad=True)","FloatSchedule(ConstantSchedule(val=0.0003))","","","","","1","","1","","","","","","","","","","","","","","","","","false","","","","","","","","","","","","","","","","","0","Box(-inf, inf, (17,), float64)","False","","","","","","","","","","","","","","","","","","","","","","","","","","","","","","","","","","","","","","","","","","","","","","","","","","","","","","","","","","","","","","","","","","","","","","","","","","","","","","","","","","","","","","","","","","","","","","","","","","","","","","","","","","","","","","","","","","","","","","","","","","","","","","","","","","","","","","","","","","","","","","","","","","","","","","","","","","","","","","","","","","","","","","","","","","","","","","","","","","","","","","","","","","","","","","","","","","","","","","","","","","","","","","","","","","","","","","","","","","","","","","","","","","","","","","logs/","models/","videos/","SACPolicy(
  (actor): Actor(
    (features_extractor): FlattenExtractor(
      (flatten): Flatten(start_dim=1, end_dim=-1)
    )
    (latent_pi): Sequential(
      (0): Linear(in_features=17, out_features=256, bias=True)
      (1): ReLU()
      (2): Linear(in_features=256, out_features=256, bias=True)
      (3): ReLU()
    )
    (mu): Linear(in_features=256, out_features=6, bias=True)
    (log_std): Linear(in_features=256, out_features=6, bias=True)
  )
  (critic): ContinuousCritic(
    (features_extractor): FlattenExtractor(
      (flatten): Flatten(start_dim=1, end_dim=-1)
    )
    (qf0): Sequential(
      (0): Linear(in_features=23, out_features=256, bias=True)
      (1): ReLU()
      (2): Linear(in_features=256, out_features=256, bias=True)
      (3): ReLU()
      (4): Linear(in_features=256, out_features=1, bias=True)
    )
    (qf1): Sequential(
      (0): Linear(in_features=23, out_features=256, bias=True)
      (1): ReLU()
      (2): Linear(in_features=256, out_features=256, bias=True)
      (3): ReLU()
      (4): Linear(in_features=256, out_features=1, bias=True)
    )
  )
  (critic_target): ContinuousCritic(
    (features_extractor): FlattenExtractor(
      (flatten): Flatten(start_dim=1, end_dim=-1)
    )
    (qf0): Sequential(
      (0): Linear(in_features=23, out_features=256, bias=True)
      (1): ReLU()
      (2): Linear(in_features=256, out_features=256, bias=True)
      (3): ReLU()
      (4): Linear(in_features=256, out_features=1, bias=True)
    )
    (qf1): Sequential(
      (0): Linear(in_features=23, out_features=256, bias=True)
      (1): ReLU()
      (2): Linear(in_features=256, out_features=256, bias=True)
      (3): ReLU()
      (4): Linear(in_features=256, out_features=1, bias=True)
    )
  )
)","<class 'stable_baselines3.sac.policies.SACPolicy'>","{'use_sde': False}","","<stable_baselines3.common.buffers.ReplayBuffer object at 0x7fbbbed37cd0>","<class 'stable_baselines3.common.buffers.ReplayBuffer'>","{}","","","","-1","None","1767929313296553700","-6","","1","0.005","logs/","SAC","256","1000000","0.99","1","0.0003","10000","","0","0.005","1000000","1","TrainFreq(frequency=1, unit=<TrainFrequencyUnit.STEP: 'step'>)","False","False","1","","online","NSMDMPI_EXP","[""halfcheetah"",""baseline"",""linear"",""gravity"",""sac""]","1000000","","","","","","","","","","","","","","","","1000","11","-760.3124","","","","11.6956215","0.20009616","0.17607883","","","0.0003","","",""
"HalfCheetah_Baseline_friction_sine_Seed4_20260109_102818","9888.181","finished","-","","baseline, friction, halfcheetah, sac, sine","2026-01-09T03:28:28.000Z","84445","","1","False","0","[ True]","[[-0.02766065  0.00863204 -0.09523226 -0.01295086  0.03479506 -0.05024086
  -0.07587853  0.05218741  0.03294721  0.08996353 -0.00624979  0.00210735
  -0.08946022  0.10691256  0.01093904  0.11805197  0.03564399]]","None","<stable_baselines3.common.logger.Logger object at 0x78b15287a9e0>","0","0","100","1000000","None","None","Box(-1.0, 1.0, (6,), float32)","Actor(
  (features_extractor): FlattenExtractor(
    (flatten): Flatten(start_dim=1, end_dim=-1)
  )
  (latent_pi): Sequential(
    (0): Linear(in_features=17, out_features=256, bias=True)
    (1): ReLU()
    (2): Linear(in_features=256, out_features=256, bias=True)
    (3): ReLU()
  )
  (mu): Linear(in_features=256, out_features=6, bias=True)
  (log_std): Linear(in_features=256, out_features=6, bias=True)
)","false","SAC","[]","[]","256","1000000","","","ContinuousCritic(
  (features_extractor): FlattenExtractor(
    (flatten): Flatten(start_dim=1, end_dim=-1)
  )
  (qf0): Sequential(
    (0): Linear(in_features=23, out_features=256, bias=True)
    (1): ReLU()
    (2): Linear(in_features=256, out_features=256, bias=True)
    (3): ReLU()
    (4): Linear(in_features=256, out_features=1, bias=True)
  )
  (qf1): Sequential(
    (0): Linear(in_features=23, out_features=256, bias=True)
    (1): ReLU()
    (2): Linear(in_features=256, out_features=256, bias=True)
    (3): ReLU()
    (4): Linear(in_features=256, out_features=1, bias=True)
  )
)","ContinuousCritic(
  (features_extractor): FlattenExtractor(
    (flatten): Flatten(start_dim=1, end_dim=-1)
  )
  (qf0): Sequential(
    (0): Linear(in_features=23, out_features=256, bias=True)
    (1): ReLU()
    (2): Linear(in_features=256, out_features=256, bias=True)
    (3): ReLU()
    (4): Linear(in_features=256, out_features=1, bias=True)
  )
  (qf1): Sequential(
    (0): Linear(in_features=23, out_features=256, bias=True)
    (1): ReLU()
    (2): Linear(in_features=256, out_features=256, bias=True)
    (3): ReLU()
    (4): Linear(in_features=256, out_features=1, bias=True)
  )
)","cuda","auto","Adam (
Parameter Group 0
    amsgrad: False
    betas: (0.9, 0.999)
    capturable: False
    decoupled_weight_decay: False
    differentiable: False
    eps: 1e-08
    foreach: None
    fused: None
    lr: 0.0003
    maximize: False
    weight_decay: 0
)","sine","0.3","friction","5000","HalfCheetah-v4","","","deque([], maxlen=100)","deque([], maxlen=100)","","0.99","1","0.0003","10000","tensor([0.], device='cuda:0', requires_grad=True)","FloatSchedule(ConstantSchedule(val=0.0003))","","","","","1","","1","","","","","","","","","","","","","","","","","false","","","","","","","","","","","","","","","","","0","Box(-inf, inf, (17,), float64)","False","","","","","","","","","","","","","","","","","","","","","","","","","","","","","","","","","","","","","","","","","","","","","","","","","","","","","","","","","","","","","","","","","","","","","","","","","","","","","","","","","","","","","","","","","","","","","","","","","","","","","","","","","","","","","","","","","","","","","","","","","","","","","","","","","","","","","","","","","","","","","","","","","","","","","","","","","","","","","","","","","","","","","","","","","","","","","","","","","","","","","","","","","","","","","","","","","","","","","","","","","","","","","","","","","","","","","","","","","","","","","","","","","","","","","","logs/","models/","videos/","SACPolicy(
  (actor): Actor(
    (features_extractor): FlattenExtractor(
      (flatten): Flatten(start_dim=1, end_dim=-1)
    )
    (latent_pi): Sequential(
      (0): Linear(in_features=17, out_features=256, bias=True)
      (1): ReLU()
      (2): Linear(in_features=256, out_features=256, bias=True)
      (3): ReLU()
    )
    (mu): Linear(in_features=256, out_features=6, bias=True)
    (log_std): Linear(in_features=256, out_features=6, bias=True)
  )
  (critic): ContinuousCritic(
    (features_extractor): FlattenExtractor(
      (flatten): Flatten(start_dim=1, end_dim=-1)
    )
    (qf0): Sequential(
      (0): Linear(in_features=23, out_features=256, bias=True)
      (1): ReLU()
      (2): Linear(in_features=256, out_features=256, bias=True)
      (3): ReLU()
      (4): Linear(in_features=256, out_features=1, bias=True)
    )
    (qf1): Sequential(
      (0): Linear(in_features=23, out_features=256, bias=True)
      (1): ReLU()
      (2): Linear(in_features=256, out_features=256, bias=True)
      (3): ReLU()
      (4): Linear(in_features=256, out_features=1, bias=True)
    )
  )
  (critic_target): ContinuousCritic(
    (features_extractor): FlattenExtractor(
      (flatten): Flatten(start_dim=1, end_dim=-1)
    )
    (qf0): Sequential(
      (0): Linear(in_features=23, out_features=256, bias=True)
      (1): ReLU()
      (2): Linear(in_features=256, out_features=256, bias=True)
      (3): ReLU()
      (4): Linear(in_features=256, out_features=1, bias=True)
    )
    (qf1): Sequential(
      (0): Linear(in_features=23, out_features=256, bias=True)
      (1): ReLU()
      (2): Linear(in_features=256, out_features=256, bias=True)
      (3): ReLU()
      (4): Linear(in_features=256, out_features=1, bias=True)
    )
  )
)","<class 'stable_baselines3.sac.policies.SACPolicy'>","{'use_sde': False}","","<stable_baselines3.common.buffers.ReplayBuffer object at 0x78b168d54550>","<class 'stable_baselines3.common.buffers.ReplayBuffer'>","{}","","","","-1","None","1767929312872858000","-6","","1","0.005","logs/","SAC","256","1000000","0.99","1","0.0003","10000","","4","0.005","1000000","1","TrainFreq(frequency=1, unit=<TrainFrequencyUnit.STEP: 'step'>)","False","False","1","","online","NSMDMPI_EXP","[""halfcheetah"",""baseline"",""sine"",""friction"",""sac""]","1000000","","","","","","","","","","","","","","","","1000","11","-724.2122","","","","25.594742","0.24367163","0.2479338","","","0.0003","","",""
"HalfCheetah_Baseline_gravity_linear_Seed2_20260109_102818","7727.023","finished","-","","baseline, gravity, halfcheetah, linear, sac","2026-01-09T03:28:28.000Z","84462","","1","False","0","[ True]","[[-5.84705522e-02  4.73055535e-02 -8.77294922e-02 -4.57977935e-03
  -3.59159678e-02 -3.18218777e-02 -4.30630295e-02 -6.71354921e-02
   1.25132663e-04  6.24370832e-02 -2.17896826e-01 -3.46316200e-03
   1.26516498e-01 -1.27517009e-01  1.23758420e-01  1.36566268e-02
  -2.52415209e-01]]","None","<stable_baselines3.common.logger.Logger object at 0x70e221c36e60>","0","0","100","1000000","None","None","Box(-1.0, 1.0, (6,), float32)","Actor(
  (features_extractor): FlattenExtractor(
    (flatten): Flatten(start_dim=1, end_dim=-1)
  )
  (latent_pi): Sequential(
    (0): Linear(in_features=17, out_features=256, bias=True)
    (1): ReLU()
    (2): Linear(in_features=256, out_features=256, bias=True)
    (3): ReLU()
  )
  (mu): Linear(in_features=256, out_features=6, bias=True)
  (log_std): Linear(in_features=256, out_features=6, bias=True)
)","false","SAC","[]","[]","256","1000000","","","ContinuousCritic(
  (features_extractor): FlattenExtractor(
    (flatten): Flatten(start_dim=1, end_dim=-1)
  )
  (qf0): Sequential(
    (0): Linear(in_features=23, out_features=256, bias=True)
    (1): ReLU()
    (2): Linear(in_features=256, out_features=256, bias=True)
    (3): ReLU()
    (4): Linear(in_features=256, out_features=1, bias=True)
  )
  (qf1): Sequential(
    (0): Linear(in_features=23, out_features=256, bias=True)
    (1): ReLU()
    (2): Linear(in_features=256, out_features=256, bias=True)
    (3): ReLU()
    (4): Linear(in_features=256, out_features=1, bias=True)
  )
)","ContinuousCritic(
  (features_extractor): FlattenExtractor(
    (flatten): Flatten(start_dim=1, end_dim=-1)
  )
  (qf0): Sequential(
    (0): Linear(in_features=23, out_features=256, bias=True)
    (1): ReLU()
    (2): Linear(in_features=256, out_features=256, bias=True)
    (3): ReLU()
    (4): Linear(in_features=256, out_features=1, bias=True)
  )
  (qf1): Sequential(
    (0): Linear(in_features=23, out_features=256, bias=True)
    (1): ReLU()
    (2): Linear(in_features=256, out_features=256, bias=True)
    (3): ReLU()
    (4): Linear(in_features=256, out_features=1, bias=True)
  )
)","cuda","auto","Adam (
Parameter Group 0
    amsgrad: False
    betas: (0.9, 0.999)
    capturable: False
    decoupled_weight_decay: False
    differentiable: False
    eps: 1e-08
    foreach: None
    fused: None
    lr: 0.0003
    maximize: False
    weight_decay: 0
)","linear","3","gravity","5000","HalfCheetah-v4","","","deque([], maxlen=100)","deque([], maxlen=100)","","0.99","1","0.0003","10000","tensor([0.], device='cuda:0', requires_grad=True)","FloatSchedule(ConstantSchedule(val=0.0003))","","","","","1","","1","","","","","","","","","","","","","","","","","false","","","","","","","","","","","","","","","","","0","Box(-inf, inf, (17,), float64)","False","","","","","","","","","","","","","","","","","","","","","","","","","","","","","","","","","","","","","","","","","","","","","","","","","","","","","","","","","","","","","","","","","","","","","","","","","","","","","","","","","","","","","","","","","","","","","","","","","","","","","","","","","","","","","","","","","","","","","","","","","","","","","","","","","","","","","","","","","","","","","","","","","","","","","","","","","","","","","","","","","","","","","","","","","","","","","","","","","","","","","","","","","","","","","","","","","","","","","","","","","","","","","","","","","","","","","","","","","","","","","","","","","","","","","","logs/","models/","videos/","SACPolicy(
  (actor): Actor(
    (features_extractor): FlattenExtractor(
      (flatten): Flatten(start_dim=1, end_dim=-1)
    )
    (latent_pi): Sequential(
      (0): Linear(in_features=17, out_features=256, bias=True)
      (1): ReLU()
      (2): Linear(in_features=256, out_features=256, bias=True)
      (3): ReLU()
    )
    (mu): Linear(in_features=256, out_features=6, bias=True)
    (log_std): Linear(in_features=256, out_features=6, bias=True)
  )
  (critic): ContinuousCritic(
    (features_extractor): FlattenExtractor(
      (flatten): Flatten(start_dim=1, end_dim=-1)
    )
    (qf0): Sequential(
      (0): Linear(in_features=23, out_features=256, bias=True)
      (1): ReLU()
      (2): Linear(in_features=256, out_features=256, bias=True)
      (3): ReLU()
      (4): Linear(in_features=256, out_features=1, bias=True)
    )
    (qf1): Sequential(
      (0): Linear(in_features=23, out_features=256, bias=True)
      (1): ReLU()
      (2): Linear(in_features=256, out_features=256, bias=True)
      (3): ReLU()
      (4): Linear(in_features=256, out_features=1, bias=True)
    )
  )
  (critic_target): ContinuousCritic(
    (features_extractor): FlattenExtractor(
      (flatten): Flatten(start_dim=1, end_dim=-1)
    )
    (qf0): Sequential(
      (0): Linear(in_features=23, out_features=256, bias=True)
      (1): ReLU()
      (2): Linear(in_features=256, out_features=256, bias=True)
      (3): ReLU()
      (4): Linear(in_features=256, out_features=1, bias=True)
    )
    (qf1): Sequential(
      (0): Linear(in_features=23, out_features=256, bias=True)
      (1): ReLU()
      (2): Linear(in_features=256, out_features=256, bias=True)
      (3): ReLU()
      (4): Linear(in_features=256, out_features=1, bias=True)
    )
  )
)","<class 'stable_baselines3.sac.policies.SACPolicy'>","{'use_sde': False}","","<stable_baselines3.common.buffers.ReplayBuffer object at 0x70e2382d7d30>","<class 'stable_baselines3.common.buffers.ReplayBuffer'>","{}","","","","-1","None","1767929313231044400","-6","","1","0.005","logs/","SAC","256","1000000","0.99","1","0.0003","10000","","2","0.005","1000000","1","TrainFreq(frequency=1, unit=<TrainFrequencyUnit.STEP: 'step'>)","False","False","1","","online","NSMDMPI_EXP","[""halfcheetah"",""baseline"",""linear"",""gravity"",""sac""]","1000000","","","","","","","","","","","","","","","","1000","11","-590.39996","","","","5.6574945","0.19271891","0.30439627","","","0.0003","","",""
"HalfCheetah_NSMDMPI_gravity_linear_Seed2_20260109_102818","9101.94","finished","-","","gravity, halfcheetah, linear, nsmdmpi, sac","2026-01-09T03:28:28.000Z","87278","","1","False","0","[ True]","[[-0.06765648  0.07427738  0.01073914  0.05005537  0.06647356 -0.02731993
  -0.02055015  0.02801169  0.04615303 -0.22832651 -0.07606367  0.02672855
  -0.15881451 -0.07000899  0.28012242 -0.01048048 -0.09261562]]","None","<stable_baselines3.common.logger.Logger object at 0x7476c08d6710>","0","0","100","1000000","None","None","Box(-1.0, 1.0, (6,), float32)","Actor(
  (features_extractor): FlattenExtractor(
    (flatten): Flatten(start_dim=1, end_dim=-1)
  )
  (latent_pi): Sequential(
    (0): Linear(in_features=17, out_features=256, bias=True)
    (1): ReLU()
    (2): Linear(in_features=256, out_features=256, bias=True)
    (3): ReLU()
  )
  (mu): Linear(in_features=256, out_features=6, bias=True)
  (log_std): Linear(in_features=256, out_features=6, bias=True)
)","false","SAC","[]","[]","256","1000000","","","ContinuousCritic(
  (features_extractor): FlattenExtractor(
    (flatten): Flatten(start_dim=1, end_dim=-1)
  )
  (qf0): Sequential(
    (0): Linear(in_features=23, out_features=256, bias=True)
    (1): ReLU()
    (2): Linear(in_features=256, out_features=256, bias=True)
    (3): ReLU()
    (4): Linear(in_features=256, out_features=1, bias=True)
  )
  (qf1): Sequential(
    (0): Linear(in_features=23, out_features=256, bias=True)
    (1): ReLU()
    (2): Linear(in_features=256, out_features=256, bias=True)
    (3): ReLU()
    (4): Linear(in_features=256, out_features=1, bias=True)
  )
)","ContinuousCritic(
  (features_extractor): FlattenExtractor(
    (flatten): Flatten(start_dim=1, end_dim=-1)
  )
  (qf0): Sequential(
    (0): Linear(in_features=23, out_features=256, bias=True)
    (1): ReLU()
    (2): Linear(in_features=256, out_features=256, bias=True)
    (3): ReLU()
    (4): Linear(in_features=256, out_features=1, bias=True)
  )
  (qf1): Sequential(
    (0): Linear(in_features=23, out_features=256, bias=True)
    (1): ReLU()
    (2): Linear(in_features=256, out_features=256, bias=True)
    (3): ReLU()
    (4): Linear(in_features=256, out_features=1, bias=True)
  )
)","cuda","auto","Adam (
Parameter Group 0
    amsgrad: False
    betas: (0.9, 0.999)
    capturable: False
    decoupled_weight_decay: False
    differentiable: False
    eps: 1e-08
    foreach: None
    fused: None
    lr: 0.0003
    maximize: False
    weight_decay: 0
)","linear","3","gravity","5000","HalfCheetah-v4","","","deque([], maxlen=100)","deque([], maxlen=100)","","0.99","1","0.0003","10000","tensor([0.], device='cuda:0', requires_grad=True)","FloatSchedule(ConstantSchedule(val=0.0003))","","","","","1","","1","","100","250","200","125","true","false","0.2","budgets/","2","500","0.5","1","1.5","5000","0.04","true","0.99","true","0.2","0.35","0.05","true","1","5","0.2","100","0.5","0.05","0.6","true","0.25","1","0","Box(-inf, inf, (17,), float64)","False","","","","","","","","","","","","","","","","","","","","","","","","","","","","","","","","","","","","","","","","","","","","","","","","","","","","","","","","","","","","","","","","","","","","","","","","","","","","","","","","","","","","","","","","","","","","","","","","","","","","","","","","","","","","","","","","","","","","","","","","","","","","","","","","","","","","","","","","","","","","","","","","","","","","","","","","","","","","","","","","","","","","","","","","","","","","","","","","","","","","","","","","","","","","","","","","","","","","","","","","","","","","","","","","","","","","","","","","","","","","","","","","","","","","","","logs/","models/","videos/","SACPolicy(
  (actor): Actor(
    (features_extractor): FlattenExtractor(
      (flatten): Flatten(start_dim=1, end_dim=-1)
    )
    (latent_pi): Sequential(
      (0): Linear(in_features=17, out_features=256, bias=True)
      (1): ReLU()
      (2): Linear(in_features=256, out_features=256, bias=True)
      (3): ReLU()
    )
    (mu): Linear(in_features=256, out_features=6, bias=True)
    (log_std): Linear(in_features=256, out_features=6, bias=True)
  )
  (critic): ContinuousCritic(
    (features_extractor): FlattenExtractor(
      (flatten): Flatten(start_dim=1, end_dim=-1)
    )
    (qf0): Sequential(
      (0): Linear(in_features=23, out_features=256, bias=True)
      (1): ReLU()
      (2): Linear(in_features=256, out_features=256, bias=True)
      (3): ReLU()
      (4): Linear(in_features=256, out_features=1, bias=True)
    )
    (qf1): Sequential(
      (0): Linear(in_features=23, out_features=256, bias=True)
      (1): ReLU()
      (2): Linear(in_features=256, out_features=256, bias=True)
      (3): ReLU()
      (4): Linear(in_features=256, out_features=1, bias=True)
    )
  )
  (critic_target): ContinuousCritic(
    (features_extractor): FlattenExtractor(
      (flatten): Flatten(start_dim=1, end_dim=-1)
    )
    (qf0): Sequential(
      (0): Linear(in_features=23, out_features=256, bias=True)
      (1): ReLU()
      (2): Linear(in_features=256, out_features=256, bias=True)
      (3): ReLU()
      (4): Linear(in_features=256, out_features=1, bias=True)
    )
    (qf1): Sequential(
      (0): Linear(in_features=23, out_features=256, bias=True)
      (1): ReLU()
      (2): Linear(in_features=256, out_features=256, bias=True)
      (3): ReLU()
      (4): Linear(in_features=256, out_features=1, bias=True)
    )
  )
)","<class 'stable_baselines3.sac.policies.SACPolicy'>","{'use_sde': False}","","<stable_baselines3.common.buffers.ReplayBuffer object at 0x7476cb14d810>","<class 'stable_baselines3.common.buffers.ReplayBuffer'>","{}","","","","-1","None","1767929312725804000","-6","","1","0.005","logs/","SAC","256","1000000","0.99","1","0.0003","10000","","2","0.005","1000000","1","TrainFreq(frequency=1, unit=<TrainFrequencyUnit.STEP: 'step'>)","False","False","1","","online","NSMDMPI_EXP","[""halfcheetah"",""nsmdmpi"",""linear"",""gravity"",""sac""]","1000000","0","0","0","0","1","125","","0","1.5606","0.04987761","0.5","0.35","2.8902373","0.00010379771","0","1000","11","-667.52826","","","","11.11907","0.22056302","-0.48307002","","","0.0003","","",""
"HalfCheetah_NSMDMPI_gravity_linear_Seed1_20260109_102818","9759.725","finished","-","","gravity, halfcheetah, linear, nsmdmpi, sac","2026-01-09T03:28:28.000Z","87253","","1","False","0","[ True]","[[-0.09564704  0.07629767 -0.00575519 -0.08578204  0.00842694  0.0888725
   0.08310513 -0.09258597  0.00549162 -0.08495354  0.0441662  -0.10958428
   0.02862568  0.13494095  0.01023665  0.02849113 -0.09034741]]","None","<stable_baselines3.common.logger.Logger object at 0x75c4602e27a0>","0","0","100","1000000","None","None","Box(-1.0, 1.0, (6,), float32)","Actor(
  (features_extractor): FlattenExtractor(
    (flatten): Flatten(start_dim=1, end_dim=-1)
  )
  (latent_pi): Sequential(
    (0): Linear(in_features=17, out_features=256, bias=True)
    (1): ReLU()
    (2): Linear(in_features=256, out_features=256, bias=True)
    (3): ReLU()
  )
  (mu): Linear(in_features=256, out_features=6, bias=True)
  (log_std): Linear(in_features=256, out_features=6, bias=True)
)","false","SAC","[]","[]","256","1000000","","","ContinuousCritic(
  (features_extractor): FlattenExtractor(
    (flatten): Flatten(start_dim=1, end_dim=-1)
  )
  (qf0): Sequential(
    (0): Linear(in_features=23, out_features=256, bias=True)
    (1): ReLU()
    (2): Linear(in_features=256, out_features=256, bias=True)
    (3): ReLU()
    (4): Linear(in_features=256, out_features=1, bias=True)
  )
  (qf1): Sequential(
    (0): Linear(in_features=23, out_features=256, bias=True)
    (1): ReLU()
    (2): Linear(in_features=256, out_features=256, bias=True)
    (3): ReLU()
    (4): Linear(in_features=256, out_features=1, bias=True)
  )
)","ContinuousCritic(
  (features_extractor): FlattenExtractor(
    (flatten): Flatten(start_dim=1, end_dim=-1)
  )
  (qf0): Sequential(
    (0): Linear(in_features=23, out_features=256, bias=True)
    (1): ReLU()
    (2): Linear(in_features=256, out_features=256, bias=True)
    (3): ReLU()
    (4): Linear(in_features=256, out_features=1, bias=True)
  )
  (qf1): Sequential(
    (0): Linear(in_features=23, out_features=256, bias=True)
    (1): ReLU()
    (2): Linear(in_features=256, out_features=256, bias=True)
    (3): ReLU()
    (4): Linear(in_features=256, out_features=1, bias=True)
  )
)","cuda","auto","Adam (
Parameter Group 0
    amsgrad: False
    betas: (0.9, 0.999)
    capturable: False
    decoupled_weight_decay: False
    differentiable: False
    eps: 1e-08
    foreach: None
    fused: None
    lr: 0.0003
    maximize: False
    weight_decay: 0
)","linear","3","gravity","5000","HalfCheetah-v4","","","deque([], maxlen=100)","deque([], maxlen=100)","","0.99","1","0.0003","10000","tensor([0.], device='cuda:0', requires_grad=True)","FloatSchedule(ConstantSchedule(val=0.0003))","","","","","1","","1","","100","250","200","125","true","false","0.2","budgets/","2","500","0.5","1","1.5","5000","0.04","true","0.99","true","0.2","0.35","0.05","true","1","5","0.2","100","0.5","0.05","0.6","true","0.25","1","0","Box(-inf, inf, (17,), float64)","False","","","","","","","","","","","","","","","","","","","","","","","","","","","","","","","","","","","","","","","","","","","","","","","","","","","","","","","","","","","","","","","","","","","","","","","","","","","","","","","","","","","","","","","","","","","","","","","","","","","","","","","","","","","","","","","","","","","","","","","","","","","","","","","","","","","","","","","","","","","","","","","","","","","","","","","","","","","","","","","","","","","","","","","","","","","","","","","","","","","","","","","","","","","","","","","","","","","","","","","","","","","","","","","","","","","","","","","","","","","","","","","","","","","","","","logs/","models/","videos/","SACPolicy(
  (actor): Actor(
    (features_extractor): FlattenExtractor(
      (flatten): Flatten(start_dim=1, end_dim=-1)
    )
    (latent_pi): Sequential(
      (0): Linear(in_features=17, out_features=256, bias=True)
      (1): ReLU()
      (2): Linear(in_features=256, out_features=256, bias=True)
      (3): ReLU()
    )
    (mu): Linear(in_features=256, out_features=6, bias=True)
    (log_std): Linear(in_features=256, out_features=6, bias=True)
  )
  (critic): ContinuousCritic(
    (features_extractor): FlattenExtractor(
      (flatten): Flatten(start_dim=1, end_dim=-1)
    )
    (qf0): Sequential(
      (0): Linear(in_features=23, out_features=256, bias=True)
      (1): ReLU()
      (2): Linear(in_features=256, out_features=256, bias=True)
      (3): ReLU()
      (4): Linear(in_features=256, out_features=1, bias=True)
    )
    (qf1): Sequential(
      (0): Linear(in_features=23, out_features=256, bias=True)
      (1): ReLU()
      (2): Linear(in_features=256, out_features=256, bias=True)
      (3): ReLU()
      (4): Linear(in_features=256, out_features=1, bias=True)
    )
  )
  (critic_target): ContinuousCritic(
    (features_extractor): FlattenExtractor(
      (flatten): Flatten(start_dim=1, end_dim=-1)
    )
    (qf0): Sequential(
      (0): Linear(in_features=23, out_features=256, bias=True)
      (1): ReLU()
      (2): Linear(in_features=256, out_features=256, bias=True)
      (3): ReLU()
      (4): Linear(in_features=256, out_features=1, bias=True)
    )
    (qf1): Sequential(
      (0): Linear(in_features=23, out_features=256, bias=True)
      (1): ReLU()
      (2): Linear(in_features=256, out_features=256, bias=True)
      (3): ReLU()
      (4): Linear(in_features=256, out_features=1, bias=True)
    )
  )
)","<class 'stable_baselines3.sac.policies.SACPolicy'>","{'use_sde': False}","","<stable_baselines3.common.buffers.ReplayBuffer object at 0x75c47335bd30>","<class 'stable_baselines3.common.buffers.ReplayBuffer'>","{}","","","","-1","None","1767929311821334500","-6","","1","0.005","logs/","SAC","256","1000000","0.99","1","0.0003","10000","","1","0.005","1000000","1","TrainFreq(frequency=1, unit=<TrainFrequencyUnit.STEP: 'step'>)","False","False","1","","online","NSMDMPI_EXP","[""halfcheetah"",""nsmdmpi"",""linear"",""gravity"",""sac""]","1000000","0","0","0","0","1","125","","0","1.5606","0.0374984","0.5","0.35","2.8826547","0.00010407074","0","1000","11","-721.65656","","","","23.088646","0.19882455","0.16281353","","","0.0003","","",""
"HalfCheetah_NSMDMPI_friction_sine_Seed4_20260109_102818","10416.198","finished","-","","friction, halfcheetah, nsmdmpi, sac, sine","2026-01-09T03:28:28.000Z","87185","","1","False","0","[ True]","[[-0.07227461  0.0754817  -0.0384837  -0.07109906  0.0272833   0.06147728
  -0.01967011  0.01021915  0.03129796 -0.12691161 -0.03162414 -0.16011356
  -0.10026054 -0.06018433  0.02275732 -0.01450904 -0.02075069]]","None","<stable_baselines3.common.logger.Logger object at 0x7e2e52ea6ce0>","0","0","100","1000000","None","None","Box(-1.0, 1.0, (6,), float32)","Actor(
  (features_extractor): FlattenExtractor(
    (flatten): Flatten(start_dim=1, end_dim=-1)
  )
  (latent_pi): Sequential(
    (0): Linear(in_features=17, out_features=256, bias=True)
    (1): ReLU()
    (2): Linear(in_features=256, out_features=256, bias=True)
    (3): ReLU()
  )
  (mu): Linear(in_features=256, out_features=6, bias=True)
  (log_std): Linear(in_features=256, out_features=6, bias=True)
)","false","SAC","[]","[]","256","1000000","","","ContinuousCritic(
  (features_extractor): FlattenExtractor(
    (flatten): Flatten(start_dim=1, end_dim=-1)
  )
  (qf0): Sequential(
    (0): Linear(in_features=23, out_features=256, bias=True)
    (1): ReLU()
    (2): Linear(in_features=256, out_features=256, bias=True)
    (3): ReLU()
    (4): Linear(in_features=256, out_features=1, bias=True)
  )
  (qf1): Sequential(
    (0): Linear(in_features=23, out_features=256, bias=True)
    (1): ReLU()
    (2): Linear(in_features=256, out_features=256, bias=True)
    (3): ReLU()
    (4): Linear(in_features=256, out_features=1, bias=True)
  )
)","ContinuousCritic(
  (features_extractor): FlattenExtractor(
    (flatten): Flatten(start_dim=1, end_dim=-1)
  )
  (qf0): Sequential(
    (0): Linear(in_features=23, out_features=256, bias=True)
    (1): ReLU()
    (2): Linear(in_features=256, out_features=256, bias=True)
    (3): ReLU()
    (4): Linear(in_features=256, out_features=1, bias=True)
  )
  (qf1): Sequential(
    (0): Linear(in_features=23, out_features=256, bias=True)
    (1): ReLU()
    (2): Linear(in_features=256, out_features=256, bias=True)
    (3): ReLU()
    (4): Linear(in_features=256, out_features=1, bias=True)
  )
)","cuda","auto","Adam (
Parameter Group 0
    amsgrad: False
    betas: (0.9, 0.999)
    capturable: False
    decoupled_weight_decay: False
    differentiable: False
    eps: 1e-08
    foreach: None
    fused: None
    lr: 0.0003
    maximize: False
    weight_decay: 0
)","sine","0.3","friction","5000","HalfCheetah-v4","","","deque([], maxlen=100)","deque([], maxlen=100)","","0.99","1","0.0003","10000","tensor([0.], device='cuda:0', requires_grad=True)","FloatSchedule(ConstantSchedule(val=0.0003))","","","","","1","","1","","100","200","150","100","true","false","0.2","budgets/","2","500","0.5","1","1.5","5000","0.04","true","0.99","true","0.2","0.35","0.05","true","1","5","0.2","100","0.5","0.05","0.6","true","0.25","1","0","Box(-inf, inf, (17,), float64)","False","","","","","","","","","","","","","","","","","","","","","","","","","","","","","","","","","","","","","","","","","","","","","","","","","","","","","","","","","","","","","","","","","","","","","","","","","","","","","","","","","","","","","","","","","","","","","","","","","","","","","","","","","","","","","","","","","","","","","","","","","","","","","","","","","","","","","","","","","","","","","","","","","","","","","","","","","","","","","","","","","","","","","","","","","","","","","","","","","","","","","","","","","","","","","","","","","","","","","","","","","","","","","","","","","","","","","","","","","","","","","","","","","","","","","","logs/","models/","videos/","SACPolicy(
  (actor): Actor(
    (features_extractor): FlattenExtractor(
      (flatten): Flatten(start_dim=1, end_dim=-1)
    )
    (latent_pi): Sequential(
      (0): Linear(in_features=17, out_features=256, bias=True)
      (1): ReLU()
      (2): Linear(in_features=256, out_features=256, bias=True)
      (3): ReLU()
    )
    (mu): Linear(in_features=256, out_features=6, bias=True)
    (log_std): Linear(in_features=256, out_features=6, bias=True)
  )
  (critic): ContinuousCritic(
    (features_extractor): FlattenExtractor(
      (flatten): Flatten(start_dim=1, end_dim=-1)
    )
    (qf0): Sequential(
      (0): Linear(in_features=23, out_features=256, bias=True)
      (1): ReLU()
      (2): Linear(in_features=256, out_features=256, bias=True)
      (3): ReLU()
      (4): Linear(in_features=256, out_features=1, bias=True)
    )
    (qf1): Sequential(
      (0): Linear(in_features=23, out_features=256, bias=True)
      (1): ReLU()
      (2): Linear(in_features=256, out_features=256, bias=True)
      (3): ReLU()
      (4): Linear(in_features=256, out_features=1, bias=True)
    )
  )
  (critic_target): ContinuousCritic(
    (features_extractor): FlattenExtractor(
      (flatten): Flatten(start_dim=1, end_dim=-1)
    )
    (qf0): Sequential(
      (0): Linear(in_features=23, out_features=256, bias=True)
      (1): ReLU()
      (2): Linear(in_features=256, out_features=256, bias=True)
      (3): ReLU()
      (4): Linear(in_features=256, out_features=1, bias=True)
    )
    (qf1): Sequential(
      (0): Linear(in_features=23, out_features=256, bias=True)
      (1): ReLU()
      (2): Linear(in_features=256, out_features=256, bias=True)
      (3): ReLU()
      (4): Linear(in_features=256, out_features=1, bias=True)
    )
  )
)","<class 'stable_baselines3.sac.policies.SACPolicy'>","{'use_sde': False}","","<stable_baselines3.common.buffers.ReplayBuffer object at 0x7e2e6d557d60>","<class 'stable_baselines3.common.buffers.ReplayBuffer'>","{}","","","","-1","None","1767929312348210200","-6","","1","0.005","logs/","SAC","256","1000000","0.99","1","0.0003","10000","","4","0.005","1000000","1","TrainFreq(frequency=1, unit=<TrainFrequencyUnit.STEP: 'step'>)","False","False","1","","online","NSMDMPI_EXP","[""halfcheetah"",""nsmdmpi"",""sine"",""friction"",""sac""]","1000000","0","0","0","0","1","100","","0","0.037489936","0.048237","0.22089438","0.23215279","1.0771667","0.00027850844","0","1000","11","-795.9724","","","","18.484655","0.24004471","-0.22131395","","","0.0003","","",""
"HalfCheetah_NSMDMPI_friction_sine_Seed0_20260109_102818","7771.4707","finished","-","","friction, halfcheetah, nsmdmpi, sac, sine","2026-01-09T03:28:28.000Z","87253","","1","False","0","[ True]","[[ 0.09863075 -0.04670521  0.06329374  0.0750475  -0.07507785 -0.05605658
  -0.03361568  0.03087202 -0.08347617  0.0817326   0.03868652  0.05283534
   0.09250976 -0.05018647 -0.11634687  0.08417619  0.23845995]]","None","<stable_baselines3.common.logger.Logger object at 0x766a50fb2e60>","0","0","100","1000000","None","None","Box(-1.0, 1.0, (6,), float32)","Actor(
  (features_extractor): FlattenExtractor(
    (flatten): Flatten(start_dim=1, end_dim=-1)
  )
  (latent_pi): Sequential(
    (0): Linear(in_features=17, out_features=256, bias=True)
    (1): ReLU()
    (2): Linear(in_features=256, out_features=256, bias=True)
    (3): ReLU()
  )
  (mu): Linear(in_features=256, out_features=6, bias=True)
  (log_std): Linear(in_features=256, out_features=6, bias=True)
)","false","SAC","[]","[]","256","1000000","","","ContinuousCritic(
  (features_extractor): FlattenExtractor(
    (flatten): Flatten(start_dim=1, end_dim=-1)
  )
  (qf0): Sequential(
    (0): Linear(in_features=23, out_features=256, bias=True)
    (1): ReLU()
    (2): Linear(in_features=256, out_features=256, bias=True)
    (3): ReLU()
    (4): Linear(in_features=256, out_features=1, bias=True)
  )
  (qf1): Sequential(
    (0): Linear(in_features=23, out_features=256, bias=True)
    (1): ReLU()
    (2): Linear(in_features=256, out_features=256, bias=True)
    (3): ReLU()
    (4): Linear(in_features=256, out_features=1, bias=True)
  )
)","ContinuousCritic(
  (features_extractor): FlattenExtractor(
    (flatten): Flatten(start_dim=1, end_dim=-1)
  )
  (qf0): Sequential(
    (0): Linear(in_features=23, out_features=256, bias=True)
    (1): ReLU()
    (2): Linear(in_features=256, out_features=256, bias=True)
    (3): ReLU()
    (4): Linear(in_features=256, out_features=1, bias=True)
  )
  (qf1): Sequential(
    (0): Linear(in_features=23, out_features=256, bias=True)
    (1): ReLU()
    (2): Linear(in_features=256, out_features=256, bias=True)
    (3): ReLU()
    (4): Linear(in_features=256, out_features=1, bias=True)
  )
)","cuda","auto","Adam (
Parameter Group 0
    amsgrad: False
    betas: (0.9, 0.999)
    capturable: False
    decoupled_weight_decay: False
    differentiable: False
    eps: 1e-08
    foreach: None
    fused: None
    lr: 0.0003
    maximize: False
    weight_decay: 0
)","sine","0.3","friction","5000","HalfCheetah-v4","","","deque([], maxlen=100)","deque([], maxlen=100)","","0.99","1","0.0003","10000","tensor([0.], device='cuda:0', requires_grad=True)","FloatSchedule(ConstantSchedule(val=0.0003))","","","","","1","","1","","100","200","150","100","true","false","0.2","budgets/","2","500","0.5","1","1.5","5000","0.04","true","0.99","true","0.2","0.35","0.05","true","1","5","0.2","100","0.5","0.05","0.6","true","0.25","1","0","Box(-inf, inf, (17,), float64)","False","","","","","","","","","","","","","","","","","","","","","","","","","","","","","","","","","","","","","","","","","","","","","","","","","","","","","","","","","","","","","","","","","","","","","","","","","","","","","","","","","","","","","","","","","","","","","","","","","","","","","","","","","","","","","","","","","","","","","","","","","","","","","","","","","","","","","","","","","","","","","","","","","","","","","","","","","","","","","","","","","","","","","","","","","","","","","","","","","","","","","","","","","","","","","","","","","","","","","","","","","","","","","","","","","","","","","","","","","","","","","","","","","","","","","","logs/","models/","videos/","SACPolicy(
  (actor): Actor(
    (features_extractor): FlattenExtractor(
      (flatten): Flatten(start_dim=1, end_dim=-1)
    )
    (latent_pi): Sequential(
      (0): Linear(in_features=17, out_features=256, bias=True)
      (1): ReLU()
      (2): Linear(in_features=256, out_features=256, bias=True)
      (3): ReLU()
    )
    (mu): Linear(in_features=256, out_features=6, bias=True)
    (log_std): Linear(in_features=256, out_features=6, bias=True)
  )
  (critic): ContinuousCritic(
    (features_extractor): FlattenExtractor(
      (flatten): Flatten(start_dim=1, end_dim=-1)
    )
    (qf0): Sequential(
      (0): Linear(in_features=23, out_features=256, bias=True)
      (1): ReLU()
      (2): Linear(in_features=256, out_features=256, bias=True)
      (3): ReLU()
      (4): Linear(in_features=256, out_features=1, bias=True)
    )
    (qf1): Sequential(
      (0): Linear(in_features=23, out_features=256, bias=True)
      (1): ReLU()
      (2): Linear(in_features=256, out_features=256, bias=True)
      (3): ReLU()
      (4): Linear(in_features=256, out_features=1, bias=True)
    )
  )
  (critic_target): ContinuousCritic(
    (features_extractor): FlattenExtractor(
      (flatten): Flatten(start_dim=1, end_dim=-1)
    )
    (qf0): Sequential(
      (0): Linear(in_features=23, out_features=256, bias=True)
      (1): ReLU()
      (2): Linear(in_features=256, out_features=256, bias=True)
      (3): ReLU()
      (4): Linear(in_features=256, out_features=1, bias=True)
    )
    (qf1): Sequential(
      (0): Linear(in_features=23, out_features=256, bias=True)
      (1): ReLU()
      (2): Linear(in_features=256, out_features=256, bias=True)
      (3): ReLU()
      (4): Linear(in_features=256, out_features=1, bias=True)
    )
  )
)","<class 'stable_baselines3.sac.policies.SACPolicy'>","{'use_sde': False}","","<stable_baselines3.common.buffers.ReplayBuffer object at 0x766a5f6d3b80>","<class 'stable_baselines3.common.buffers.ReplayBuffer'>","{}","","","","-1","None","1767929312199965000","-6","","1","0.005","logs/","SAC","256","1000000","0.99","1","0.0003","10000","","0","0.005","1000000","1","TrainFreq(frequency=1, unit=<TrainFrequencyUnit.STEP: 'step'>)","False","False","1","","online","NSMDMPI_EXP","[""halfcheetah"",""nsmdmpi"",""sine"",""friction"",""sac""]","1000000","0","0","0","0","1","100","","0","0.037489936","0.025491849","0.21634535","0.2270303","1.0648727","0.00028172383","0","1000","11","-579.6043","","","","34.377625","0.21458688","-0.4823392","","","0.0003","","",""
"HalfCheetah_Baseline_friction_sine_Seed2_20260109_102818","10411.789","finished","-","","baseline, friction, halfcheetah, sac, sine","2026-01-09T03:28:28.000Z","84457","","1","False","0","[ True]","[[ 0.02265996  0.04136566  0.00710286 -0.05600594  0.02137387 -0.02762672
   0.06189299  0.02951091 -0.08706597  0.15014053  0.02227629 -0.12060359
   0.14764974 -0.05839371  0.04308536  0.04835603 -0.00782592]]","None","<stable_baselines3.common.logger.Logger object at 0x7b7930de4a30>","0","0","100","1000000","None","None","Box(-1.0, 1.0, (6,), float32)","Actor(
  (features_extractor): FlattenExtractor(
    (flatten): Flatten(start_dim=1, end_dim=-1)
  )
  (latent_pi): Sequential(
    (0): Linear(in_features=17, out_features=256, bias=True)
    (1): ReLU()
    (2): Linear(in_features=256, out_features=256, bias=True)
    (3): ReLU()
  )
  (mu): Linear(in_features=256, out_features=6, bias=True)
  (log_std): Linear(in_features=256, out_features=6, bias=True)
)","false","SAC","[]","[]","256","1000000","","","ContinuousCritic(
  (features_extractor): FlattenExtractor(
    (flatten): Flatten(start_dim=1, end_dim=-1)
  )
  (qf0): Sequential(
    (0): Linear(in_features=23, out_features=256, bias=True)
    (1): ReLU()
    (2): Linear(in_features=256, out_features=256, bias=True)
    (3): ReLU()
    (4): Linear(in_features=256, out_features=1, bias=True)
  )
  (qf1): Sequential(
    (0): Linear(in_features=23, out_features=256, bias=True)
    (1): ReLU()
    (2): Linear(in_features=256, out_features=256, bias=True)
    (3): ReLU()
    (4): Linear(in_features=256, out_features=1, bias=True)
  )
)","ContinuousCritic(
  (features_extractor): FlattenExtractor(
    (flatten): Flatten(start_dim=1, end_dim=-1)
  )
  (qf0): Sequential(
    (0): Linear(in_features=23, out_features=256, bias=True)
    (1): ReLU()
    (2): Linear(in_features=256, out_features=256, bias=True)
    (3): ReLU()
    (4): Linear(in_features=256, out_features=1, bias=True)
  )
  (qf1): Sequential(
    (0): Linear(in_features=23, out_features=256, bias=True)
    (1): ReLU()
    (2): Linear(in_features=256, out_features=256, bias=True)
    (3): ReLU()
    (4): Linear(in_features=256, out_features=1, bias=True)
  )
)","cuda","auto","Adam (
Parameter Group 0
    amsgrad: False
    betas: (0.9, 0.999)
    capturable: False
    decoupled_weight_decay: False
    differentiable: False
    eps: 1e-08
    foreach: None
    fused: None
    lr: 0.0003
    maximize: False
    weight_decay: 0
)","sine","0.3","friction","5000","HalfCheetah-v4","","","deque([], maxlen=100)","deque([], maxlen=100)","","0.99","1","0.0003","10000","tensor([0.], device='cuda:0', requires_grad=True)","FloatSchedule(ConstantSchedule(val=0.0003))","","","","","1","","1","","","","","","","","","","","","","","","","","false","","","","","","","","","","","","","","","","","0","Box(-inf, inf, (17,), float64)","False","","","","","","","","","","","","","","","","","","","","","","","","","","","","","","","","","","","","","","","","","","","","","","","","","","","","","","","","","","","","","","","","","","","","","","","","","","","","","","","","","","","","","","","","","","","","","","","","","","","","","","","","","","","","","","","","","","","","","","","","","","","","","","","","","","","","","","","","","","","","","","","","","","","","","","","","","","","","","","","","","","","","","","","","","","","","","","","","","","","","","","","","","","","","","","","","","","","","","","","","","","","","","","","","","","","","","","","","","","","","","","","","","","","","","","logs/","models/","videos/","SACPolicy(
  (actor): Actor(
    (features_extractor): FlattenExtractor(
      (flatten): Flatten(start_dim=1, end_dim=-1)
    )
    (latent_pi): Sequential(
      (0): Linear(in_features=17, out_features=256, bias=True)
      (1): ReLU()
      (2): Linear(in_features=256, out_features=256, bias=True)
      (3): ReLU()
    )
    (mu): Linear(in_features=256, out_features=6, bias=True)
    (log_std): Linear(in_features=256, out_features=6, bias=True)
  )
  (critic): ContinuousCritic(
    (features_extractor): FlattenExtractor(
      (flatten): Flatten(start_dim=1, end_dim=-1)
    )
    (qf0): Sequential(
      (0): Linear(in_features=23, out_features=256, bias=True)
      (1): ReLU()
      (2): Linear(in_features=256, out_features=256, bias=True)
      (3): ReLU()
      (4): Linear(in_features=256, out_features=1, bias=True)
    )
    (qf1): Sequential(
      (0): Linear(in_features=23, out_features=256, bias=True)
      (1): ReLU()
      (2): Linear(in_features=256, out_features=256, bias=True)
      (3): ReLU()
      (4): Linear(in_features=256, out_features=1, bias=True)
    )
  )
  (critic_target): ContinuousCritic(
    (features_extractor): FlattenExtractor(
      (flatten): Flatten(start_dim=1, end_dim=-1)
    )
    (qf0): Sequential(
      (0): Linear(in_features=23, out_features=256, bias=True)
      (1): ReLU()
      (2): Linear(in_features=256, out_features=256, bias=True)
      (3): ReLU()
      (4): Linear(in_features=256, out_features=1, bias=True)
    )
    (qf1): Sequential(
      (0): Linear(in_features=23, out_features=256, bias=True)
      (1): ReLU()
      (2): Linear(in_features=256, out_features=256, bias=True)
      (3): ReLU()
      (4): Linear(in_features=256, out_features=1, bias=True)
    )
  )
)","<class 'stable_baselines3.sac.policies.SACPolicy'>","{'use_sde': False}","","<stable_baselines3.common.buffers.ReplayBuffer object at 0x7b793f580250>","<class 'stable_baselines3.common.buffers.ReplayBuffer'>","{}","","","","-1","None","1767929313105389600","-6","","1","0.005","logs/","SAC","256","1000000","0.99","1","0.0003","10000","","2","0.005","1000000","1","TrainFreq(frequency=1, unit=<TrainFrequencyUnit.STEP: 'step'>)","False","False","1","","online","NSMDMPI_EXP","[""halfcheetah"",""baseline"",""sine"",""friction"",""sac""]","1000000","","","","","","","","","","","","","","","","1000","11","-800.7434","","","","27.768068","0.24886549","-0.5584844","","","0.0003","","",""
"HalfCheetah_Baseline_gravity_linear_Seed1_20260109_102818","9581.661","finished","-","","baseline, gravity, halfcheetah, linear, sac","2026-01-09T03:28:28.000Z","84475","","1","False","0","[ True]","[[-0.09985005  0.09778779 -0.02338854  0.05137612 -0.06250068  0.06102237
   0.03042646 -0.0813345   0.09495739  0.03830692  0.20829141  0.00930066
   0.07716071 -0.05108732 -0.17832835 -0.06404138 -0.0537515 ]]","None","<stable_baselines3.common.logger.Logger object at 0x7881b4a004c0>","0","0","100","1000000","None","None","Box(-1.0, 1.0, (6,), float32)","Actor(
  (features_extractor): FlattenExtractor(
    (flatten): Flatten(start_dim=1, end_dim=-1)
  )
  (latent_pi): Sequential(
    (0): Linear(in_features=17, out_features=256, bias=True)
    (1): ReLU()
    (2): Linear(in_features=256, out_features=256, bias=True)
    (3): ReLU()
  )
  (mu): Linear(in_features=256, out_features=6, bias=True)
  (log_std): Linear(in_features=256, out_features=6, bias=True)
)","false","SAC","[]","[]","256","1000000","","","ContinuousCritic(
  (features_extractor): FlattenExtractor(
    (flatten): Flatten(start_dim=1, end_dim=-1)
  )
  (qf0): Sequential(
    (0): Linear(in_features=23, out_features=256, bias=True)
    (1): ReLU()
    (2): Linear(in_features=256, out_features=256, bias=True)
    (3): ReLU()
    (4): Linear(in_features=256, out_features=1, bias=True)
  )
  (qf1): Sequential(
    (0): Linear(in_features=23, out_features=256, bias=True)
    (1): ReLU()
    (2): Linear(in_features=256, out_features=256, bias=True)
    (3): ReLU()
    (4): Linear(in_features=256, out_features=1, bias=True)
  )
)","ContinuousCritic(
  (features_extractor): FlattenExtractor(
    (flatten): Flatten(start_dim=1, end_dim=-1)
  )
  (qf0): Sequential(
    (0): Linear(in_features=23, out_features=256, bias=True)
    (1): ReLU()
    (2): Linear(in_features=256, out_features=256, bias=True)
    (3): ReLU()
    (4): Linear(in_features=256, out_features=1, bias=True)
  )
  (qf1): Sequential(
    (0): Linear(in_features=23, out_features=256, bias=True)
    (1): ReLU()
    (2): Linear(in_features=256, out_features=256, bias=True)
    (3): ReLU()
    (4): Linear(in_features=256, out_features=1, bias=True)
  )
)","cuda","auto","Adam (
Parameter Group 0
    amsgrad: False
    betas: (0.9, 0.999)
    capturable: False
    decoupled_weight_decay: False
    differentiable: False
    eps: 1e-08
    foreach: None
    fused: None
    lr: 0.0003
    maximize: False
    weight_decay: 0
)","linear","3","gravity","5000","HalfCheetah-v4","","","deque([], maxlen=100)","deque([], maxlen=100)","","0.99","1","0.0003","10000","tensor([0.], device='cuda:0', requires_grad=True)","FloatSchedule(ConstantSchedule(val=0.0003))","","","","","1","","1","","","","","","","","","","","","","","","","","false","","","","","","","","","","","","","","","","","0","Box(-inf, inf, (17,), float64)","False","","","","","","","","","","","","","","","","","","","","","","","","","","","","","","","","","","","","","","","","","","","","","","","","","","","","","","","","","","","","","","","","","","","","","","","","","","","","","","","","","","","","","","","","","","","","","","","","","","","","","","","","","","","","","","","","","","","","","","","","","","","","","","","","","","","","","","","","","","","","","","","","","","","","","","","","","","","","","","","","","","","","","","","","","","","","","","","","","","","","","","","","","","","","","","","","","","","","","","","","","","","","","","","","","","","","","","","","","","","","","","","","","","","","","","logs/","models/","videos/","SACPolicy(
  (actor): Actor(
    (features_extractor): FlattenExtractor(
      (flatten): Flatten(start_dim=1, end_dim=-1)
    )
    (latent_pi): Sequential(
      (0): Linear(in_features=17, out_features=256, bias=True)
      (1): ReLU()
      (2): Linear(in_features=256, out_features=256, bias=True)
      (3): ReLU()
    )
    (mu): Linear(in_features=256, out_features=6, bias=True)
    (log_std): Linear(in_features=256, out_features=6, bias=True)
  )
  (critic): ContinuousCritic(
    (features_extractor): FlattenExtractor(
      (flatten): Flatten(start_dim=1, end_dim=-1)
    )
    (qf0): Sequential(
      (0): Linear(in_features=23, out_features=256, bias=True)
      (1): ReLU()
      (2): Linear(in_features=256, out_features=256, bias=True)
      (3): ReLU()
      (4): Linear(in_features=256, out_features=1, bias=True)
    )
    (qf1): Sequential(
      (0): Linear(in_features=23, out_features=256, bias=True)
      (1): ReLU()
      (2): Linear(in_features=256, out_features=256, bias=True)
      (3): ReLU()
      (4): Linear(in_features=256, out_features=1, bias=True)
    )
  )
  (critic_target): ContinuousCritic(
    (features_extractor): FlattenExtractor(
      (flatten): Flatten(start_dim=1, end_dim=-1)
    )
    (qf0): Sequential(
      (0): Linear(in_features=23, out_features=256, bias=True)
      (1): ReLU()
      (2): Linear(in_features=256, out_features=256, bias=True)
      (3): ReLU()
      (4): Linear(in_features=256, out_features=1, bias=True)
    )
    (qf1): Sequential(
      (0): Linear(in_features=23, out_features=256, bias=True)
      (1): ReLU()
      (2): Linear(in_features=256, out_features=256, bias=True)
      (3): ReLU()
      (4): Linear(in_features=256, out_features=1, bias=True)
    )
  )
)","<class 'stable_baselines3.sac.policies.SACPolicy'>","{'use_sde': False}","","<stable_baselines3.common.buffers.ReplayBuffer object at 0x7881c3163760>","<class 'stable_baselines3.common.buffers.ReplayBuffer'>","{}","","","","-1","None","1767929313338471400","-6","","1","0.005","logs/","SAC","256","1000000","0.99","1","0.0003","10000","","1","0.005","1000000","1","TrainFreq(frequency=1, unit=<TrainFrequencyUnit.STEP: 'step'>)","False","False","1","","online","NSMDMPI_EXP","[""halfcheetah"",""baseline"",""linear"",""gravity"",""sac""]","1000000","","","","","","","","","","","","","","","","1000","11","-761.7503","","","","11.1816845","0.17938413","-0.7390121","","","0.0003","","",""
"HalfCheetah_Baseline_friction_sine_Seed3_20260109_102818","10394.142","finished","-","","baseline, friction, halfcheetah, sac, sine","2026-01-09T03:28:27.000Z","84473","","1","False","0","[ True]","[[-0.03613258 -0.00754296 -0.00884242 -0.09729359 -0.02681762  0.07410099
   0.09742118 -0.0056479  -0.00818682 -0.10371121  0.23165561  0.03323913
  -0.07240752  0.1615821   0.15803086  0.09149889  0.02521463]]","None","<stable_baselines3.common.logger.Logger object at 0x71f0140a0ac0>","0","0","100","1000000","None","None","Box(-1.0, 1.0, (6,), float32)","Actor(
  (features_extractor): FlattenExtractor(
    (flatten): Flatten(start_dim=1, end_dim=-1)
  )
  (latent_pi): Sequential(
    (0): Linear(in_features=17, out_features=256, bias=True)
    (1): ReLU()
    (2): Linear(in_features=256, out_features=256, bias=True)
    (3): ReLU()
  )
  (mu): Linear(in_features=256, out_features=6, bias=True)
  (log_std): Linear(in_features=256, out_features=6, bias=True)
)","false","SAC","[]","[]","256","1000000","","","ContinuousCritic(
  (features_extractor): FlattenExtractor(
    (flatten): Flatten(start_dim=1, end_dim=-1)
  )
  (qf0): Sequential(
    (0): Linear(in_features=23, out_features=256, bias=True)
    (1): ReLU()
    (2): Linear(in_features=256, out_features=256, bias=True)
    (3): ReLU()
    (4): Linear(in_features=256, out_features=1, bias=True)
  )
  (qf1): Sequential(
    (0): Linear(in_features=23, out_features=256, bias=True)
    (1): ReLU()
    (2): Linear(in_features=256, out_features=256, bias=True)
    (3): ReLU()
    (4): Linear(in_features=256, out_features=1, bias=True)
  )
)","ContinuousCritic(
  (features_extractor): FlattenExtractor(
    (flatten): Flatten(start_dim=1, end_dim=-1)
  )
  (qf0): Sequential(
    (0): Linear(in_features=23, out_features=256, bias=True)
    (1): ReLU()
    (2): Linear(in_features=256, out_features=256, bias=True)
    (3): ReLU()
    (4): Linear(in_features=256, out_features=1, bias=True)
  )
  (qf1): Sequential(
    (0): Linear(in_features=23, out_features=256, bias=True)
    (1): ReLU()
    (2): Linear(in_features=256, out_features=256, bias=True)
    (3): ReLU()
    (4): Linear(in_features=256, out_features=1, bias=True)
  )
)","cuda","auto","Adam (
Parameter Group 0
    amsgrad: False
    betas: (0.9, 0.999)
    capturable: False
    decoupled_weight_decay: False
    differentiable: False
    eps: 1e-08
    foreach: None
    fused: None
    lr: 0.0003
    maximize: False
    weight_decay: 0
)","sine","0.3","friction","5000","HalfCheetah-v4","","","deque([], maxlen=100)","deque([], maxlen=100)","","0.99","1","0.0003","10000","tensor([0.], device='cuda:0', requires_grad=True)","FloatSchedule(ConstantSchedule(val=0.0003))","","","","","1","","1","","","","","","","","","","","","","","","","","false","","","","","","","","","","","","","","","","","0","Box(-inf, inf, (17,), float64)","False","","","","","","","","","","","","","","","","","","","","","","","","","","","","","","","","","","","","","","","","","","","","","","","","","","","","","","","","","","","","","","","","","","","","","","","","","","","","","","","","","","","","","","","","","","","","","","","","","","","","","","","","","","","","","","","","","","","","","","","","","","","","","","","","","","","","","","","","","","","","","","","","","","","","","","","","","","","","","","","","","","","","","","","","","","","","","","","","","","","","","","","","","","","","","","","","","","","","","","","","","","","","","","","","","","","","","","","","","","","","","","","","","","","","","","logs/","models/","videos/","SACPolicy(
  (actor): Actor(
    (features_extractor): FlattenExtractor(
      (flatten): Flatten(start_dim=1, end_dim=-1)
    )
    (latent_pi): Sequential(
      (0): Linear(in_features=17, out_features=256, bias=True)
      (1): ReLU()
      (2): Linear(in_features=256, out_features=256, bias=True)
      (3): ReLU()
    )
    (mu): Linear(in_features=256, out_features=6, bias=True)
    (log_std): Linear(in_features=256, out_features=6, bias=True)
  )
  (critic): ContinuousCritic(
    (features_extractor): FlattenExtractor(
      (flatten): Flatten(start_dim=1, end_dim=-1)
    )
    (qf0): Sequential(
      (0): Linear(in_features=23, out_features=256, bias=True)
      (1): ReLU()
      (2): Linear(in_features=256, out_features=256, bias=True)
      (3): ReLU()
      (4): Linear(in_features=256, out_features=1, bias=True)
    )
    (qf1): Sequential(
      (0): Linear(in_features=23, out_features=256, bias=True)
      (1): ReLU()
      (2): Linear(in_features=256, out_features=256, bias=True)
      (3): ReLU()
      (4): Linear(in_features=256, out_features=1, bias=True)
    )
  )
  (critic_target): ContinuousCritic(
    (features_extractor): FlattenExtractor(
      (flatten): Flatten(start_dim=1, end_dim=-1)
    )
    (qf0): Sequential(
      (0): Linear(in_features=23, out_features=256, bias=True)
      (1): ReLU()
      (2): Linear(in_features=256, out_features=256, bias=True)
      (3): ReLU()
      (4): Linear(in_features=256, out_features=1, bias=True)
    )
    (qf1): Sequential(
      (0): Linear(in_features=23, out_features=256, bias=True)
      (1): ReLU()
      (2): Linear(in_features=256, out_features=256, bias=True)
      (3): ReLU()
      (4): Linear(in_features=256, out_features=1, bias=True)
    )
  )
)","<class 'stable_baselines3.sac.policies.SACPolicy'>","{'use_sde': False}","","<stable_baselines3.common.buffers.ReplayBuffer object at 0x71f022521930>","<class 'stable_baselines3.common.buffers.ReplayBuffer'>","{}","","","","-1","None","1767929311622275800","-6","","1","0.005","logs/","SAC","256","1000000","0.99","1","0.0003","10000","","3","0.005","1000000","1","TrainFreq(frequency=1, unit=<TrainFrequencyUnit.STEP: 'step'>)","False","False","1","","online","NSMDMPI_EXP","[""halfcheetah"",""baseline"",""sine"",""friction"",""sac""]","1000000","","","","","","","","","","","","","","","","1000","11","-807.43066","","","","18.211971","0.24546431","0.14759593","","","0.0003","","",""
"HalfCheetah_Baseline_friction_sine_Seed0_20260109_102818","10018.126","finished","-","","baseline, friction, halfcheetah, sac, sine","2026-01-09T03:28:27.000Z","84463","","1","False","0","[ True]","[[-0.08652621 -0.04229125  0.05611927 -0.05893033 -0.01597853 -0.04678957
   0.05921013 -0.02127257  0.0684516  -0.07711017 -0.01788541  0.154135
  -0.13298274  0.01201874  0.17408449 -0.04817709 -0.0204698 ]]","None","<stable_baselines3.common.logger.Logger object at 0x78792caf28c0>","0","0","100","1000000","None","None","Box(-1.0, 1.0, (6,), float32)","Actor(
  (features_extractor): FlattenExtractor(
    (flatten): Flatten(start_dim=1, end_dim=-1)
  )
  (latent_pi): Sequential(
    (0): Linear(in_features=17, out_features=256, bias=True)
    (1): ReLU()
    (2): Linear(in_features=256, out_features=256, bias=True)
    (3): ReLU()
  )
  (mu): Linear(in_features=256, out_features=6, bias=True)
  (log_std): Linear(in_features=256, out_features=6, bias=True)
)","false","SAC","[]","[]","256","1000000","","","ContinuousCritic(
  (features_extractor): FlattenExtractor(
    (flatten): Flatten(start_dim=1, end_dim=-1)
  )
  (qf0): Sequential(
    (0): Linear(in_features=23, out_features=256, bias=True)
    (1): ReLU()
    (2): Linear(in_features=256, out_features=256, bias=True)
    (3): ReLU()
    (4): Linear(in_features=256, out_features=1, bias=True)
  )
  (qf1): Sequential(
    (0): Linear(in_features=23, out_features=256, bias=True)
    (1): ReLU()
    (2): Linear(in_features=256, out_features=256, bias=True)
    (3): ReLU()
    (4): Linear(in_features=256, out_features=1, bias=True)
  )
)","ContinuousCritic(
  (features_extractor): FlattenExtractor(
    (flatten): Flatten(start_dim=1, end_dim=-1)
  )
  (qf0): Sequential(
    (0): Linear(in_features=23, out_features=256, bias=True)
    (1): ReLU()
    (2): Linear(in_features=256, out_features=256, bias=True)
    (3): ReLU()
    (4): Linear(in_features=256, out_features=1, bias=True)
  )
  (qf1): Sequential(
    (0): Linear(in_features=23, out_features=256, bias=True)
    (1): ReLU()
    (2): Linear(in_features=256, out_features=256, bias=True)
    (3): ReLU()
    (4): Linear(in_features=256, out_features=1, bias=True)
  )
)","cuda","auto","Adam (
Parameter Group 0
    amsgrad: False
    betas: (0.9, 0.999)
    capturable: False
    decoupled_weight_decay: False
    differentiable: False
    eps: 1e-08
    foreach: None
    fused: None
    lr: 0.0003
    maximize: False
    weight_decay: 0
)","sine","0.3","friction","5000","HalfCheetah-v4","","","deque([], maxlen=100)","deque([], maxlen=100)","","0.99","1","0.0003","10000","tensor([0.], device='cuda:0', requires_grad=True)","FloatSchedule(ConstantSchedule(val=0.0003))","","","","","1","","1","","","","","","","","","","","","","","","","","false","","","","","","","","","","","","","","","","","0","Box(-inf, inf, (17,), float64)","False","","","","","","","","","","","","","","","","","","","","","","","","","","","","","","","","","","","","","","","","","","","","","","","","","","","","","","","","","","","","","","","","","","","","","","","","","","","","","","","","","","","","","","","","","","","","","","","","","","","","","","","","","","","","","","","","","","","","","","","","","","","","","","","","","","","","","","","","","","","","","","","","","","","","","","","","","","","","","","","","","","","","","","","","","","","","","","","","","","","","","","","","","","","","","","","","","","","","","","","","","","","","","","","","","","","","","","","","","","","","","","","","","","","","","","logs/","models/","videos/","SACPolicy(
  (actor): Actor(
    (features_extractor): FlattenExtractor(
      (flatten): Flatten(start_dim=1, end_dim=-1)
    )
    (latent_pi): Sequential(
      (0): Linear(in_features=17, out_features=256, bias=True)
      (1): ReLU()
      (2): Linear(in_features=256, out_features=256, bias=True)
      (3): ReLU()
    )
    (mu): Linear(in_features=256, out_features=6, bias=True)
    (log_std): Linear(in_features=256, out_features=6, bias=True)
  )
  (critic): ContinuousCritic(
    (features_extractor): FlattenExtractor(
      (flatten): Flatten(start_dim=1, end_dim=-1)
    )
    (qf0): Sequential(
      (0): Linear(in_features=23, out_features=256, bias=True)
      (1): ReLU()
      (2): Linear(in_features=256, out_features=256, bias=True)
      (3): ReLU()
      (4): Linear(in_features=256, out_features=1, bias=True)
    )
    (qf1): Sequential(
      (0): Linear(in_features=23, out_features=256, bias=True)
      (1): ReLU()
      (2): Linear(in_features=256, out_features=256, bias=True)
      (3): ReLU()
      (4): Linear(in_features=256, out_features=1, bias=True)
    )
  )
  (critic_target): ContinuousCritic(
    (features_extractor): FlattenExtractor(
      (flatten): Flatten(start_dim=1, end_dim=-1)
    )
    (qf0): Sequential(
      (0): Linear(in_features=23, out_features=256, bias=True)
      (1): ReLU()
      (2): Linear(in_features=256, out_features=256, bias=True)
      (3): ReLU()
      (4): Linear(in_features=256, out_features=1, bias=True)
    )
    (qf1): Sequential(
      (0): Linear(in_features=23, out_features=256, bias=True)
      (1): ReLU()
      (2): Linear(in_features=256, out_features=256, bias=True)
      (3): ReLU()
      (4): Linear(in_features=256, out_features=1, bias=True)
    )
  )
)","<class 'stable_baselines3.sac.policies.SACPolicy'>","{'use_sde': False}","","<stable_baselines3.common.buffers.ReplayBuffer object at 0x787947b53970>","<class 'stable_baselines3.common.buffers.ReplayBuffer'>","{}","","","","-1","None","1767929311697326800","-6","","1","0.005","logs/","SAC","256","1000000","0.99","1","0.0003","10000","","0","0.005","1000000","1","TrainFreq(frequency=1, unit=<TrainFrequencyUnit.STEP: 'step'>)","False","False","1","","online","NSMDMPI_EXP","[""halfcheetah"",""baseline"",""sine"",""friction"",""sac""]","1000000","","","","","","","","","","","","","","","","1000","11","-772.1538","","","","12.595589","0.26993516","-0.35720247","","","0.0003","","",""
"HalfCheetah_NSMDMPI_friction_sine_Seed1_20260109_102818","9389.316","finished","-","","friction, halfcheetah, nsmdmpi, sac, sine","2026-01-09T03:28:27.000Z","87269","","1","False","0","[ True]","[[ 0.08116755  0.05481258 -0.08142177 -0.02387522 -0.01341688  0.04077879
  -0.02645714  0.01823531  0.03973768 -0.05379306 -0.20892713 -0.08845544
   0.01530576  0.07050292 -0.11255771 -0.09693344  0.02337079]]","None","<stable_baselines3.common.logger.Logger object at 0x7b8b34de6c50>","0","0","100","1000000","None","None","Box(-1.0, 1.0, (6,), float32)","Actor(
  (features_extractor): FlattenExtractor(
    (flatten): Flatten(start_dim=1, end_dim=-1)
  )
  (latent_pi): Sequential(
    (0): Linear(in_features=17, out_features=256, bias=True)
    (1): ReLU()
    (2): Linear(in_features=256, out_features=256, bias=True)
    (3): ReLU()
  )
  (mu): Linear(in_features=256, out_features=6, bias=True)
  (log_std): Linear(in_features=256, out_features=6, bias=True)
)","false","SAC","[]","[]","256","1000000","","","ContinuousCritic(
  (features_extractor): FlattenExtractor(
    (flatten): Flatten(start_dim=1, end_dim=-1)
  )
  (qf0): Sequential(
    (0): Linear(in_features=23, out_features=256, bias=True)
    (1): ReLU()
    (2): Linear(in_features=256, out_features=256, bias=True)
    (3): ReLU()
    (4): Linear(in_features=256, out_features=1, bias=True)
  )
  (qf1): Sequential(
    (0): Linear(in_features=23, out_features=256, bias=True)
    (1): ReLU()
    (2): Linear(in_features=256, out_features=256, bias=True)
    (3): ReLU()
    (4): Linear(in_features=256, out_features=1, bias=True)
  )
)","ContinuousCritic(
  (features_extractor): FlattenExtractor(
    (flatten): Flatten(start_dim=1, end_dim=-1)
  )
  (qf0): Sequential(
    (0): Linear(in_features=23, out_features=256, bias=True)
    (1): ReLU()
    (2): Linear(in_features=256, out_features=256, bias=True)
    (3): ReLU()
    (4): Linear(in_features=256, out_features=1, bias=True)
  )
  (qf1): Sequential(
    (0): Linear(in_features=23, out_features=256, bias=True)
    (1): ReLU()
    (2): Linear(in_features=256, out_features=256, bias=True)
    (3): ReLU()
    (4): Linear(in_features=256, out_features=1, bias=True)
  )
)","cuda","auto","Adam (
Parameter Group 0
    amsgrad: False
    betas: (0.9, 0.999)
    capturable: False
    decoupled_weight_decay: False
    differentiable: False
    eps: 1e-08
    foreach: None
    fused: None
    lr: 0.0003
    maximize: False
    weight_decay: 0
)","sine","0.3","friction","5000","HalfCheetah-v4","","","deque([], maxlen=100)","deque([], maxlen=100)","","0.99","1","0.0003","10000","tensor([0.], device='cuda:0', requires_grad=True)","FloatSchedule(ConstantSchedule(val=0.0003))","","","","","1","","1","","100","200","150","100","true","false","0.2","budgets/","2","500","0.5","1","1.5","5000","0.04","true","0.99","true","0.2","0.35","0.05","true","1","5","0.2","100","0.5","0.05","0.6","true","0.25","1","0","Box(-inf, inf, (17,), float64)","False","","","","","","","","","","","","","","","","","","","","","","","","","","","","","","","","","","","","","","","","","","","","","","","","","","","","","","","","","","","","","","","","","","","","","","","","","","","","","","","","","","","","","","","","","","","","","","","","","","","","","","","","","","","","","","","","","","","","","","","","","","","","","","","","","","","","","","","","","","","","","","","","","","","","","","","","","","","","","","","","","","","","","","","","","","","","","","","","","","","","","","","","","","","","","","","","","","","","","","","","","","","","","","","","","","","","","","","","","","","","","","","","","","","","","","logs/","models/","videos/","SACPolicy(
  (actor): Actor(
    (features_extractor): FlattenExtractor(
      (flatten): Flatten(start_dim=1, end_dim=-1)
    )
    (latent_pi): Sequential(
      (0): Linear(in_features=17, out_features=256, bias=True)
      (1): ReLU()
      (2): Linear(in_features=256, out_features=256, bias=True)
      (3): ReLU()
    )
    (mu): Linear(in_features=256, out_features=6, bias=True)
    (log_std): Linear(in_features=256, out_features=6, bias=True)
  )
  (critic): ContinuousCritic(
    (features_extractor): FlattenExtractor(
      (flatten): Flatten(start_dim=1, end_dim=-1)
    )
    (qf0): Sequential(
      (0): Linear(in_features=23, out_features=256, bias=True)
      (1): ReLU()
      (2): Linear(in_features=256, out_features=256, bias=True)
      (3): ReLU()
      (4): Linear(in_features=256, out_features=1, bias=True)
    )
    (qf1): Sequential(
      (0): Linear(in_features=23, out_features=256, bias=True)
      (1): ReLU()
      (2): Linear(in_features=256, out_features=256, bias=True)
      (3): ReLU()
      (4): Linear(in_features=256, out_features=1, bias=True)
    )
  )
  (critic_target): ContinuousCritic(
    (features_extractor): FlattenExtractor(
      (flatten): Flatten(start_dim=1, end_dim=-1)
    )
    (qf0): Sequential(
      (0): Linear(in_features=23, out_features=256, bias=True)
      (1): ReLU()
      (2): Linear(in_features=256, out_features=256, bias=True)
      (3): ReLU()
      (4): Linear(in_features=256, out_features=1, bias=True)
    )
    (qf1): Sequential(
      (0): Linear(in_features=23, out_features=256, bias=True)
      (1): ReLU()
      (2): Linear(in_features=256, out_features=256, bias=True)
      (3): ReLU()
      (4): Linear(in_features=256, out_features=1, bias=True)
    )
  )
)","<class 'stable_baselines3.sac.policies.SACPolicy'>","{'use_sde': False}","","<stable_baselines3.common.buffers.ReplayBuffer object at 0x7b8b435742b0>","<class 'stable_baselines3.common.buffers.ReplayBuffer'>","{}","","","","-1","None","1767929310273825800","-6","","1","0.005","logs/","SAC","256","1000000","0.99","1","0.0003","10000","","1","0.005","1000000","1","TrainFreq(frequency=1, unit=<TrainFrequencyUnit.STEP: 'step'>)","False","False","1","","online","NSMDMPI_EXP","[""halfcheetah"",""nsmdmpi"",""sine"",""friction"",""sac""]","1000000","0","0","0","0","1","100","","0","0.037489936","0.043870546","0.22002108","0.23054758","1.0733142","0.0002795081","0","1000","11","-687.3413","","","","13.893938","0.27637154","0.4032808","","","0.0003","","",""
"HalfCheetah_NSMDMPI_friction_sine_Seed3_20260109_102818","9333.045","finished","-","","friction, halfcheetah, nsmdmpi, sac, sine","2026-01-09T03:28:27.000Z","87261","","1","False","0","[ True]","[[ 0.0568337   0.06509758  0.09526378  0.08564811 -0.00719165 -0.04235073
  -0.09745484 -0.09455185 -0.01161639 -0.00469801  0.05163167 -0.033813
   0.14155459  0.11231363 -0.12985558  0.15747352 -0.21835816]]","None","<stable_baselines3.common.logger.Logger object at 0x76bbc2862890>","0","0","100","1000000","None","None","Box(-1.0, 1.0, (6,), float32)","Actor(
  (features_extractor): FlattenExtractor(
    (flatten): Flatten(start_dim=1, end_dim=-1)
  )
  (latent_pi): Sequential(
    (0): Linear(in_features=17, out_features=256, bias=True)
    (1): ReLU()
    (2): Linear(in_features=256, out_features=256, bias=True)
    (3): ReLU()
  )
  (mu): Linear(in_features=256, out_features=6, bias=True)
  (log_std): Linear(in_features=256, out_features=6, bias=True)
)","false","SAC","[]","[]","256","1000000","","","ContinuousCritic(
  (features_extractor): FlattenExtractor(
    (flatten): Flatten(start_dim=1, end_dim=-1)
  )
  (qf0): Sequential(
    (0): Linear(in_features=23, out_features=256, bias=True)
    (1): ReLU()
    (2): Linear(in_features=256, out_features=256, bias=True)
    (3): ReLU()
    (4): Linear(in_features=256, out_features=1, bias=True)
  )
  (qf1): Sequential(
    (0): Linear(in_features=23, out_features=256, bias=True)
    (1): ReLU()
    (2): Linear(in_features=256, out_features=256, bias=True)
    (3): ReLU()
    (4): Linear(in_features=256, out_features=1, bias=True)
  )
)","ContinuousCritic(
  (features_extractor): FlattenExtractor(
    (flatten): Flatten(start_dim=1, end_dim=-1)
  )
  (qf0): Sequential(
    (0): Linear(in_features=23, out_features=256, bias=True)
    (1): ReLU()
    (2): Linear(in_features=256, out_features=256, bias=True)
    (3): ReLU()
    (4): Linear(in_features=256, out_features=1, bias=True)
  )
  (qf1): Sequential(
    (0): Linear(in_features=23, out_features=256, bias=True)
    (1): ReLU()
    (2): Linear(in_features=256, out_features=256, bias=True)
    (3): ReLU()
    (4): Linear(in_features=256, out_features=1, bias=True)
  )
)","cuda","auto","Adam (
Parameter Group 0
    amsgrad: False
    betas: (0.9, 0.999)
    capturable: False
    decoupled_weight_decay: False
    differentiable: False
    eps: 1e-08
    foreach: None
    fused: None
    lr: 0.0003
    maximize: False
    weight_decay: 0
)","sine","0.3","friction","5000","HalfCheetah-v4","","","deque([], maxlen=100)","deque([], maxlen=100)","","0.99","1","0.0003","10000","tensor([0.], device='cuda:0', requires_grad=True)","FloatSchedule(ConstantSchedule(val=0.0003))","","","","","1","","1","","100","200","150","100","true","false","0.2","budgets/","2","500","0.5","1","1.5","5000","0.04","true","0.99","true","0.2","0.35","0.05","true","1","5","0.2","100","0.5","0.05","0.6","true","0.25","1","0","Box(-inf, inf, (17,), float64)","False","","","","","","","","","","","","","","","","","","","","","","","","","","","","","","","","","","","","","","","","","","","","","","","","","","","","","","","","","","","","","","","","","","","","","","","","","","","","","","","","","","","","","","","","","","","","","","","","","","","","","","","","","","","","","","","","","","","","","","","","","","","","","","","","","","","","","","","","","","","","","","","","","","","","","","","","","","","","","","","","","","","","","","","","","","","","","","","","","","","","","","","","","","","","","","","","","","","","","","","","","","","","","","","","","","","","","","","","","","","","","","","","","","","","","","logs/","models/","videos/","SACPolicy(
  (actor): Actor(
    (features_extractor): FlattenExtractor(
      (flatten): Flatten(start_dim=1, end_dim=-1)
    )
    (latent_pi): Sequential(
      (0): Linear(in_features=17, out_features=256, bias=True)
      (1): ReLU()
      (2): Linear(in_features=256, out_features=256, bias=True)
      (3): ReLU()
    )
    (mu): Linear(in_features=256, out_features=6, bias=True)
    (log_std): Linear(in_features=256, out_features=6, bias=True)
  )
  (critic): ContinuousCritic(
    (features_extractor): FlattenExtractor(
      (flatten): Flatten(start_dim=1, end_dim=-1)
    )
    (qf0): Sequential(
      (0): Linear(in_features=23, out_features=256, bias=True)
      (1): ReLU()
      (2): Linear(in_features=256, out_features=256, bias=True)
      (3): ReLU()
      (4): Linear(in_features=256, out_features=1, bias=True)
    )
    (qf1): Sequential(
      (0): Linear(in_features=23, out_features=256, bias=True)
      (1): ReLU()
      (2): Linear(in_features=256, out_features=256, bias=True)
      (3): ReLU()
      (4): Linear(in_features=256, out_features=1, bias=True)
    )
  )
  (critic_target): ContinuousCritic(
    (features_extractor): FlattenExtractor(
      (flatten): Flatten(start_dim=1, end_dim=-1)
    )
    (qf0): Sequential(
      (0): Linear(in_features=23, out_features=256, bias=True)
      (1): ReLU()
      (2): Linear(in_features=256, out_features=256, bias=True)
      (3): ReLU()
      (4): Linear(in_features=256, out_features=1, bias=True)
    )
    (qf1): Sequential(
      (0): Linear(in_features=23, out_features=256, bias=True)
      (1): ReLU()
      (2): Linear(in_features=256, out_features=256, bias=True)
      (3): ReLU()
      (4): Linear(in_features=256, out_features=1, bias=True)
    )
  )
)","<class 'stable_baselines3.sac.policies.SACPolicy'>","{'use_sde': False}","","<stable_baselines3.common.buffers.ReplayBuffer object at 0x76bbdcd0bcd0>","<class 'stable_baselines3.common.buffers.ReplayBuffer'>","{}","","","","-1","None","1767929310771505000","-6","","1","0.005","logs/","SAC","256","1000000","0.99","1","0.0003","10000","","3","0.005","1000000","1","TrainFreq(frequency=1, unit=<TrainFrequencyUnit.STEP: 'step'>)","False","False","1","","online","NSMDMPI_EXP","[""halfcheetah"",""nsmdmpi"",""sine"",""friction"",""sac""]","1000000","0","0","0","0","1","100","","0","0.037489936","0.35916993","0.28308097","0.31013322","1.2643197","0.00023728177","0","1000","11","-642.5449","","","","8.258067","0.36476517","-0.32291228","","","0.0003","","",""
"FrozenLake_NSMDMPI_slip_jump_Seed4_20260108_185943","0.05","finished","-","","frozenlake, jump, nsmdmpi, slip","2026-01-08T14:05:33.000Z","1584","","1","False","0","[ True]","[0]","None","<stable_baselines3.common.logger.Logger object at 0x75b099957ca0>","0","0","100","500000","None","None","Discrete(4)","","false","PPO","","","64","","FloatSchedule(ConstantSchedule(val=0.2))","None","","","cuda","0","","jump","0.25","slip_prob","1000","FrozenLake-v1","true","4x4","deque([], maxlen=100)","deque([], maxlen=100)","0.95","0.99","","0.001","","","FloatSchedule(ConstantSchedule(val=0.001))","0.5","","","","1","10","2048","True","1","0.8","0.5","0.4","true","false","0.05","budgets/","2","150","0.5","1","1.5","1500","0.08","true","0.99","true","0.2","0.35","0.05","true","1","5","0.2","100","0.2","0.01","0.8","true","0.4","1","0","Discrete(16)","","","","","","","","","","","","","","","","","","","","","","","","","","","","","","","","","","","","","","","","","","","","","","","","","","","","","","","","","","","","","","","","","","","","","","","","","","","","","","","","","","","","","","","","","","","","","","","","","","","","","","","","","","","","","","","","","","","","","","","","","","","","","","","","","","","","","","","","","","","","","","","","","","","","","","","","","","","","","","","","","","","","","","","","","","","","","","","","","","","","","","","","","","","","","","","","","","","","","","","","","","","","","","","","","","","","","","","","","","","","","","","","","","","","","","","logs/","models/","videos/","ActorCriticPolicy(
  (features_extractor): FlattenExtractor(
    (flatten): Flatten(start_dim=1, end_dim=-1)
  )
  (pi_features_extractor): FlattenExtractor(
    (flatten): Flatten(start_dim=1, end_dim=-1)
  )
  (vf_features_extractor): FlattenExtractor(
    (flatten): Flatten(start_dim=1, end_dim=-1)
  )
  (mlp_extractor): MlpExtractor(
    (policy_net): Sequential(
      (0): Linear(in_features=16, out_features=64, bias=True)
      (1): Tanh()
      (2): Linear(in_features=64, out_features=64, bias=True)
      (3): Tanh()
    )
    (value_net): Sequential(
      (0): Linear(in_features=16, out_features=64, bias=True)
      (1): Tanh()
      (2): Linear(in_features=64, out_features=64, bias=True)
      (3): Tanh()
    )
  )
  (action_net): Linear(in_features=64, out_features=4, bias=True)
  (value_net): Linear(in_features=64, out_features=1, bias=True)
)","<class 'stable_baselines3.common.policies.ActorCriticPolicy'>","{}","","","","","<stable_baselines3.common.buffers.RolloutBuffer object at 0x75b0bcc59960>","<class 'stable_baselines3.common.buffers.RolloutBuffer'>","{}","-1","None","1767881135647551700","","None","","","logs/","PPO","64","","0.99","","0.001","","2048","4","","500000","","","False","","1","0.5","online","NSMDMPI_EXP","[""frozenlake"",""nsmdmpi"",""jump"",""slip""]","501760","0","0","0","0","1","0.4","0.35","0","0.24980493","0.01219014","0.06934488","0.35","1.3241956","0.0007551754","0","7.88","317","","0.04405617","0.12231445","0.35","","","","-1.2557492","0.13073897","0.001","-0.09398351","-0.018020067","0.019354882"
"FrozenLake_Baseline_slip_jump_Seed4_20260108_185943","0.05","finished","-","","baseline, frozenlake, jump, slip","2026-01-08T14:05:33.000Z","1581","","1","False","0","[ True]","[0]","None","<stable_baselines3.common.logger.Logger object at 0x79c94db85f30>","0","0","100","500000","None","None","Discrete(4)","","false","PPO","","","64","","FloatSchedule(ConstantSchedule(val=0.2))","None","","","cuda","0","","jump","0.25","slip_prob","1000","FrozenLake-v1","true","4x4","deque([], maxlen=100)","deque([], maxlen=100)","0.95","0.99","","0.001","","","FloatSchedule(ConstantSchedule(val=0.001))","0.5","","","","1","10","2048","True","","","","","","","","","","","","","","","","false","","","","","","","","","","","","","","","","","0","Discrete(16)","","","","","","","","","","","","","","","","","","","","","","","","","","","","","","","","","","","","","","","","","","","","","","","","","","","","","","","","","","","","","","","","","","","","","","","","","","","","","","","","","","","","","","","","","","","","","","","","","","","","","","","","","","","","","","","","","","","","","","","","","","","","","","","","","","","","","","","","","","","","","","","","","","","","","","","","","","","","","","","","","","","","","","","","","","","","","","","","","","","","","","","","","","","","","","","","","","","","","","","","","","","","","","","","","","","","","","","","","","","","","","","","","","","","","","","logs/","models/","videos/","ActorCriticPolicy(
  (features_extractor): FlattenExtractor(
    (flatten): Flatten(start_dim=1, end_dim=-1)
  )
  (pi_features_extractor): FlattenExtractor(
    (flatten): Flatten(start_dim=1, end_dim=-1)
  )
  (vf_features_extractor): FlattenExtractor(
    (flatten): Flatten(start_dim=1, end_dim=-1)
  )
  (mlp_extractor): MlpExtractor(
    (policy_net): Sequential(
      (0): Linear(in_features=16, out_features=64, bias=True)
      (1): Tanh()
      (2): Linear(in_features=64, out_features=64, bias=True)
      (3): Tanh()
    )
    (value_net): Sequential(
      (0): Linear(in_features=16, out_features=64, bias=True)
      (1): Tanh()
      (2): Linear(in_features=64, out_features=64, bias=True)
      (3): Tanh()
    )
  )
  (action_net): Linear(in_features=64, out_features=4, bias=True)
  (value_net): Linear(in_features=64, out_features=1, bias=True)
)","<class 'stable_baselines3.common.policies.ActorCriticPolicy'>","{}","","","","","<stable_baselines3.common.buffers.RolloutBuffer object at 0x79c970e81b40>","<class 'stable_baselines3.common.buffers.RolloutBuffer'>","{}","-1","None","1767881135657902300","","None","","","logs/","PPO","64","","0.99","","0.001","","2048","4","","500000","","","False","","1","0.5","online","NSMDMPI_EXP","[""frozenlake"",""baseline"",""jump"",""slip""]","501760","","","","","","","","","","","","","","","","8.23","318","","0.0012106649","0.0108886715","0.2","","","","-0.05236862","0.23992473","0.001","0.017570047","-0.0006650076","0.043130875"
"FrozenLake_Baseline_slip_jump_Seed3_20260108_185943","0.01","finished","-","","baseline, frozenlake, jump, slip","2026-01-08T14:05:32.000Z","1584","","1","False","0","[ True]","[0]","None","<stable_baselines3.common.logger.Logger object at 0x74edd9e337c0>","0","0","100","500000","None","None","Discrete(4)","","false","PPO","","","64","","FloatSchedule(ConstantSchedule(val=0.2))","None","","","cuda","0","","jump","0.25","slip_prob","1000","FrozenLake-v1","true","4x4","deque([], maxlen=100)","deque([], maxlen=100)","0.95","0.99","","0.001","","","FloatSchedule(ConstantSchedule(val=0.001))","0.5","","","","1","10","2048","True","","","","","","","","","","","","","","","","false","","","","","","","","","","","","","","","","","0","Discrete(16)","","","","","","","","","","","","","","","","","","","","","","","","","","","","","","","","","","","","","","","","","","","","","","","","","","","","","","","","","","","","","","","","","","","","","","","","","","","","","","","","","","","","","","","","","","","","","","","","","","","","","","","","","","","","","","","","","","","","","","","","","","","","","","","","","","","","","","","","","","","","","","","","","","","","","","","","","","","","","","","","","","","","","","","","","","","","","","","","","","","","","","","","","","","","","","","","","","","","","","","","","","","","","","","","","","","","","","","","","","","","","","","","","","","","","","","logs/","models/","videos/","ActorCriticPolicy(
  (features_extractor): FlattenExtractor(
    (flatten): Flatten(start_dim=1, end_dim=-1)
  )
  (pi_features_extractor): FlattenExtractor(
    (flatten): Flatten(start_dim=1, end_dim=-1)
  )
  (vf_features_extractor): FlattenExtractor(
    (flatten): Flatten(start_dim=1, end_dim=-1)
  )
  (mlp_extractor): MlpExtractor(
    (policy_net): Sequential(
      (0): Linear(in_features=16, out_features=64, bias=True)
      (1): Tanh()
      (2): Linear(in_features=64, out_features=64, bias=True)
      (3): Tanh()
    )
    (value_net): Sequential(
      (0): Linear(in_features=16, out_features=64, bias=True)
      (1): Tanh()
      (2): Linear(in_features=64, out_features=64, bias=True)
      (3): Tanh()
    )
  )
  (action_net): Linear(in_features=64, out_features=4, bias=True)
  (value_net): Linear(in_features=64, out_features=1, bias=True)
)","<class 'stable_baselines3.common.policies.ActorCriticPolicy'>","{}","","","","","<stable_baselines3.common.buffers.RolloutBuffer object at 0x74edfd012260>","<class 'stable_baselines3.common.buffers.RolloutBuffer'>","{}","-1","None","1767881135640941800","","None","","","logs/","PPO","64","","0.99","","0.001","","2048","3","","500000","","","False","","1","0.5","online","NSMDMPI_EXP","[""frozenlake"",""baseline"",""jump"",""slip""]","501760","","","","","","","","","","","","","","","","8.86","318","","0.0020286115","0.029589843","0.2","","","","-0.09319401","0.03567475","0.001","0.01802537","-0.004559149","0.017123193"
"FrozenLake_NSMDMPI_slip_jump_Seed3_20260108_185943","0.01","finished","-","","frozenlake, jump, nsmdmpi, slip","2026-01-08T14:05:32.000Z","1585","","1","False","0","[ True]","[0]","None","<stable_baselines3.common.logger.Logger object at 0x7fcb2b557c40>","0","0","100","500000","None","None","Discrete(4)","","false","PPO","","","64","","FloatSchedule(ConstantSchedule(val=0.2))","None","","","cuda","0","","jump","0.25","slip_prob","1000","FrozenLake-v1","true","4x4","deque([], maxlen=100)","deque([], maxlen=100)","0.95","0.99","","0.001","","","FloatSchedule(ConstantSchedule(val=0.001))","0.5","","","","1","10","2048","True","1","0.8","0.5","0.4","true","false","0.05","budgets/","2","150","0.5","1","1.5","1500","0.08","true","0.99","true","0.2","0.35","0.05","true","1","5","0.2","100","0.2","0.01","0.8","true","0.4","1","0","Discrete(16)","","","","","","","","","","","","","","","","","","","","","","","","","","","","","","","","","","","","","","","","","","","","","","","","","","","","","","","","","","","","","","","","","","","","","","","","","","","","","","","","","","","","","","","","","","","","","","","","","","","","","","","","","","","","","","","","","","","","","","","","","","","","","","","","","","","","","","","","","","","","","","","","","","","","","","","","","","","","","","","","","","","","","","","","","","","","","","","","","","","","","","","","","","","","","","","","","","","","","","","","","","","","","","","","","","","","","","","","","","","","","","","","","","","","","","","logs/","models/","videos/","ActorCriticPolicy(
  (features_extractor): FlattenExtractor(
    (flatten): Flatten(start_dim=1, end_dim=-1)
  )
  (pi_features_extractor): FlattenExtractor(
    (flatten): Flatten(start_dim=1, end_dim=-1)
  )
  (vf_features_extractor): FlattenExtractor(
    (flatten): Flatten(start_dim=1, end_dim=-1)
  )
  (mlp_extractor): MlpExtractor(
    (policy_net): Sequential(
      (0): Linear(in_features=16, out_features=64, bias=True)
      (1): Tanh()
      (2): Linear(in_features=64, out_features=64, bias=True)
      (3): Tanh()
    )
    (value_net): Sequential(
      (0): Linear(in_features=16, out_features=64, bias=True)
      (1): Tanh()
      (2): Linear(in_features=64, out_features=64, bias=True)
      (3): Tanh()
    )
  )
  (action_net): Linear(in_features=64, out_features=4, bias=True)
  (value_net): Linear(in_features=64, out_features=1, bias=True)
)","<class 'stable_baselines3.common.policies.ActorCriticPolicy'>","{}","","","","","<stable_baselines3.common.buffers.RolloutBuffer object at 0x7fcb527e1f00>","<class 'stable_baselines3.common.buffers.RolloutBuffer'>","{}","-1","None","1767881135640827100","","None","","","logs/","PPO","64","","0.99","","0.001","","2048","3","","500000","","","False","","1","0.5","online","NSMDMPI_EXP","[""frozenlake"",""nsmdmpi"",""jump"",""slip""]","501760","0","0","0","0","1","0.4","0.35","0","0.24980493","0.011030048","0.069286875","0.35","1.3312395","0.00075117964","0","7.51","317","","0.02897099","0.08862305","0.35","","","","-1.3142586","0.14800572","0.001","-0.11052811","-0.013745371","0.020792013"
"FrozenLake_Baseline_slip_sine_Seed3_20260108_185943","0.02","finished","-","","baseline, frozenlake, sine, slip","2026-01-08T12:25:10.000Z","6024","","1","False","0","[ True]","[0]","None","<stable_baselines3.common.logger.Logger object at 0x7c4705697820>","0","0","100","500000","None","None","Discrete(4)","","false","PPO","","","64","","FloatSchedule(ConstantSchedule(val=0.2))","None","","","cuda","0","","sine","0.15","slip_prob","1000","FrozenLake-v1","true","4x4","deque([], maxlen=100)","deque([], maxlen=100)","0.95","0.99","","0.001","","","FloatSchedule(ConstantSchedule(val=0.001))","0.5","","","","1","10","2048","True","","","","","","","","","","","","","","","","false","","","","","","","","","","","","","","","","","0","Discrete(16)","","","","","","","","","","","","","","","","","","","","","","","","","","","","","","","","","","","","","","","","","","","","","","","","","","","","","","","","","","","","","","","","","","","","","","","","","","","","","","","","","","","","","","","","","","","","","","","","","","","","","","","","","","","","","","","","","","","","","","","","","","","","","","","","","","","","","","","","","","","","","","","","","","","","","","","","","","","","","","","","","","","","","","","","","","","","","","","","","","","","","","","","","","","","","","","","","","","","","","","","","","","","","","","","","","","","","","","","","","","","","","","","","","","","","","","logs/","models/","videos/","ActorCriticPolicy(
  (features_extractor): FlattenExtractor(
    (flatten): Flatten(start_dim=1, end_dim=-1)
  )
  (pi_features_extractor): FlattenExtractor(
    (flatten): Flatten(start_dim=1, end_dim=-1)
  )
  (vf_features_extractor): FlattenExtractor(
    (flatten): Flatten(start_dim=1, end_dim=-1)
  )
  (mlp_extractor): MlpExtractor(
    (policy_net): Sequential(
      (0): Linear(in_features=16, out_features=64, bias=True)
      (1): Tanh()
      (2): Linear(in_features=64, out_features=64, bias=True)
      (3): Tanh()
    )
    (value_net): Sequential(
      (0): Linear(in_features=16, out_features=64, bias=True)
      (1): Tanh()
      (2): Linear(in_features=64, out_features=64, bias=True)
      (3): Tanh()
    )
  )
  (action_net): Linear(in_features=64, out_features=4, bias=True)
  (value_net): Linear(in_features=64, out_features=1, bias=True)
)","<class 'stable_baselines3.common.policies.ActorCriticPolicy'>","{}","","","","","<stable_baselines3.common.buffers.RolloutBuffer object at 0x7c47286b9ea0>","<class 'stable_baselines3.common.buffers.RolloutBuffer'>","{}","-1","None","1767875113874677000","","None","","","logs/","PPO","64","","0.99","","0.001","","2048","3","","500000","","","False","","1","0.5","online","NSMDMPI_EXP","[""frozenlake"",""baseline"",""sine"",""slip""]","501760","","","","","","","","","","","","","","","","8.58","83","","0.0016407989","0.021533202","0.2","","","","-0.05745042","0.14120412","0.001","0.020335596","-0.0012420726","0.018451689"
"FrozenLake_NSMDMPI_slip_sine_Seed0_20260108_185943","0.03","finished","-","","frozenlake, nsmdmpi, sine, slip","2026-01-08T12:25:10.000Z","6030","","1","False","0","[ True]","[0]","None","<stable_baselines3.common.logger.Logger object at 0x714bbb16be80>","0","0","100","500000","None","None","Discrete(4)","","false","PPO","","","64","","FloatSchedule(ConstantSchedule(val=0.2))","None","","","cuda","0","","sine","0.15","slip_prob","1000","FrozenLake-v1","true","4x4","deque([], maxlen=100)","deque([], maxlen=100)","0.95","0.99","","0.001","","","FloatSchedule(ConstantSchedule(val=0.001))","0.5","","","","1","10","2048","True","1","0.5","0.3","0.25","true","false","0.05","budgets/","2","150","0.5","1","1.5","1500","0.08","true","0.99","true","0.2","0.35","0.05","true","1","5","0.2","100","0.2","0.01","0.8","true","0.4","1","0","Discrete(16)","","","","","","","","","","","","","","","","","","","","","","","","","","","","","","","","","","","","","","","","","","","","","","","","","","","","","","","","","","","","","","","","","","","","","","","","","","","","","","","","","","","","","","","","","","","","","","","","","","","","","","","","","","","","","","","","","","","","","","","","","","","","","","","","","","","","","","","","","","","","","","","","","","","","","","","","","","","","","","","","","","","","","","","","","","","","","","","","","","","","","","","","","","","","","","","","","","","","","","","","","","","","","","","","","","","","","","","","","","","","","","","","","","","","","","","logs/","models/","videos/","ActorCriticPolicy(
  (features_extractor): FlattenExtractor(
    (flatten): Flatten(start_dim=1, end_dim=-1)
  )
  (pi_features_extractor): FlattenExtractor(
    (flatten): Flatten(start_dim=1, end_dim=-1)
  )
  (vf_features_extractor): FlattenExtractor(
    (flatten): Flatten(start_dim=1, end_dim=-1)
  )
  (mlp_extractor): MlpExtractor(
    (policy_net): Sequential(
      (0): Linear(in_features=16, out_features=64, bias=True)
      (1): Tanh()
      (2): Linear(in_features=64, out_features=64, bias=True)
      (3): Tanh()
    )
    (value_net): Sequential(
      (0): Linear(in_features=16, out_features=64, bias=True)
      (1): Tanh()
      (2): Linear(in_features=64, out_features=64, bias=True)
      (3): Tanh()
    )
  )
  (action_net): Linear(in_features=64, out_features=4, bias=True)
  (value_net): Linear(in_features=64, out_features=1, bias=True)
)","<class 'stable_baselines3.common.policies.ActorCriticPolicy'>","{}","","","","","<stable_baselines3.common.buffers.RolloutBuffer object at 0x714c020c23e0>","<class 'stable_baselines3.common.buffers.RolloutBuffer'>","{}","-1","None","1767875113786110200","","None","","","logs/","PPO","64","","0.99","","0.001","","2048","0","","500000","","","False","","1","0.5","online","NSMDMPI_EXP","[""frozenlake"",""nsmdmpi"",""sine"",""slip""]","501760","0","0","0","0","1","0.25","0.28103256","0","0.10475785","0.009451857","0.058329433","0.28103256","1.1620651","0.000860537","0","7.39","83","","0.028378304","0.14243165","0.28103256","","","","-1.2265084","0.23141336","0.001","-0.070191056","-0.01156184","0.024059962"
"FrozenLake_NSMDMPI_slip_jump_Seed1_20260108_185943","0.04","finished","-","","frozenlake, jump, nsmdmpi, slip","2026-01-08T12:25:10.000Z","6030","","1","False","0","[ True]","[0]","None","<stable_baselines3.common.logger.Logger object at 0x76f11ce87d30>","0","0","100","500000","None","None","Discrete(4)","","false","PPO","","","64","","FloatSchedule(ConstantSchedule(val=0.2))","None","","","cuda","0","","jump","0.25","slip_prob","1000","FrozenLake-v1","true","4x4","deque([], maxlen=100)","deque([], maxlen=100)","0.95","0.99","","0.001","","","FloatSchedule(ConstantSchedule(val=0.001))","0.5","","","","1","10","2048","True","1","0.8","0.5","0.4","true","false","0.05","budgets/","2","150","0.5","1","1.5","1500","0.08","true","0.99","true","0.2","0.35","0.05","true","1","5","0.2","100","0.2","0.01","0.8","true","0.4","1","0","Discrete(16)","","","","","","","","","","","","","","","","","","","","","","","","","","","","","","","","","","","","","","","","","","","","","","","","","","","","","","","","","","","","","","","","","","","","","","","","","","","","","","","","","","","","","","","","","","","","","","","","","","","","","","","","","","","","","","","","","","","","","","","","","","","","","","","","","","","","","","","","","","","","","","","","","","","","","","","","","","","","","","","","","","","","","","","","","","","","","","","","","","","","","","","","","","","","","","","","","","","","","","","","","","","","","","","","","","","","","","","","","","","","","","","","","","","","","","","logs/","models/","videos/","ActorCriticPolicy(
  (features_extractor): FlattenExtractor(
    (flatten): Flatten(start_dim=1, end_dim=-1)
  )
  (pi_features_extractor): FlattenExtractor(
    (flatten): Flatten(start_dim=1, end_dim=-1)
  )
  (vf_features_extractor): FlattenExtractor(
    (flatten): Flatten(start_dim=1, end_dim=-1)
  )
  (mlp_extractor): MlpExtractor(
    (policy_net): Sequential(
      (0): Linear(in_features=16, out_features=64, bias=True)
      (1): Tanh()
      (2): Linear(in_features=64, out_features=64, bias=True)
      (3): Tanh()
    )
    (value_net): Sequential(
      (0): Linear(in_features=16, out_features=64, bias=True)
      (1): Tanh()
      (2): Linear(in_features=64, out_features=64, bias=True)
      (3): Tanh()
    )
  )
  (action_net): Linear(in_features=64, out_features=4, bias=True)
  (value_net): Linear(in_features=64, out_features=1, bias=True)
)","<class 'stable_baselines3.common.policies.ActorCriticPolicy'>","{}","","","","","<stable_baselines3.common.buffers.RolloutBuffer object at 0x76f13be06110>","<class 'stable_baselines3.common.buffers.RolloutBuffer'>","{}","-1","None","1767875113901725200","","None","","","logs/","PPO","64","","0.99","","0.001","","2048","1","","500000","","","False","","1","0.5","online","NSMDMPI_EXP","[""frozenlake"",""nsmdmpi"",""jump"",""slip""]","501760","0","0","0","0","1","0.4","0.35","0","0.24980493","0.059714798","0.07172111","0.35","1.3306931","0.0007514881","0","8.28","83","","0.031325605","0.10200195","0.35","","","","-1.2407539","0.0884735","0.001","-0.035814915","-0.011720079","0.015734917"
"FrozenLake_NSMDMPI_slip_sine_Seed3_20260108_185943","0.01","finished","-","","frozenlake, nsmdmpi, sine, slip","2026-01-08T12:25:10.000Z","6028","","1","False","0","[ True]","[0]","None","<stable_baselines3.common.logger.Logger object at 0x71f9afa5bd60>","0","0","100","500000","None","None","Discrete(4)","","false","PPO","","","64","","FloatSchedule(ConstantSchedule(val=0.2))","None","","","cuda","0","","sine","0.15","slip_prob","1000","FrozenLake-v1","true","4x4","deque([], maxlen=100)","deque([], maxlen=100)","0.95","0.99","","0.001","","","FloatSchedule(ConstantSchedule(val=0.001))","0.5","","","","1","10","2048","True","1","0.5","0.3","0.25","true","false","0.05","budgets/","2","150","0.5","1","1.5","1500","0.08","true","0.99","true","0.2","0.35","0.05","true","1","5","0.2","100","0.2","0.01","0.8","true","0.4","1","0","Discrete(16)","","","","","","","","","","","","","","","","","","","","","","","","","","","","","","","","","","","","","","","","","","","","","","","","","","","","","","","","","","","","","","","","","","","","","","","","","","","","","","","","","","","","","","","","","","","","","","","","","","","","","","","","","","","","","","","","","","","","","","","","","","","","","","","","","","","","","","","","","","","","","","","","","","","","","","","","","","","","","","","","","","","","","","","","","","","","","","","","","","","","","","","","","","","","","","","","","","","","","","","","","","","","","","","","","","","","","","","","","","","","","","","","","","","","","","","logs/","models/","videos/","ActorCriticPolicy(
  (features_extractor): FlattenExtractor(
    (flatten): Flatten(start_dim=1, end_dim=-1)
  )
  (pi_features_extractor): FlattenExtractor(
    (flatten): Flatten(start_dim=1, end_dim=-1)
  )
  (vf_features_extractor): FlattenExtractor(
    (flatten): Flatten(start_dim=1, end_dim=-1)
  )
  (mlp_extractor): MlpExtractor(
    (policy_net): Sequential(
      (0): Linear(in_features=16, out_features=64, bias=True)
      (1): Tanh()
      (2): Linear(in_features=64, out_features=64, bias=True)
      (3): Tanh()
    )
    (value_net): Sequential(
      (0): Linear(in_features=16, out_features=64, bias=True)
      (1): Tanh()
      (2): Linear(in_features=64, out_features=64, bias=True)
      (3): Tanh()
    )
  )
  (action_net): Linear(in_features=64, out_features=4, bias=True)
  (value_net): Linear(in_features=64, out_features=1, bias=True)
)","<class 'stable_baselines3.common.policies.ActorCriticPolicy'>","{}","","","","","<stable_baselines3.common.buffers.RolloutBuffer object at 0x71f9d6c5e4a0>","<class 'stable_baselines3.common.buffers.RolloutBuffer'>","{}","-1","None","1767875113849622300","","None","","","logs/","PPO","64","","0.99","","0.001","","2048","3","","500000","","","False","","1","0.5","online","NSMDMPI_EXP","[""frozenlake"",""nsmdmpi"",""sine"",""slip""]","501760","0","0","0","0","1","0.25","0.28441885","0","0.10475785","0.04146123","0.0599299","0.28441885","1.1688377","0.00085555075","0","7.49","83","","0.016857058","0.06367187","0.28441885","","","","-1.2742826","0.008485436","0.001","-0.10594235","-0.016325137","0.009242452"
"FrozenLake_NSMDMPI_slip_jump_Seed0_20260108_185943","0.03","finished","-","","frozenlake, jump, nsmdmpi, slip","2026-01-08T12:25:10.000Z","6031","","1","False","0","[ True]","[0]","None","<stable_baselines3.common.logger.Logger object at 0x7a7d37603d60>","0","0","100","500000","None","None","Discrete(4)","","false","PPO","","","64","","FloatSchedule(ConstantSchedule(val=0.2))","None","","","cuda","0","","jump","0.25","slip_prob","1000","FrozenLake-v1","true","4x4","deque([], maxlen=100)","deque([], maxlen=100)","0.95","0.99","","0.001","","","FloatSchedule(ConstantSchedule(val=0.001))","0.5","","","","1","10","2048","True","1","0.8","0.5","0.4","true","false","0.05","budgets/","2","150","0.5","1","1.5","1500","0.08","true","0.99","true","0.2","0.35","0.05","true","1","5","0.2","100","0.2","0.01","0.8","true","0.4","1","0","Discrete(16)","","","","","","","","","","","","","","","","","","","","","","","","","","","","","","","","","","","","","","","","","","","","","","","","","","","","","","","","","","","","","","","","","","","","","","","","","","","","","","","","","","","","","","","","","","","","","","","","","","","","","","","","","","","","","","","","","","","","","","","","","","","","","","","","","","","","","","","","","","","","","","","","","","","","","","","","","","","","","","","","","","","","","","","","","","","","","","","","","","","","","","","","","","","","","","","","","","","","","","","","","","","","","","","","","","","","","","","","","","","","","","","","","","","","","","","logs/","models/","videos/","ActorCriticPolicy(
  (features_extractor): FlattenExtractor(
    (flatten): Flatten(start_dim=1, end_dim=-1)
  )
  (pi_features_extractor): FlattenExtractor(
    (flatten): Flatten(start_dim=1, end_dim=-1)
  )
  (vf_features_extractor): FlattenExtractor(
    (flatten): Flatten(start_dim=1, end_dim=-1)
  )
  (mlp_extractor): MlpExtractor(
    (policy_net): Sequential(
      (0): Linear(in_features=16, out_features=64, bias=True)
      (1): Tanh()
      (2): Linear(in_features=64, out_features=64, bias=True)
      (3): Tanh()
    )
    (value_net): Sequential(
      (0): Linear(in_features=16, out_features=64, bias=True)
      (1): Tanh()
      (2): Linear(in_features=64, out_features=64, bias=True)
      (3): Tanh()
    )
  )
  (action_net): Linear(in_features=64, out_features=4, bias=True)
  (value_net): Linear(in_features=64, out_features=1, bias=True)
)","<class 'stable_baselines3.common.policies.ActorCriticPolicy'>","{}","","","","","<stable_baselines3.common.buffers.RolloutBuffer object at 0x7a7d5e872a10>","<class 'stable_baselines3.common.buffers.RolloutBuffer'>","{}","-1","None","1767875113922436600","","None","","","logs/","PPO","64","","0.99","","0.001","","2048","0","","500000","","","False","","1","0.5","online","NSMDMPI_EXP","[""frozenlake"",""nsmdmpi"",""jump"",""slip""]","501760","0","0","0","0","1","0.4","0.35","0","0.24980493","0.02984742","0.07022774","0.35","1.3279407","0.00075304566","0","8.6","83","","0.022945661","0.059765626","0.35","","","","-1.3352119","0.13456374","0.001","-0.11722614","-0.01332494","0.011536014"
"FrozenLake_Baseline_slip_jump_Seed2_20260108_185943","0.03","finished","-","","baseline, frozenlake, jump, slip","2026-01-08T12:25:10.000Z","6019","","1","False","0","[ True]","[0]","None","<stable_baselines3.common.logger.Logger object at 0x79588596b8e0>","0","0","100","500000","None","None","Discrete(4)","","false","PPO","","","64","","FloatSchedule(ConstantSchedule(val=0.2))","None","","","cuda","0","","jump","0.25","slip_prob","1000","FrozenLake-v1","true","4x4","deque([], maxlen=100)","deque([], maxlen=100)","0.95","0.99","","0.001","","","FloatSchedule(ConstantSchedule(val=0.001))","0.5","","","","1","10","2048","True","","","","","","","","","","","","","","","","false","","","","","","","","","","","","","","","","","0","Discrete(16)","","","","","","","","","","","","","","","","","","","","","","","","","","","","","","","","","","","","","","","","","","","","","","","","","","","","","","","","","","","","","","","","","","","","","","","","","","","","","","","","","","","","","","","","","","","","","","","","","","","","","","","","","","","","","","","","","","","","","","","","","","","","","","","","","","","","","","","","","","","","","","","","","","","","","","","","","","","","","","","","","","","","","","","","","","","","","","","","","","","","","","","","","","","","","","","","","","","","","","","","","","","","","","","","","","","","","","","","","","","","","","","","","","","","","","","logs/","models/","videos/","ActorCriticPolicy(
  (features_extractor): FlattenExtractor(
    (flatten): Flatten(start_dim=1, end_dim=-1)
  )
  (pi_features_extractor): FlattenExtractor(
    (flatten): Flatten(start_dim=1, end_dim=-1)
  )
  (vf_features_extractor): FlattenExtractor(
    (flatten): Flatten(start_dim=1, end_dim=-1)
  )
  (mlp_extractor): MlpExtractor(
    (policy_net): Sequential(
      (0): Linear(in_features=16, out_features=64, bias=True)
      (1): Tanh()
      (2): Linear(in_features=64, out_features=64, bias=True)
      (3): Tanh()
    )
    (value_net): Sequential(
      (0): Linear(in_features=16, out_features=64, bias=True)
      (1): Tanh()
      (2): Linear(in_features=64, out_features=64, bias=True)
      (3): Tanh()
    )
  )
  (action_net): Linear(in_features=64, out_features=4, bias=True)
  (value_net): Linear(in_features=64, out_features=1, bias=True)
)","<class 'stable_baselines3.common.policies.ActorCriticPolicy'>","{}","","","","","<stable_baselines3.common.buffers.RolloutBuffer object at 0x7958a8ca66e0>","<class 'stable_baselines3.common.buffers.RolloutBuffer'>","{}","-1","None","1767875112366114800","","None","","","logs/","PPO","64","","0.99","","0.001","","2048","2","","500000","","","False","","1","0.5","online","NSMDMPI_EXP","[""frozenlake"",""baseline"",""jump"",""slip""]","501760","","","","","","","","","","","","","","","","8.54","83","","0.0031014823","0.02836914","0.2","","","","-0.08298131","-0.016700149","0.001","0.0037316345","-0.0022569466","0.0167146"
"FrozenLake_NSMDMPI_slip_jump_Seed2_20260108_185943","0","finished","-","","frozenlake, jump, nsmdmpi, slip","2026-01-08T12:25:10.000Z","6014","","1","False","0","[ True]","[0]","None","<stable_baselines3.common.logger.Logger object at 0x744f0971fc10>","0","0","100","500000","None","None","Discrete(4)","","false","PPO","","","64","","FloatSchedule(ConstantSchedule(val=0.2))","None","","","cuda","0","","jump","0.25","slip_prob","1000","FrozenLake-v1","true","4x4","deque([], maxlen=100)","deque([], maxlen=100)","0.95","0.99","","0.001","","","FloatSchedule(ConstantSchedule(val=0.001))","0.5","","","","1","10","2048","True","1","0.8","0.5","0.4","true","false","0.05","budgets/","2","150","0.5","1","1.5","1500","0.08","true","0.99","true","0.2","0.35","0.05","true","1","5","0.2","100","0.2","0.01","0.8","true","0.4","1","0","Discrete(16)","","","","","","","","","","","","","","","","","","","","","","","","","","","","","","","","","","","","","","","","","","","","","","","","","","","","","","","","","","","","","","","","","","","","","","","","","","","","","","","","","","","","","","","","","","","","","","","","","","","","","","","","","","","","","","","","","","","","","","","","","","","","","","","","","","","","","","","","","","","","","","","","","","","","","","","","","","","","","","","","","","","","","","","","","","","","","","","","","","","","","","","","","","","","","","","","","","","","","","","","","","","","","","","","","","","","","","","","","","","","","","","","","","","","","","","logs/","models/","videos/","ActorCriticPolicy(
  (features_extractor): FlattenExtractor(
    (flatten): Flatten(start_dim=1, end_dim=-1)
  )
  (pi_features_extractor): FlattenExtractor(
    (flatten): Flatten(start_dim=1, end_dim=-1)
  )
  (vf_features_extractor): FlattenExtractor(
    (flatten): Flatten(start_dim=1, end_dim=-1)
  )
  (mlp_extractor): MlpExtractor(
    (policy_net): Sequential(
      (0): Linear(in_features=16, out_features=64, bias=True)
      (1): Tanh()
      (2): Linear(in_features=64, out_features=64, bias=True)
      (3): Tanh()
    )
    (value_net): Sequential(
      (0): Linear(in_features=16, out_features=64, bias=True)
      (1): Tanh()
      (2): Linear(in_features=64, out_features=64, bias=True)
      (3): Tanh()
    )
  )
  (action_net): Linear(in_features=64, out_features=4, bias=True)
  (value_net): Linear(in_features=64, out_features=1, bias=True)
)","<class 'stable_baselines3.common.policies.ActorCriticPolicy'>","{}","","","","","<stable_baselines3.common.buffers.RolloutBuffer object at 0x744f2c8be140>","<class 'stable_baselines3.common.buffers.RolloutBuffer'>","{}","-1","None","1767875113857682200","","None","","","logs/","PPO","64","","0.99","","0.001","","2048","2","","500000","","","False","","1","0.5","online","NSMDMPI_EXP","[""frozenlake"",""nsmdmpi"",""jump"",""slip""]","501760","0","0","0","0","1","0.4","0.35","0","0.24980493","0.06912847","0.0721918","0.35","1.3255895","0.00075438136","0","7.68","83","","0.031273983","0.08359375","0.35","","","","-1.2483118","0.13655871","0.001","-0.14831443","-0.017311336","0.016512783"
"FrozenLake_Baseline_slip_jump_Seed1_20260108_185943","0.02","finished","-","","baseline, frozenlake, jump, slip","2026-01-08T12:25:09.000Z","6020","","1","False","0","[ True]","[0]","None","<stable_baselines3.common.logger.Logger object at 0x74a413a99e10>","0","0","100","500000","None","None","Discrete(4)","","false","PPO","","","64","","FloatSchedule(ConstantSchedule(val=0.2))","None","","","cuda","0","","jump","0.25","slip_prob","1000","FrozenLake-v1","true","4x4","deque([], maxlen=100)","deque([], maxlen=100)","0.95","0.99","","0.001","","","FloatSchedule(ConstantSchedule(val=0.001))","0.5","","","","1","10","2048","True","","","","","","","","","","","","","","","","false","","","","","","","","","","","","","","","","","0","Discrete(16)","","","","","","","","","","","","","","","","","","","","","","","","","","","","","","","","","","","","","","","","","","","","","","","","","","","","","","","","","","","","","","","","","","","","","","","","","","","","","","","","","","","","","","","","","","","","","","","","","","","","","","","","","","","","","","","","","","","","","","","","","","","","","","","","","","","","","","","","","","","","","","","","","","","","","","","","","","","","","","","","","","","","","","","","","","","","","","","","","","","","","","","","","","","","","","","","","","","","","","","","","","","","","","","","","","","","","","","","","","","","","","","","","","","","","","","logs/","models/","videos/","ActorCriticPolicy(
  (features_extractor): FlattenExtractor(
    (flatten): Flatten(start_dim=1, end_dim=-1)
  )
  (pi_features_extractor): FlattenExtractor(
    (flatten): Flatten(start_dim=1, end_dim=-1)
  )
  (vf_features_extractor): FlattenExtractor(
    (flatten): Flatten(start_dim=1, end_dim=-1)
  )
  (mlp_extractor): MlpExtractor(
    (policy_net): Sequential(
      (0): Linear(in_features=16, out_features=64, bias=True)
      (1): Tanh()
      (2): Linear(in_features=64, out_features=64, bias=True)
      (3): Tanh()
    )
    (value_net): Sequential(
      (0): Linear(in_features=16, out_features=64, bias=True)
      (1): Tanh()
      (2): Linear(in_features=64, out_features=64, bias=True)
      (3): Tanh()
    )
  )
  (action_net): Linear(in_features=64, out_features=4, bias=True)
  (value_net): Linear(in_features=64, out_features=1, bias=True)
)","<class 'stable_baselines3.common.policies.ActorCriticPolicy'>","{}","","","","","<stable_baselines3.common.buffers.RolloutBuffer object at 0x74a43aca6a70>","<class 'stable_baselines3.common.buffers.RolloutBuffer'>","{}","-1","None","1767875113156222700","","None","","","logs/","PPO","64","","0.99","","0.001","","2048","1","","500000","","","False","","1","0.5","online","NSMDMPI_EXP","[""frozenlake"",""baseline"",""jump"",""slip""]","501760","","","","","","","","","","","","","","","","9.11","83","","0.0015620043","0.015185547","0.2","","","","-0.10239402","0.11508685","0.001","0.005036176","-0.00010371042","0.021225147"
"FrozenLake_NSMDMPI_slip_sine_Seed1_20260108_185943","0.02","finished","-","","frozenlake, nsmdmpi, sine, slip","2026-01-08T12:25:09.000Z","6016","","1","False","0","[ True]","[0]","None","<stable_baselines3.common.logger.Logger object at 0x75786def7f10>","0","0","100","500000","None","None","Discrete(4)","","false","PPO","","","64","","FloatSchedule(ConstantSchedule(val=0.2))","None","","","cuda","0","","sine","0.15","slip_prob","1000","FrozenLake-v1","true","4x4","deque([], maxlen=100)","deque([], maxlen=100)","0.95","0.99","","0.001","","","FloatSchedule(ConstantSchedule(val=0.001))","0.5","","","","1","10","2048","True","1","0.5","0.3","0.25","true","false","0.05","budgets/","2","150","0.5","1","1.5","1500","0.08","true","0.99","true","0.2","0.35","0.05","true","1","5","0.2","100","0.2","0.01","0.8","true","0.4","1","0","Discrete(16)","","","","","","","","","","","","","","","","","","","","","","","","","","","","","","","","","","","","","","","","","","","","","","","","","","","","","","","","","","","","","","","","","","","","","","","","","","","","","","","","","","","","","","","","","","","","","","","","","","","","","","","","","","","","","","","","","","","","","","","","","","","","","","","","","","","","","","","","","","","","","","","","","","","","","","","","","","","","","","","","","","","","","","","","","","","","","","","","","","","","","","","","","","","","","","","","","","","","","","","","","","","","","","","","","","","","","","","","","","","","","","","","","","","","","","","logs/","models/","videos/","ActorCriticPolicy(
  (features_extractor): FlattenExtractor(
    (flatten): Flatten(start_dim=1, end_dim=-1)
  )
  (pi_features_extractor): FlattenExtractor(
    (flatten): Flatten(start_dim=1, end_dim=-1)
  )
  (vf_features_extractor): FlattenExtractor(
    (flatten): Flatten(start_dim=1, end_dim=-1)
  )
  (mlp_extractor): MlpExtractor(
    (policy_net): Sequential(
      (0): Linear(in_features=16, out_features=64, bias=True)
      (1): Tanh()
      (2): Linear(in_features=64, out_features=64, bias=True)
      (3): Tanh()
    )
    (value_net): Sequential(
      (0): Linear(in_features=16, out_features=64, bias=True)
      (1): Tanh()
      (2): Linear(in_features=64, out_features=64, bias=True)
      (3): Tanh()
    )
  )
  (action_net): Linear(in_features=64, out_features=4, bias=True)
  (value_net): Linear(in_features=64, out_features=1, bias=True)
)","<class 'stable_baselines3.common.policies.ActorCriticPolicy'>","{}","","","","","<stable_baselines3.common.buffers.RolloutBuffer object at 0x75789109e1a0>","<class 'stable_baselines3.common.buffers.RolloutBuffer'>","{}","-1","None","1767875111637193200","","None","","","logs/","PPO","64","","0.99","","0.001","","2048","1","","500000","","","False","","1","0.5","online","NSMDMPI_EXP","[""frozenlake"",""nsmdmpi"",""sine"",""slip""]","501760","0","0","0","0","1","0.25","0.2806978","0","0.10475785","0.009451857","0.058329433","0.2806978","1.1613955","0.00086103304","0","7.97","83","","0.018714659","0.10043945","0.2806978","","","","-1.1840621","0.21979445","0.001","-0.10561426","-0.009369949","0.025249492"
"FrozenLake_Baseline_slip_sine_Seed1_20260108_185943","0.05","finished","-","","baseline, frozenlake, sine, slip","2026-01-08T12:25:09.000Z","6026","","1","False","0","[ True]","[0]","None","<stable_baselines3.common.logger.Logger object at 0x75b1cc2fb910>","0","0","100","500000","None","None","Discrete(4)","","false","PPO","","","64","","FloatSchedule(ConstantSchedule(val=0.2))","None","","","cuda","0","","sine","0.15","slip_prob","1000","FrozenLake-v1","true","4x4","deque([], maxlen=100)","deque([], maxlen=100)","0.95","0.99","","0.001","","","FloatSchedule(ConstantSchedule(val=0.001))","0.5","","","","1","10","2048","True","","","","","","","","","","","","","","","","false","","","","","","","","","","","","","","","","","0","Discrete(16)","","","","","","","","","","","","","","","","","","","","","","","","","","","","","","","","","","","","","","","","","","","","","","","","","","","","","","","","","","","","","","","","","","","","","","","","","","","","","","","","","","","","","","","","","","","","","","","","","","","","","","","","","","","","","","","","","","","","","","","","","","","","","","","","","","","","","","","","","","","","","","","","","","","","","","","","","","","","","","","","","","","","","","","","","","","","","","","","","","","","","","","","","","","","","","","","","","","","","","","","","","","","","","","","","","","","","","","","","","","","","","","","","","","","","","","logs/","models/","videos/","ActorCriticPolicy(
  (features_extractor): FlattenExtractor(
    (flatten): Flatten(start_dim=1, end_dim=-1)
  )
  (pi_features_extractor): FlattenExtractor(
    (flatten): Flatten(start_dim=1, end_dim=-1)
  )
  (vf_features_extractor): FlattenExtractor(
    (flatten): Flatten(start_dim=1, end_dim=-1)
  )
  (mlp_extractor): MlpExtractor(
    (policy_net): Sequential(
      (0): Linear(in_features=16, out_features=64, bias=True)
      (1): Tanh()
      (2): Linear(in_features=64, out_features=64, bias=True)
      (3): Tanh()
    )
    (value_net): Sequential(
      (0): Linear(in_features=16, out_features=64, bias=True)
      (1): Tanh()
      (2): Linear(in_features=64, out_features=64, bias=True)
      (3): Tanh()
    )
  )
  (action_net): Linear(in_features=64, out_features=4, bias=True)
  (value_net): Linear(in_features=64, out_features=1, bias=True)
)","<class 'stable_baselines3.common.policies.ActorCriticPolicy'>","{}","","","","","<stable_baselines3.common.buffers.RolloutBuffer object at 0x75b1ef4a2380>","<class 'stable_baselines3.common.buffers.RolloutBuffer'>","{}","-1","None","1767875112631779300","","None","","","logs/","PPO","64","","0.99","","0.001","","2048","1","","500000","","","False","","1","0.5","online","NSMDMPI_EXP","[""frozenlake"",""baseline"",""sine"",""slip""]","501760","","","","","","","","","","","","","","","","6.76","83","","0.0033707735","0.0045898436","0.2","","","","-0.026639638","0.24673074","0.001","0.023369769","-0.0024263207","0.036904942"
"FrozenLake_Baseline_slip_jump_Seed0_20260108_185943","0.07","finished","-","","baseline, frozenlake, jump, slip","2026-01-08T12:25:09.000Z","6024","","1","False","0","[ True]","[0]","None","<stable_baselines3.common.logger.Logger object at 0x7bfcedd41ea0>","0","0","100","500000","None","None","Discrete(4)","","false","PPO","","","64","","FloatSchedule(ConstantSchedule(val=0.2))","None","","","cuda","0","","jump","0.25","slip_prob","1000","FrozenLake-v1","true","4x4","deque([], maxlen=100)","deque([], maxlen=100)","0.95","0.99","","0.001","","","FloatSchedule(ConstantSchedule(val=0.001))","0.5","","","","1","10","2048","True","","","","","","","","","","","","","","","","false","","","","","","","","","","","","","","","","","0","Discrete(16)","","","","","","","","","","","","","","","","","","","","","","","","","","","","","","","","","","","","","","","","","","","","","","","","","","","","","","","","","","","","","","","","","","","","","","","","","","","","","","","","","","","","","","","","","","","","","","","","","","","","","","","","","","","","","","","","","","","","","","","","","","","","","","","","","","","","","","","","","","","","","","","","","","","","","","","","","","","","","","","","","","","","","","","","","","","","","","","","","","","","","","","","","","","","","","","","","","","","","","","","","","","","","","","","","","","","","","","","","","","","","","","","","","","","","","","logs/","models/","videos/","ActorCriticPolicy(
  (features_extractor): FlattenExtractor(
    (flatten): Flatten(start_dim=1, end_dim=-1)
  )
  (pi_features_extractor): FlattenExtractor(
    (flatten): Flatten(start_dim=1, end_dim=-1)
  )
  (vf_features_extractor): FlattenExtractor(
    (flatten): Flatten(start_dim=1, end_dim=-1)
  )
  (mlp_extractor): MlpExtractor(
    (policy_net): Sequential(
      (0): Linear(in_features=16, out_features=64, bias=True)
      (1): Tanh()
      (2): Linear(in_features=64, out_features=64, bias=True)
      (3): Tanh()
    )
    (value_net): Sequential(
      (0): Linear(in_features=16, out_features=64, bias=True)
      (1): Tanh()
      (2): Linear(in_features=64, out_features=64, bias=True)
      (3): Tanh()
    )
  )
  (action_net): Linear(in_features=64, out_features=4, bias=True)
  (value_net): Linear(in_features=64, out_features=1, bias=True)
)","<class 'stable_baselines3.common.policies.ActorCriticPolicy'>","{}","","","","","<stable_baselines3.common.buffers.RolloutBuffer object at 0x7bfd10ebea10>","<class 'stable_baselines3.common.buffers.RolloutBuffer'>","{}","-1","None","1767875113855799800","","None","","","logs/","PPO","64","","0.99","","0.001","","2048","0","","500000","","","False","","1","0.5","online","NSMDMPI_EXP","[""frozenlake"",""baseline"",""jump"",""slip""]","501760","","","","","","","","","","","","","","","","9.07","83","","0.004649171","0.020166015","0.2","","","","-0.08209993","0.21327066","0.001","0.0117105115","-0.00060475897","0.03612449"
"FrozenLake_NSMDMPI_slip_sine_Seed2_20260108_185943","0.03","finished","-","","frozenlake, nsmdmpi, sine, slip","2026-01-08T12:25:09.000Z","6029","","1","False","0","[ True]","[0]","None","<stable_baselines3.common.logger.Logger object at 0x715ba2307c70>","0","0","100","500000","None","None","Discrete(4)","","false","PPO","","","64","","FloatSchedule(ConstantSchedule(val=0.2))","None","","","cuda","0","","sine","0.15","slip_prob","1000","FrozenLake-v1","true","4x4","deque([], maxlen=100)","deque([], maxlen=100)","0.95","0.99","","0.001","","","FloatSchedule(ConstantSchedule(val=0.001))","0.5","","","","1","10","2048","True","1","0.5","0.3","0.25","true","false","0.05","budgets/","2","150","0.5","1","1.5","1500","0.08","true","0.99","true","0.2","0.35","0.05","true","1","5","0.2","100","0.2","0.01","0.8","true","0.4","1","0","Discrete(16)","","","","","","","","","","","","","","","","","","","","","","","","","","","","","","","","","","","","","","","","","","","","","","","","","","","","","","","","","","","","","","","","","","","","","","","","","","","","","","","","","","","","","","","","","","","","","","","","","","","","","","","","","","","","","","","","","","","","","","","","","","","","","","","","","","","","","","","","","","","","","","","","","","","","","","","","","","","","","","","","","","","","","","","","","","","","","","","","","","","","","","","","","","","","","","","","","","","","","","","","","","","","","","","","","","","","","","","","","","","","","","","","","","","","","","","logs/","models/","videos/","ActorCriticPolicy(
  (features_extractor): FlattenExtractor(
    (flatten): Flatten(start_dim=1, end_dim=-1)
  )
  (pi_features_extractor): FlattenExtractor(
    (flatten): Flatten(start_dim=1, end_dim=-1)
  )
  (vf_features_extractor): FlattenExtractor(
    (flatten): Flatten(start_dim=1, end_dim=-1)
  )
  (mlp_extractor): MlpExtractor(
    (policy_net): Sequential(
      (0): Linear(in_features=16, out_features=64, bias=True)
      (1): Tanh()
      (2): Linear(in_features=64, out_features=64, bias=True)
      (3): Tanh()
    )
    (value_net): Sequential(
      (0): Linear(in_features=16, out_features=64, bias=True)
      (1): Tanh()
      (2): Linear(in_features=64, out_features=64, bias=True)
      (3): Tanh()
    )
  )
  (action_net): Linear(in_features=64, out_features=4, bias=True)
  (value_net): Linear(in_features=64, out_features=1, bias=True)
)","<class 'stable_baselines3.common.policies.ActorCriticPolicy'>","{}","","","","","<stable_baselines3.common.buffers.RolloutBuffer object at 0x715bc9675cf0>","<class 'stable_baselines3.common.buffers.RolloutBuffer'>","{}","-1","None","1767875112372076300","","None","","","logs/","PPO","64","","0.99","","0.001","","2048","2","","500000","","","False","","1","0.5","online","NSMDMPI_EXP","[""frozenlake"",""nsmdmpi"",""sine"",""slip""]","501760","0","0","0","0","1","0.25","0.28353703","0","0.10475785","0.04904541","0.06030911","0.28353703","1.1670741","0.00085684366","0","8.14","83","","0.022998622","0.13149413","0.28353703","","","","-1.263746","0.15807104","0.001","-0.13997623","-0.011856609","0.0133032845"
"FrozenLake_Baseline_slip_sine_Seed2_20260108_185943","0.05","finished","-","","baseline, frozenlake, sine, slip","2026-01-08T12:25:09.000Z","6017","","1","False","0","[ True]","[0]","None","<stable_baselines3.common.logger.Logger object at 0x7018c3453910>","0","0","100","500000","None","None","Discrete(4)","","false","PPO","","","64","","FloatSchedule(ConstantSchedule(val=0.2))","None","","","cuda","0","","sine","0.15","slip_prob","1000","FrozenLake-v1","true","4x4","deque([], maxlen=100)","deque([], maxlen=100)","0.95","0.99","","0.001","","","FloatSchedule(ConstantSchedule(val=0.001))","0.5","","","","1","10","2048","True","","","","","","","","","","","","","","","","false","","","","","","","","","","","","","","","","","0","Discrete(16)","","","","","","","","","","","","","","","","","","","","","","","","","","","","","","","","","","","","","","","","","","","","","","","","","","","","","","","","","","","","","","","","","","","","","","","","","","","","","","","","","","","","","","","","","","","","","","","","","","","","","","","","","","","","","","","","","","","","","","","","","","","","","","","","","","","","","","","","","","","","","","","","","","","","","","","","","","","","","","","","","","","","","","","","","","","","","","","","","","","","","","","","","","","","","","","","","","","","","","","","","","","","","","","","","","","","","","","","","","","","","","","","","","","","","","","logs/","models/","videos/","ActorCriticPolicy(
  (features_extractor): FlattenExtractor(
    (flatten): Flatten(start_dim=1, end_dim=-1)
  )
  (pi_features_extractor): FlattenExtractor(
    (flatten): Flatten(start_dim=1, end_dim=-1)
  )
  (vf_features_extractor): FlattenExtractor(
    (flatten): Flatten(start_dim=1, end_dim=-1)
  )
  (mlp_extractor): MlpExtractor(
    (policy_net): Sequential(
      (0): Linear(in_features=16, out_features=64, bias=True)
      (1): Tanh()
      (2): Linear(in_features=64, out_features=64, bias=True)
      (3): Tanh()
    )
    (value_net): Sequential(
      (0): Linear(in_features=16, out_features=64, bias=True)
      (1): Tanh()
      (2): Linear(in_features=64, out_features=64, bias=True)
      (3): Tanh()
    )
  )
  (action_net): Linear(in_features=64, out_features=4, bias=True)
  (value_net): Linear(in_features=64, out_features=1, bias=True)
)","<class 'stable_baselines3.common.policies.ActorCriticPolicy'>","{}","","","","","<stable_baselines3.common.buffers.RolloutBuffer object at 0x7018ea6a1e40>","<class 'stable_baselines3.common.buffers.RolloutBuffer'>","{}","-1","None","1767875112567965000","","None","","","logs/","PPO","64","","0.99","","0.001","","2048","2","","500000","","","False","","1","0.5","online","NSMDMPI_EXP","[""frozenlake"",""baseline"",""sine"",""slip""]","501760","","","","","","","","","","","","","","","","7.92","83","","0.0026712185","0.023291016","0.2","","","","-0.10453298","-0.10235524","0.001","-0.015580141","-0.0037828533","0.016824957"
"FrozenLake_NSMDMPI_slip_sine_Seed4_20260108_185943","0.03","finished","-","","frozenlake, nsmdmpi, sine, slip","2026-01-08T12:25:09.000Z","6017","","1","False","0","[ True]","[0]","None","<stable_baselines3.common.logger.Logger object at 0x742e25957c10>","0","0","100","500000","None","None","Discrete(4)","","false","PPO","","","64","","FloatSchedule(ConstantSchedule(val=0.2))","None","","","cuda","0","","sine","0.15","slip_prob","1000","FrozenLake-v1","true","4x4","deque([], maxlen=100)","deque([], maxlen=100)","0.95","0.99","","0.001","","","FloatSchedule(ConstantSchedule(val=0.001))","0.5","","","","1","10","2048","True","1","0.5","0.3","0.25","true","false","0.05","budgets/","2","150","0.5","1","1.5","1500","0.08","true","0.99","true","0.2","0.35","0.05","true","1","5","0.2","100","0.2","0.01","0.8","true","0.4","1","0","Discrete(16)","","","","","","","","","","","","","","","","","","","","","","","","","","","","","","","","","","","","","","","","","","","","","","","","","","","","","","","","","","","","","","","","","","","","","","","","","","","","","","","","","","","","","","","","","","","","","","","","","","","","","","","","","","","","","","","","","","","","","","","","","","","","","","","","","","","","","","","","","","","","","","","","","","","","","","","","","","","","","","","","","","","","","","","","","","","","","","","","","","","","","","","","","","","","","","","","","","","","","","","","","","","","","","","","","","","","","","","","","","","","","","","","","","","","","","","logs/","models/","videos/","ActorCriticPolicy(
  (features_extractor): FlattenExtractor(
    (flatten): Flatten(start_dim=1, end_dim=-1)
  )
  (pi_features_extractor): FlattenExtractor(
    (flatten): Flatten(start_dim=1, end_dim=-1)
  )
  (vf_features_extractor): FlattenExtractor(
    (flatten): Flatten(start_dim=1, end_dim=-1)
  )
  (mlp_extractor): MlpExtractor(
    (policy_net): Sequential(
      (0): Linear(in_features=16, out_features=64, bias=True)
      (1): Tanh()
      (2): Linear(in_features=64, out_features=64, bias=True)
      (3): Tanh()
    )
    (value_net): Sequential(
      (0): Linear(in_features=16, out_features=64, bias=True)
      (1): Tanh()
      (2): Linear(in_features=64, out_features=64, bias=True)
      (3): Tanh()
    )
  )
  (action_net): Linear(in_features=64, out_features=4, bias=True)
  (value_net): Linear(in_features=64, out_features=1, bias=True)
)","<class 'stable_baselines3.common.policies.ActorCriticPolicy'>","{}","","","","","<stable_baselines3.common.buffers.RolloutBuffer object at 0x742e48c59960>","<class 'stable_baselines3.common.buffers.RolloutBuffer'>","{}","-1","None","1767875112559484000","","None","","","logs/","PPO","64","","0.99","","0.001","","2048","4","","500000","","","False","","1","0.5","online","NSMDMPI_EXP","[""frozenlake"",""nsmdmpi"",""sine"",""slip""]","501760","0","0","0","0","1","0.25","0.28757828","0","0.10475785","0.069128476","0.061313264","0.28757828","1.1751566","0.0008509504","0","9","83","","0.015583511","0.060058594","0.28757828","","","","-1.3275412","0.06975341","0.001","-0.12904938","-0.007903372","0.015123845"
"FrozenLake_Baseline_slip_sine_Seed0_20260108_185943","0.02","finished","-","","baseline, frozenlake, sine, slip","2026-01-08T12:25:09.000Z","6028","","1","False","0","[ True]","[0]","None","<stable_baselines3.common.logger.Logger object at 0x7c36a6b41fc0>","0","0","100","500000","None","None","Discrete(4)","","false","PPO","","","64","","FloatSchedule(ConstantSchedule(val=0.2))","None","","","cuda","0","","sine","0.15","slip_prob","1000","FrozenLake-v1","true","4x4","deque([], maxlen=100)","deque([], maxlen=100)","0.95","0.99","","0.001","","","FloatSchedule(ConstantSchedule(val=0.001))","0.5","","","","1","10","2048","True","","","","","","","","","","","","","","","","false","","","","","","","","","","","","","","","","","0","Discrete(16)","","","","","","","","","","","","","","","","","","","","","","","","","","","","","","","","","","","","","","","","","","","","","","","","","","","","","","","","","","","","","","","","","","","","","","","","","","","","","","","","","","","","","","","","","","","","","","","","","","","","","","","","","","","","","","","","","","","","","","","","","","","","","","","","","","","","","","","","","","","","","","","","","","","","","","","","","","","","","","","","","","","","","","","","","","","","","","","","","","","","","","","","","","","","","","","","","","","","","","","","","","","","","","","","","","","","","","","","","","","","","","","","","","","","","","","logs/","models/","videos/","ActorCriticPolicy(
  (features_extractor): FlattenExtractor(
    (flatten): Flatten(start_dim=1, end_dim=-1)
  )
  (pi_features_extractor): FlattenExtractor(
    (flatten): Flatten(start_dim=1, end_dim=-1)
  )
  (vf_features_extractor): FlattenExtractor(
    (flatten): Flatten(start_dim=1, end_dim=-1)
  )
  (mlp_extractor): MlpExtractor(
    (policy_net): Sequential(
      (0): Linear(in_features=16, out_features=64, bias=True)
      (1): Tanh()
      (2): Linear(in_features=64, out_features=64, bias=True)
      (3): Tanh()
    )
    (value_net): Sequential(
      (0): Linear(in_features=16, out_features=64, bias=True)
      (1): Tanh()
      (2): Linear(in_features=64, out_features=64, bias=True)
      (3): Tanh()
    )
  )
  (action_net): Linear(in_features=64, out_features=4, bias=True)
  (value_net): Linear(in_features=64, out_features=1, bias=True)
)","<class 'stable_baselines3.common.policies.ActorCriticPolicy'>","{}","","","","","<stable_baselines3.common.buffers.RolloutBuffer object at 0x7c36cdc09cf0>","<class 'stable_baselines3.common.buffers.RolloutBuffer'>","{}","-1","None","1767875112102569200","","None","","","logs/","PPO","64","","0.99","","0.001","","2048","0","","500000","","","False","","1","0.5","online","NSMDMPI_EXP","[""frozenlake"",""baseline"",""sine"",""slip""]","501760","","","","","","","","","","","","","","","","7.94","83","","0.0053335405","0.029052734","0.2","","","","-0.065658145","0.16656923","0.001","0.011752924","-0.0022414648","0.017381648"
"FrozenLake_Baseline_slip_sine_Seed4_20260108_185943","0.02","finished","-","","baseline, frozenlake, sine, slip","2026-01-08T12:25:09.000Z","6029","","1","False","0","[ True]","[0]","None","<stable_baselines3.common.logger.Logger object at 0x748f8d745e70>","0","0","100","500000","None","None","Discrete(4)","","false","PPO","","","64","","FloatSchedule(ConstantSchedule(val=0.2))","None","","","cuda","0","","sine","0.15","slip_prob","1000","FrozenLake-v1","true","4x4","deque([], maxlen=100)","deque([], maxlen=100)","0.95","0.99","","0.001","","","FloatSchedule(ConstantSchedule(val=0.001))","0.5","","","","1","10","2048","True","","","","","","","","","","","","","","","","false","","","","","","","","","","","","","","","","","0","Discrete(16)","","","","","","","","","","","","","","","","","","","","","","","","","","","","","","","","","","","","","","","","","","","","","","","","","","","","","","","","","","","","","","","","","","","","","","","","","","","","","","","","","","","","","","","","","","","","","","","","","","","","","","","","","","","","","","","","","","","","","","","","","","","","","","","","","","","","","","","","","","","","","","","","","","","","","","","","","","","","","","","","","","","","","","","","","","","","","","","","","","","","","","","","","","","","","","","","","","","","","","","","","","","","","","","","","","","","","","","","","","","","","","","","","","","","","","","logs/","models/","videos/","ActorCriticPolicy(
  (features_extractor): FlattenExtractor(
    (flatten): Flatten(start_dim=1, end_dim=-1)
  )
  (pi_features_extractor): FlattenExtractor(
    (flatten): Flatten(start_dim=1, end_dim=-1)
  )
  (vf_features_extractor): FlattenExtractor(
    (flatten): Flatten(start_dim=1, end_dim=-1)
  )
  (mlp_extractor): MlpExtractor(
    (policy_net): Sequential(
      (0): Linear(in_features=16, out_features=64, bias=True)
      (1): Tanh()
      (2): Linear(in_features=64, out_features=64, bias=True)
      (3): Tanh()
    )
    (value_net): Sequential(
      (0): Linear(in_features=16, out_features=64, bias=True)
      (1): Tanh()
      (2): Linear(in_features=64, out_features=64, bias=True)
      (3): Tanh()
    )
  )
  (action_net): Linear(in_features=64, out_features=4, bias=True)
  (value_net): Linear(in_features=64, out_features=1, bias=True)
)","<class 'stable_baselines3.common.policies.ActorCriticPolicy'>","{}","","","","","<stable_baselines3.common.buffers.RolloutBuffer object at 0x748fb08be320>","<class 'stable_baselines3.common.buffers.RolloutBuffer'>","{}","-1","None","1767875112019059200","","None","","","logs/","PPO","64","","0.99","","0.001","","2048","4","","500000","","","False","","1","0.5","online","NSMDMPI_EXP","[""frozenlake"",""baseline"",""sine"",""slip""]","501760","","","","","","","","","","","","","","","","8.66","83","","0.0019952995","0.018115234","0.2","","","","-0.14397442","0.13500029","0.001","0.032146633","0.0012547943","0.037208844"
"CartPole_Baseline_gravity_jump_Seed3_20260108_185943","500","finished","-","","baseline, cartpole, gravity, jump","2026-01-08T12:19:48.000Z","314","","1","False","0","[ True]","[[ 0.03940975 -0.01104901  0.02059092 -0.04001604]]","None","<stable_baselines3.common.logger.Logger object at 0x76e14d25b4f0>","0","0","100","100000","None","None","Discrete(2)","","false","PPO","","","64","","FloatSchedule(ConstantSchedule(val=0.2))","None","","","cuda","0","","jump","8","gravity","500","CartPole-v1","","","deque([], maxlen=100)","deque([], maxlen=100)","0.95","0.99","","0.0003","","","FloatSchedule(ConstantSchedule(val=0.0003))","0.5","","","","1","10","2048","True","","","","","","","","","","","","","","","","false","","","","","","","","","","","","","","","","","0","Box([-4.8               -inf -0.41887903        -inf], [4.8               inf 0.41887903        inf], (4,), float32)","","","","","","","","","","","","","","","","","","","","","","","","","","","","","","","","","","","","","","","","","","","","","","","","","","","","","","","","","","","","","","","","","","","","","","","","","","","","","","","","","","","","","","","","","","","","","","","","","","","","","","","","","","","","","","","","","","","","","","","","","","","","","","","","","","","","","","","","","","","","","","","","","","","","","","","","","","","","","","","","","","","","","","","","","","","","","","","","","","","","","","","","","","","","","","","","","","","","","","","","","","","","","","","","","","","","","","","","","","","","","","","","","","","","","","","logs/","models/","videos/","ActorCriticPolicy(
  (features_extractor): FlattenExtractor(
    (flatten): Flatten(start_dim=1, end_dim=-1)
  )
  (pi_features_extractor): FlattenExtractor(
    (flatten): Flatten(start_dim=1, end_dim=-1)
  )
  (vf_features_extractor): FlattenExtractor(
    (flatten): Flatten(start_dim=1, end_dim=-1)
  )
  (mlp_extractor): MlpExtractor(
    (policy_net): Sequential(
      (0): Linear(in_features=4, out_features=64, bias=True)
      (1): Tanh()
      (2): Linear(in_features=64, out_features=64, bias=True)
      (3): Tanh()
    )
    (value_net): Sequential(
      (0): Linear(in_features=4, out_features=64, bias=True)
      (1): Tanh()
      (2): Linear(in_features=64, out_features=64, bias=True)
      (3): Tanh()
    )
  )
  (action_net): Linear(in_features=64, out_features=2, bias=True)
  (value_net): Linear(in_features=64, out_features=1, bias=True)
)","<class 'stable_baselines3.common.policies.ActorCriticPolicy'>","{}","","","","","<stable_baselines3.common.buffers.RolloutBuffer object at 0x76e170489d80>","<class 'stable_baselines3.common.buffers.RolloutBuffer'>","{}","-1","None","1767874789922894600","","None","","","logs/","PPO","64","","0.99","","0.0003","","2048","3","","100000","","","False","","1","0.5","online","NSMDMPI_EXP","[""cartpole"",""baseline"",""jump"",""gravity""]","100352","","","","","","","","","","","","","","","","500","324","","0.0049200654","0.050439455","0.2","","","","-0.3259272","-0.7703018","0.0003","-0.0074647157","-0.0019190598","0.000006113839"
"CartPole_NSMDMPI_gravity_jump_Seed4_20260108_185943","500","finished","-","","cartpole, gravity, jump, nsmdmpi","2026-01-08T12:19:48.000Z","315","","1","False","0","[ True]","[[ 0.01973211  0.03791826 -0.02419074  0.02982428]]","None","<stable_baselines3.common.logger.Logger object at 0x78f349567520>","0","0","100","100000","None","None","Discrete(2)","","false","PPO","","","64","","FloatSchedule(ConstantSchedule(val=0.2))","None","","","cuda","0","","jump","8","gravity","500","CartPole-v1","","","deque([], maxlen=100)","deque([], maxlen=100)","0.95","0.99","","0.0003","","","FloatSchedule(ConstantSchedule(val=0.0003))","0.5","","","","1","10","2048","True","1","80","80","40","true","false","0.01","budgets/","2","200","0.5","1","1","2000","0.05","true","0.99","true","0.2","0.35","0.05","true","1","5","0.2","100","0.1","0","0.7","true","0.3","1","0","Box([-4.8               -inf -0.41887903        -inf], [4.8               inf 0.41887903        inf], (4,), float32)","","","","","","","","","","","","","","","","","","","","","","","","","","","","","","","","","","","","","","","","","","","","","","","","","","","","","","","","","","","","","","","","","","","","","","","","","","","","","","","","","","","","","","","","","","","","","","","","","","","","","","","","","","","","","","","","","","","","","","","","","","","","","","","","","","","","","","","","","","","","","","","","","","","","","","","","","","","","","","","","","","","","","","","","","","","","","","","","","","","","","","","","","","","","","","","","","","","","","","","","","","","","","","","","","","","","","","","","","","","","","","","","","","","","","","","logs/","models/","videos/","ActorCriticPolicy(
  (features_extractor): FlattenExtractor(
    (flatten): Flatten(start_dim=1, end_dim=-1)
  )
  (pi_features_extractor): FlattenExtractor(
    (flatten): Flatten(start_dim=1, end_dim=-1)
  )
  (vf_features_extractor): FlattenExtractor(
    (flatten): Flatten(start_dim=1, end_dim=-1)
  )
  (mlp_extractor): MlpExtractor(
    (policy_net): Sequential(
      (0): Linear(in_features=4, out_features=64, bias=True)
      (1): Tanh()
      (2): Linear(in_features=64, out_features=64, bias=True)
      (3): Tanh()
    )
    (value_net): Sequential(
      (0): Linear(in_features=4, out_features=64, bias=True)
      (1): Tanh()
      (2): Linear(in_features=64, out_features=64, bias=True)
      (3): Tanh()
    )
  )
  (action_net): Linear(in_features=64, out_features=2, bias=True)
  (value_net): Linear(in_features=64, out_features=1, bias=True)
)","<class 'stable_baselines3.common.policies.ActorCriticPolicy'>","{}","","","","","<stable_baselines3.common.buffers.RolloutBuffer object at 0x78f36c7e9690>","<class 'stable_baselines3.common.buffers.RolloutBuffer'>","{}","-1","None","1767874789922827300","","None","","","logs/","PPO","64","","0.99","","0.0003","","2048","4","","100000","","","False","","1","0.5","online","NSMDMPI_EXP","[""cartpole"",""nsmdmpi"",""jump"",""gravity""]","100352","0","0","1","80","1","40","0.35","0","0.37440786","0","0.013744079","0.35","5","0.00006","0","500","324","","0.007322636","0.016015625","0.35","","","","-0.35200918","-0.52636814","0.0003","-0.00911164","-0.0017300778","0.000008916102"
"CartPole_NSMDMPI_gravity_jump_Seed3_20260108_185943","500","finished","-","","cartpole, gravity, jump, nsmdmpi","2026-01-08T12:19:48.000Z","314","","1","False","0","[ True]","[[ 0.03518077 -0.03803729  0.03325803 -0.00530449]]","None","<stable_baselines3.common.logger.Logger object at 0x722f12037400>","0","0","100","100000","None","None","Discrete(2)","","false","PPO","","","64","","FloatSchedule(ConstantSchedule(val=0.2))","None","","","cuda","0","","jump","8","gravity","500","CartPole-v1","","","deque([], maxlen=100)","deque([], maxlen=100)","0.95","0.99","","0.0003","","","FloatSchedule(ConstantSchedule(val=0.0003))","0.5","","","","1","10","2048","True","1","80","80","40","true","false","0.01","budgets/","2","200","0.5","1","1","2000","0.05","true","0.99","true","0.2","0.35","0.05","true","1","5","0.2","100","0.1","0","0.7","true","0.3","1","0","Box([-4.8               -inf -0.41887903        -inf], [4.8               inf 0.41887903        inf], (4,), float32)","","","","","","","","","","","","","","","","","","","","","","","","","","","","","","","","","","","","","","","","","","","","","","","","","","","","","","","","","","","","","","","","","","","","","","","","","","","","","","","","","","","","","","","","","","","","","","","","","","","","","","","","","","","","","","","","","","","","","","","","","","","","","","","","","","","","","","","","","","","","","","","","","","","","","","","","","","","","","","","","","","","","","","","","","","","","","","","","","","","","","","","","","","","","","","","","","","","","","","","","","","","","","","","","","","","","","","","","","","","","","","","","","","","","","","","logs/","models/","videos/","ActorCriticPolicy(
  (features_extractor): FlattenExtractor(
    (flatten): Flatten(start_dim=1, end_dim=-1)
  )
  (pi_features_extractor): FlattenExtractor(
    (flatten): Flatten(start_dim=1, end_dim=-1)
  )
  (vf_features_extractor): FlattenExtractor(
    (flatten): Flatten(start_dim=1, end_dim=-1)
  )
  (mlp_extractor): MlpExtractor(
    (policy_net): Sequential(
      (0): Linear(in_features=4, out_features=64, bias=True)
      (1): Tanh()
      (2): Linear(in_features=64, out_features=64, bias=True)
      (3): Tanh()
    )
    (value_net): Sequential(
      (0): Linear(in_features=4, out_features=64, bias=True)
      (1): Tanh()
      (2): Linear(in_features=64, out_features=64, bias=True)
      (3): Tanh()
    )
  )
  (action_net): Linear(in_features=64, out_features=2, bias=True)
  (value_net): Linear(in_features=64, out_features=1, bias=True)
)","<class 'stable_baselines3.common.policies.ActorCriticPolicy'>","{}","","","","","<stable_baselines3.common.buffers.RolloutBuffer object at 0x722f59299150>","<class 'stable_baselines3.common.buffers.RolloutBuffer'>","{}","-1","None","1767874789922887400","","None","","","logs/","PPO","64","","0.99","","0.0003","","2048","3","","100000","","","False","","1","0.5","online","NSMDMPI_EXP","[""cartpole"",""nsmdmpi"",""jump"",""gravity""]","100352","0","0","1","80","1","40","0.35","0","0.37440786","0","0.013744079","0.35","5","0.00006","0","500","324","","0.0076706233","0.016601562","0.35","","","","-0.3702282","-1.5828192","0.0003","-0.02989852","-0.0017144092","0.0000066806474"
"CartPole_Baseline_gravity_jump_Seed4_20260108_185943","500","finished","-","","baseline, cartpole, gravity, jump","2026-01-08T12:19:48.000Z","314","","1","False","0","[ True]","[[ 0.00966394 -0.00588084 -0.03975622  0.01942241]]","None","<stable_baselines3.common.logger.Logger object at 0x711f6fd62fb0>","0","0","100","100000","None","None","Discrete(2)","","false","PPO","","","64","","FloatSchedule(ConstantSchedule(val=0.2))","None","","","cuda","0","","jump","8","gravity","500","CartPole-v1","","","deque([], maxlen=100)","deque([], maxlen=100)","0.95","0.99","","0.0003","","","FloatSchedule(ConstantSchedule(val=0.0003))","0.5","","","","1","10","2048","True","","","","","","","","","","","","","","","","false","","","","","","","","","","","","","","","","","0","Box([-4.8               -inf -0.41887903        -inf], [4.8               inf 0.41887903        inf], (4,), float32)","","","","","","","","","","","","","","","","","","","","","","","","","","","","","","","","","","","","","","","","","","","","","","","","","","","","","","","","","","","","","","","","","","","","","","","","","","","","","","","","","","","","","","","","","","","","","","","","","","","","","","","","","","","","","","","","","","","","","","","","","","","","","","","","","","","","","","","","","","","","","","","","","","","","","","","","","","","","","","","","","","","","","","","","","","","","","","","","","","","","","","","","","","","","","","","","","","","","","","","","","","","","","","","","","","","","","","","","","","","","","","","","","","","","","","","logs/","models/","videos/","ActorCriticPolicy(
  (features_extractor): FlattenExtractor(
    (flatten): Flatten(start_dim=1, end_dim=-1)
  )
  (pi_features_extractor): FlattenExtractor(
    (flatten): Flatten(start_dim=1, end_dim=-1)
  )
  (vf_features_extractor): FlattenExtractor(
    (flatten): Flatten(start_dim=1, end_dim=-1)
  )
  (mlp_extractor): MlpExtractor(
    (policy_net): Sequential(
      (0): Linear(in_features=4, out_features=64, bias=True)
      (1): Tanh()
      (2): Linear(in_features=64, out_features=64, bias=True)
      (3): Tanh()
    )
    (value_net): Sequential(
      (0): Linear(in_features=4, out_features=64, bias=True)
      (1): Tanh()
      (2): Linear(in_features=64, out_features=64, bias=True)
      (3): Tanh()
    )
  )
  (action_net): Linear(in_features=64, out_features=2, bias=True)
  (value_net): Linear(in_features=64, out_features=1, bias=True)
)","<class 'stable_baselines3.common.policies.ActorCriticPolicy'>","{}","","","","","<stable_baselines3.common.buffers.RolloutBuffer object at 0x711f96fe17b0>","<class 'stable_baselines3.common.buffers.RolloutBuffer'>","{}","-1","None","1767874789922934800","","None","","","logs/","PPO","64","","0.99","","0.0003","","2048","4","","100000","","","False","","1","0.5","online","NSMDMPI_EXP","[""cartpole"",""baseline"",""jump"",""gravity""]","100352","","","","","","","","","","","","","","","","500","324","","0.0027277372","0.023095703","0.2","","","","-0.35964835","-0.41854966","0.0003","0.007104681","-0.0021033343","0.0000046693676"
"CartPole_Baseline_gravity_jump_Seed2_20260108_185943","500","finished","-","","baseline, cartpole, gravity, jump","2026-01-08T11:59:49.000Z","1195","","1","False","0","[ True]","[[ 0.03157963 -0.00620964 -0.00427782  0.00867779]]","None","<stable_baselines3.common.logger.Logger object at 0x7314ca06b3d0>","0","0","100","100000","None","None","Discrete(2)","","false","PPO","","","64","","FloatSchedule(ConstantSchedule(val=0.2))","None","","","cuda","0","","jump","8","gravity","500","CartPole-v1","","","deque([], maxlen=100)","deque([], maxlen=100)","0.95","0.99","","0.0003","","","FloatSchedule(ConstantSchedule(val=0.0003))","0.5","","","","1","10","2048","True","","","","","","","","","","","","","","","","false","","","","","","","","","","","","","","","","","0","Box([-4.8               -inf -0.41887903        -inf], [4.8               inf 0.41887903        inf], (4,), float32)","","","","","","","","","","","","","","","","","","","","","","","","","","","","","","","","","","","","","","","","","","","","","","","","","","","","","","","","","","","","","","","","","","","","","","","","","","","","","","","","","","","","","","","","","","","","","","","","","","","","","","","","","","","","","","","","","","","","","","","","","","","","","","","","","","","","","","","","","","","","","","","","","","","","","","","","","","","","","","","","","","","","","","","","","","","","","","","","","","","","","","","","","","","","","","","","","","","","","","","","","","","","","","","","","","","","","","","","","","","","","","","","","","","","","","","logs/","models/","videos/","ActorCriticPolicy(
  (features_extractor): FlattenExtractor(
    (flatten): Flatten(start_dim=1, end_dim=-1)
  )
  (pi_features_extractor): FlattenExtractor(
    (flatten): Flatten(start_dim=1, end_dim=-1)
  )
  (vf_features_extractor): FlattenExtractor(
    (flatten): Flatten(start_dim=1, end_dim=-1)
  )
  (mlp_extractor): MlpExtractor(
    (policy_net): Sequential(
      (0): Linear(in_features=4, out_features=64, bias=True)
      (1): Tanh()
      (2): Linear(in_features=64, out_features=64, bias=True)
      (3): Tanh()
    )
    (value_net): Sequential(
      (0): Linear(in_features=4, out_features=64, bias=True)
      (1): Tanh()
      (2): Linear(in_features=64, out_features=64, bias=True)
      (3): Tanh()
    )
  )
  (action_net): Linear(in_features=64, out_features=2, bias=True)
  (value_net): Linear(in_features=64, out_features=1, bias=True)
)","<class 'stable_baselines3.common.policies.ActorCriticPolicy'>","{}","","","","","<stable_baselines3.common.buffers.RolloutBuffer object at 0x7315110b9c00>","<class 'stable_baselines3.common.buffers.RolloutBuffer'>","{}","-1","None","1767873593068289300","","None","","","logs/","PPO","64","","0.99","","0.0003","","2048","2","","100000","","","False","","1","0.5","online","NSMDMPI_EXP","[""cartpole"",""baseline"",""jump"",""gravity""]","100352","","","","","","","","","","","","","","","","500","84","","0.0017408922","0.017333984","0.2","","","","-0.35290122","-0.13651633","0.0003","0.017673297","-0.00074031577","0.0000073682727"
"CartPole_Baseline_gravity_sine_Seed0_20260108_185943","500","finished","-","","baseline, cartpole, gravity, sine","2026-01-08T11:59:49.000Z","1194","","1","False","0","[ True]","[[ 0.00865477  0.04979688  0.01961853 -0.00331187]]","None","<stable_baselines3.common.logger.Logger object at 0x718ad7483100>","0","0","100","100000","None","None","Discrete(2)","","false","PPO","","","64","","FloatSchedule(ConstantSchedule(val=0.2))","None","","","cuda","0","","sine","5","gravity","500","CartPole-v1","","","deque([], maxlen=100)","deque([], maxlen=100)","0.95","0.99","","0.0003","","","FloatSchedule(ConstantSchedule(val=0.0003))","0.5","","","","1","10","2048","True","","","","","","","","","","","","","","","","false","","","","","","","","","","","","","","","","","0","Box([-4.8               -inf -0.41887903        -inf], [4.8               inf 0.41887903        inf], (4,), float32)","","","","","","","","","","","","","","","","","","","","","","","","","","","","","","","","","","","","","","","","","","","","","","","","","","","","","","","","","","","","","","","","","","","","","","","","","","","","","","","","","","","","","","","","","","","","","","","","","","","","","","","","","","","","","","","","","","","","","","","","","","","","","","","","","","","","","","","","","","","","","","","","","","","","","","","","","","","","","","","","","","","","","","","","","","","","","","","","","","","","","","","","","","","","","","","","","","","","","","","","","","","","","","","","","","","","","","","","","","","","","","","","","","","","","","","logs/","models/","videos/","ActorCriticPolicy(
  (features_extractor): FlattenExtractor(
    (flatten): Flatten(start_dim=1, end_dim=-1)
  )
  (pi_features_extractor): FlattenExtractor(
    (flatten): Flatten(start_dim=1, end_dim=-1)
  )
  (vf_features_extractor): FlattenExtractor(
    (flatten): Flatten(start_dim=1, end_dim=-1)
  )
  (mlp_extractor): MlpExtractor(
    (policy_net): Sequential(
      (0): Linear(in_features=4, out_features=64, bias=True)
      (1): Tanh()
      (2): Linear(in_features=64, out_features=64, bias=True)
      (3): Tanh()
    )
    (value_net): Sequential(
      (0): Linear(in_features=4, out_features=64, bias=True)
      (1): Tanh()
      (2): Linear(in_features=64, out_features=64, bias=True)
      (3): Tanh()
    )
  )
  (action_net): Linear(in_features=64, out_features=2, bias=True)
  (value_net): Linear(in_features=64, out_features=1, bias=True)
)","<class 'stable_baselines3.common.policies.ActorCriticPolicy'>","{}","","","","","<stable_baselines3.common.buffers.RolloutBuffer object at 0x718b0e4cdea0>","<class 'stable_baselines3.common.buffers.RolloutBuffer'>","{}","-1","None","1767873593078071000","","None","","","logs/","PPO","64","","0.99","","0.0003","","2048","0","","100000","","","False","","1","0.5","online","NSMDMPI_EXP","[""cartpole"",""baseline"",""sine"",""gravity""]","100352","","","","","","","","","","","","","","","","500","84","","0.0045934594","0.0625","0.2","","","","-0.34630495","-0.078464985","0.0003","-0.013420964","-0.0022688776","0.0000037791372"
"CartPole_Baseline_gravity_sine_Seed4_20260108_185943","500","finished","-","","baseline, cartpole, gravity, sine","2026-01-08T11:59:49.000Z","1192","","1","False","0","[ True]","[[-0.03380958  0.02712043  0.01283444 -0.02402929]]","None","<stable_baselines3.common.logger.Logger object at 0x7a0c9291b160>","0","0","100","100000","None","None","Discrete(2)","","false","PPO","","","64","","FloatSchedule(ConstantSchedule(val=0.2))","None","","","cuda","0","","sine","5","gravity","500","CartPole-v1","","","deque([], maxlen=100)","deque([], maxlen=100)","0.95","0.99","","0.0003","","","FloatSchedule(ConstantSchedule(val=0.0003))","0.5","","","","1","10","2048","True","","","","","","","","","","","","","","","","false","","","","","","","","","","","","","","","","","0","Box([-4.8               -inf -0.41887903        -inf], [4.8               inf 0.41887903        inf], (4,), float32)","","","","","","","","","","","","","","","","","","","","","","","","","","","","","","","","","","","","","","","","","","","","","","","","","","","","","","","","","","","","","","","","","","","","","","","","","","","","","","","","","","","","","","","","","","","","","","","","","","","","","","","","","","","","","","","","","","","","","","","","","","","","","","","","","","","","","","","","","","","","","","","","","","","","","","","","","","","","","","","","","","","","","","","","","","","","","","","","","","","","","","","","","","","","","","","","","","","","","","","","","","","","","","","","","","","","","","","","","","","","","","","","","","","","","","","logs/","models/","videos/","ActorCriticPolicy(
  (features_extractor): FlattenExtractor(
    (flatten): Flatten(start_dim=1, end_dim=-1)
  )
  (pi_features_extractor): FlattenExtractor(
    (flatten): Flatten(start_dim=1, end_dim=-1)
  )
  (vf_features_extractor): FlattenExtractor(
    (flatten): Flatten(start_dim=1, end_dim=-1)
  )
  (mlp_extractor): MlpExtractor(
    (policy_net): Sequential(
      (0): Linear(in_features=4, out_features=64, bias=True)
      (1): Tanh()
      (2): Linear(in_features=64, out_features=64, bias=True)
      (3): Tanh()
    )
    (value_net): Sequential(
      (0): Linear(in_features=4, out_features=64, bias=True)
      (1): Tanh()
      (2): Linear(in_features=64, out_features=64, bias=True)
      (3): Tanh()
    )
  )
  (action_net): Linear(in_features=64, out_features=2, bias=True)
  (value_net): Linear(in_features=64, out_features=1, bias=True)
)","<class 'stable_baselines3.common.policies.ActorCriticPolicy'>","{}","","","","","<stable_baselines3.common.buffers.RolloutBuffer object at 0x7a0cb9bd5930>","<class 'stable_baselines3.common.buffers.RolloutBuffer'>","{}","-1","None","1767873592797953800","","None","","","logs/","PPO","64","","0.99","","0.0003","","2048","4","","100000","","","False","","1","0.5","online","NSMDMPI_EXP","[""cartpole"",""baseline"",""sine"",""gravity""]","100352","","","","","","","","","","","","","","","","500","85","","0.0032883422","0.042382814","0.2","","","","-0.335537","-0.45131075","0.0003","-0.0017693058","-0.0020152705","0.0000063098287"
"CartPole_NSMDMPI_gravity_sine_Seed3_20260108_185943","500","finished","-","","cartpole, gravity, nsmdmpi, sine","2026-01-08T11:59:49.000Z","1194","","1","False","0","[ True]","[[ 0.03717597  0.04007635  0.0133956  -0.00682991]]","None","<stable_baselines3.common.logger.Logger object at 0x748bd17173d0>","0","0","100","100000","None","None","Discrete(2)","","false","PPO","","","64","","FloatSchedule(ConstantSchedule(val=0.2))","None","","","cuda","0","","sine","5","gravity","500","CartPole-v1","","","deque([], maxlen=100)","deque([], maxlen=100)","0.95","0.99","","0.0003","","","FloatSchedule(ConstantSchedule(val=0.0003))","0.5","","","","1","10","2048","True","1","50","50","25","true","false","0.01","budgets/","2","200","0.5","1","1","2000","0.05","true","0.99","true","0.2","0.35","0.05","true","1","5","0.2","100","0.1","0","0.7","true","0.3","1","0","Box([-4.8               -inf -0.41887903        -inf], [4.8               inf 0.41887903        inf], (4,), float32)","","","","","","","","","","","","","","","","","","","","","","","","","","","","","","","","","","","","","","","","","","","","","","","","","","","","","","","","","","","","","","","","","","","","","","","","","","","","","","","","","","","","","","","","","","","","","","","","","","","","","","","","","","","","","","","","","","","","","","","","","","","","","","","","","","","","","","","","","","","","","","","","","","","","","","","","","","","","","","","","","","","","","","","","","","","","","","","","","","","","","","","","","","","","","","","","","","","","","","","","","","","","","","","","","","","","","","","","","","","","","","","","","","","","","","","logs/","models/","videos/","ActorCriticPolicy(
  (features_extractor): FlattenExtractor(
    (flatten): Flatten(start_dim=1, end_dim=-1)
  )
  (pi_features_extractor): FlattenExtractor(
    (flatten): Flatten(start_dim=1, end_dim=-1)
  )
  (vf_features_extractor): FlattenExtractor(
    (flatten): Flatten(start_dim=1, end_dim=-1)
  )
  (mlp_extractor): MlpExtractor(
    (policy_net): Sequential(
      (0): Linear(in_features=4, out_features=64, bias=True)
      (1): Tanh()
      (2): Linear(in_features=64, out_features=64, bias=True)
      (3): Tanh()
    )
    (value_net): Sequential(
      (0): Linear(in_features=4, out_features=64, bias=True)
      (1): Tanh()
      (2): Linear(in_features=64, out_features=64, bias=True)
      (3): Tanh()
    )
  )
  (action_net): Linear(in_features=64, out_features=2, bias=True)
  (value_net): Linear(in_features=64, out_features=1, bias=True)
)","<class 'stable_baselines3.common.policies.ActorCriticPolicy'>","{}","","","","","<stable_baselines3.common.buffers.RolloutBuffer object at 0x748bf48c1420>","<class 'stable_baselines3.common.buffers.RolloutBuffer'>","{}","-1","None","1767873592733491500","","None","","","logs/","PPO","64","","0.99","","0.0003","","2048","3","","100000","","","False","","1","0.5","online","NSMDMPI_EXP","[""cartpole"",""nsmdmpi"",""sine"",""gravity""]","100352","0","0","1","50","1","25","0.35","0","2.4069235","0","0.034069236","0.35","5","0.00006","0","500","84","","0.012362713","0.020166015","0.35","","","","-0.41245255","-1.3493912","0.0003","-0.00892433","-0.004426892","0.0000067628453"
"CartPole_NSMDMPI_gravity_sine_Seed4_20260108_185943","500","finished","-","","cartpole, gravity, nsmdmpi, sine","2026-01-08T11:59:49.000Z","1194","","1","False","0","[ True]","[[0.00044104 0.04227247 0.00138387 0.0048067 ]]","None","<stable_baselines3.common.logger.Logger object at 0x7a85ab54b400>","0","0","100","100000","None","None","Discrete(2)","","false","PPO","","","64","","FloatSchedule(ConstantSchedule(val=0.2))","None","","","cuda","0","","sine","5","gravity","500","CartPole-v1","","","deque([], maxlen=100)","deque([], maxlen=100)","0.95","0.99","","0.0003","","","FloatSchedule(ConstantSchedule(val=0.0003))","0.5","","","","1","10","2048","True","1","50","50","25","true","false","0.01","budgets/","2","200","0.5","1","1","2000","0.05","true","0.99","true","0.2","0.35","0.05","true","1","5","0.2","100","0.1","0","0.7","true","0.3","1","0","Box([-4.8               -inf -0.41887903        -inf], [4.8               inf 0.41887903        inf], (4,), float32)","","","","","","","","","","","","","","","","","","","","","","","","","","","","","","","","","","","","","","","","","","","","","","","","","","","","","","","","","","","","","","","","","","","","","","","","","","","","","","","","","","","","","","","","","","","","","","","","","","","","","","","","","","","","","","","","","","","","","","","","","","","","","","","","","","","","","","","","","","","","","","","","","","","","","","","","","","","","","","","","","","","","","","","","","","","","","","","","","","","","","","","","","","","","","","","","","","","","","","","","","","","","","","","","","","","","","","","","","","","","","","","","","","","","","","","logs/","models/","videos/","ActorCriticPolicy(
  (features_extractor): FlattenExtractor(
    (flatten): Flatten(start_dim=1, end_dim=-1)
  )
  (pi_features_extractor): FlattenExtractor(
    (flatten): Flatten(start_dim=1, end_dim=-1)
  )
  (vf_features_extractor): FlattenExtractor(
    (flatten): Flatten(start_dim=1, end_dim=-1)
  )
  (mlp_extractor): MlpExtractor(
    (policy_net): Sequential(
      (0): Linear(in_features=4, out_features=64, bias=True)
      (1): Tanh()
      (2): Linear(in_features=64, out_features=64, bias=True)
      (3): Tanh()
    )
    (value_net): Sequential(
      (0): Linear(in_features=4, out_features=64, bias=True)
      (1): Tanh()
      (2): Linear(in_features=64, out_features=64, bias=True)
      (3): Tanh()
    )
  )
  (action_net): Linear(in_features=64, out_features=2, bias=True)
  (value_net): Linear(in_features=64, out_features=1, bias=True)
)","<class 'stable_baselines3.common.policies.ActorCriticPolicy'>","{}","","","","","<stable_baselines3.common.buffers.RolloutBuffer object at 0x7a85f2699510>","<class 'stable_baselines3.common.buffers.RolloutBuffer'>","{}","-1","None","1767873593103338000","","None","","","logs/","PPO","64","","0.99","","0.0003","","2048","4","","100000","","","False","","1","0.5","online","NSMDMPI_EXP","[""cartpole"",""nsmdmpi"",""sine"",""gravity""]","100352","0","0","1","50","1","25","0.35","0","2.4069235","0","0.034069236","0.35","5","0.00006","0","500","84","","0.0020006865","0.0056640627","0.35","","","","-0.2476498","0.557752","0.0003","-0.0066043613","-0.0001308407","0.000025845158"
"CartPole_Baseline_gravity_sine_Seed1_20260108_185943","500","finished","-","","baseline, cartpole, gravity, sine","2026-01-08T11:59:49.000Z","1194","","1","False","0","[ True]","[[ 0.01053714 -0.03592255 -0.00817558 -0.02470255]]","None","<stable_baselines3.common.logger.Logger object at 0x7da9a0c53220>","0","0","100","100000","None","None","Discrete(2)","","false","PPO","","","64","","FloatSchedule(ConstantSchedule(val=0.2))","None","","","cuda","0","","sine","5","gravity","500","CartPole-v1","","","deque([], maxlen=100)","deque([], maxlen=100)","0.95","0.99","","0.0003","","","FloatSchedule(ConstantSchedule(val=0.0003))","0.5","","","","1","10","2048","True","","","","","","","","","","","","","","","","false","","","","","","","","","","","","","","","","","0","Box([-4.8               -inf -0.41887903        -inf], [4.8               inf 0.41887903        inf], (4,), float32)","","","","","","","","","","","","","","","","","","","","","","","","","","","","","","","","","","","","","","","","","","","","","","","","","","","","","","","","","","","","","","","","","","","","","","","","","","","","","","","","","","","","","","","","","","","","","","","","","","","","","","","","","","","","","","","","","","","","","","","","","","","","","","","","","","","","","","","","","","","","","","","","","","","","","","","","","","","","","","","","","","","","","","","","","","","","","","","","","","","","","","","","","","","","","","","","","","","","","","","","","","","","","","","","","","","","","","","","","","","","","","","","","","","","","","","logs/","models/","videos/","ActorCriticPolicy(
  (features_extractor): FlattenExtractor(
    (flatten): Flatten(start_dim=1, end_dim=-1)
  )
  (pi_features_extractor): FlattenExtractor(
    (flatten): Flatten(start_dim=1, end_dim=-1)
  )
  (vf_features_extractor): FlattenExtractor(
    (flatten): Flatten(start_dim=1, end_dim=-1)
  )
  (mlp_extractor): MlpExtractor(
    (policy_net): Sequential(
      (0): Linear(in_features=4, out_features=64, bias=True)
      (1): Tanh()
      (2): Linear(in_features=64, out_features=64, bias=True)
      (3): Tanh()
    )
    (value_net): Sequential(
      (0): Linear(in_features=4, out_features=64, bias=True)
      (1): Tanh()
      (2): Linear(in_features=64, out_features=64, bias=True)
      (3): Tanh()
    )
  )
  (action_net): Linear(in_features=64, out_features=2, bias=True)
  (value_net): Linear(in_features=64, out_features=1, bias=True)
)","<class 'stable_baselines3.common.policies.ActorCriticPolicy'>","{}","","","","","<stable_baselines3.common.buffers.RolloutBuffer object at 0x7da9bfdcdba0>","<class 'stable_baselines3.common.buffers.RolloutBuffer'>","{}","-1","None","1767873592706197200","","None","","","logs/","PPO","64","","0.99","","0.0003","","2048","1","","100000","","","False","","1","0.5","online","NSMDMPI_EXP","[""cartpole"",""baseline"",""sine"",""gravity""]","100352","","","","","","","","","","","","","","","","500","84","","0.005288833","0.042871095","0.2","","","","-0.33863604","-0.62137914","0.0003","0.01874351","-0.0020782026","0.0000031080287"
"CartPole_NSMDMPI_gravity_sine_Seed1_20260108_185943","497.51","finished","-","","cartpole, gravity, nsmdmpi, sine","2026-01-08T11:59:49.000Z","1195","","1","False","0","[ True]","[[0.00708566 0.01875732 0.00818233 0.04956518]]","None","<stable_baselines3.common.logger.Logger object at 0x73458e30b4c0>","0","0","100","100000","None","None","Discrete(2)","","false","PPO","","","64","","FloatSchedule(ConstantSchedule(val=0.2))","None","","","cuda","0","","sine","5","gravity","500","CartPole-v1","","","deque([], maxlen=100)","deque([], maxlen=100)","0.95","0.99","","0.0003","","","FloatSchedule(ConstantSchedule(val=0.0003))","0.5","","","","1","10","2048","True","1","50","50","25","true","false","0.01","budgets/","2","200","0.5","1","1","2000","0.05","true","0.99","true","0.2","0.35","0.05","true","1","5","0.2","100","0.1","0","0.7","true","0.3","1","0","Box([-4.8               -inf -0.41887903        -inf], [4.8               inf 0.41887903        inf], (4,), float32)","","","","","","","","","","","","","","","","","","","","","","","","","","","","","","","","","","","","","","","","","","","","","","","","","","","","","","","","","","","","","","","","","","","","","","","","","","","","","","","","","","","","","","","","","","","","","","","","","","","","","","","","","","","","","","","","","","","","","","","","","","","","","","","","","","","","","","","","","","","","","","","","","","","","","","","","","","","","","","","","","","","","","","","","","","","","","","","","","","","","","","","","","","","","","","","","","","","","","","","","","","","","","","","","","","","","","","","","","","","","","","","","","","","","","","","logs/","models/","videos/","ActorCriticPolicy(
  (features_extractor): FlattenExtractor(
    (flatten): Flatten(start_dim=1, end_dim=-1)
  )
  (pi_features_extractor): FlattenExtractor(
    (flatten): Flatten(start_dim=1, end_dim=-1)
  )
  (vf_features_extractor): FlattenExtractor(
    (flatten): Flatten(start_dim=1, end_dim=-1)
  )
  (mlp_extractor): MlpExtractor(
    (policy_net): Sequential(
      (0): Linear(in_features=4, out_features=64, bias=True)
      (1): Tanh()
      (2): Linear(in_features=64, out_features=64, bias=True)
      (3): Tanh()
    )
    (value_net): Sequential(
      (0): Linear(in_features=4, out_features=64, bias=True)
      (1): Tanh()
      (2): Linear(in_features=64, out_features=64, bias=True)
      (3): Tanh()
    )
  )
  (action_net): Linear(in_features=64, out_features=2, bias=True)
  (value_net): Linear(in_features=64, out_features=1, bias=True)
)","<class 'stable_baselines3.common.policies.ActorCriticPolicy'>","{}","","","","","<stable_baselines3.common.buffers.RolloutBuffer object at 0x7345b5636d10>","<class 'stable_baselines3.common.buffers.RolloutBuffer'>","{}","-1","None","1767873592911845400","","None","","","logs/","PPO","64","","0.99","","0.0003","","2048","1","","100000","","","False","","1","0.5","online","NSMDMPI_EXP","[""cartpole"",""nsmdmpi"",""sine"",""gravity""]","100352","0","0","1","50","1","25","0.35","0","2.4069235","0","0.034069236","0.35","5","0.00006","0","497.51","84","","0.008649467","0.02578125","0.35","","","","-0.3640909","-1.9399371","0.0003","0.013280413","-0.0021122638","0.000013263965"
"CartPole_NSMDMPI_gravity_jump_Seed0_20260108_185943","500","finished","-","","cartpole, gravity, jump, nsmdmpi","2026-01-08T11:59:49.000Z","1195","","1","False","0","[ True]","[[ 0.04326048 -0.04954687 -0.04076003 -0.01387031]]","None","<stable_baselines3.common.logger.Logger object at 0x73626a107550>","0","0","100","100000","None","None","Discrete(2)","","false","PPO","","","64","","FloatSchedule(ConstantSchedule(val=0.2))","None","","","cuda","0","","jump","8","gravity","500","CartPole-v1","","","deque([], maxlen=100)","deque([], maxlen=100)","0.95","0.99","","0.0003","","","FloatSchedule(ConstantSchedule(val=0.0003))","0.5","","","","1","10","2048","True","1","80","80","40","true","false","0.01","budgets/","2","200","0.5","1","1","2000","0.05","true","0.99","true","0.2","0.35","0.05","true","1","5","0.2","100","0.1","0","0.7","true","0.3","1","0","Box([-4.8               -inf -0.41887903        -inf], [4.8               inf 0.41887903        inf], (4,), float32)","","","","","","","","","","","","","","","","","","","","","","","","","","","","","","","","","","","","","","","","","","","","","","","","","","","","","","","","","","","","","","","","","","","","","","","","","","","","","","","","","","","","","","","","","","","","","","","","","","","","","","","","","","","","","","","","","","","","","","","","","","","","","","","","","","","","","","","","","","","","","","","","","","","","","","","","","","","","","","","","","","","","","","","","","","","","","","","","","","","","","","","","","","","","","","","","","","","","","","","","","","","","","","","","","","","","","","","","","","","","","","","","","","","","","","","logs/","models/","videos/","ActorCriticPolicy(
  (features_extractor): FlattenExtractor(
    (flatten): Flatten(start_dim=1, end_dim=-1)
  )
  (pi_features_extractor): FlattenExtractor(
    (flatten): Flatten(start_dim=1, end_dim=-1)
  )
  (vf_features_extractor): FlattenExtractor(
    (flatten): Flatten(start_dim=1, end_dim=-1)
  )
  (mlp_extractor): MlpExtractor(
    (policy_net): Sequential(
      (0): Linear(in_features=4, out_features=64, bias=True)
      (1): Tanh()
      (2): Linear(in_features=64, out_features=64, bias=True)
      (3): Tanh()
    )
    (value_net): Sequential(
      (0): Linear(in_features=4, out_features=64, bias=True)
      (1): Tanh()
      (2): Linear(in_features=64, out_features=64, bias=True)
      (3): Tanh()
    )
  )
  (action_net): Linear(in_features=64, out_features=2, bias=True)
  (value_net): Linear(in_features=64, out_features=1, bias=True)
)","<class 'stable_baselines3.common.policies.ActorCriticPolicy'>","{}","","","","","<stable_baselines3.common.buffers.RolloutBuffer object at 0x7362a549d7b0>","<class 'stable_baselines3.common.buffers.RolloutBuffer'>","{}","-1","None","1767873592726418400","","None","","","logs/","PPO","64","","0.99","","0.0003","","2048","0","","100000","","","False","","1","0.5","online","NSMDMPI_EXP","[""cartpole"",""nsmdmpi"",""jump"",""gravity""]","100352","0","0","1","80","1","40","0.35","0","0.37440786","0","0.013744079","0.35","5","0.00006","0","500","84","","0.008151668","0.016113281","0.35","","","","-0.32720336","0.8769498","0.0003","0.00085787923","-0.0011447555","0.000005985636"
"CartPole_Baseline_gravity_sine_Seed2_20260108_185943","500","finished","-","","baseline, cartpole, gravity, sine","2026-01-08T11:59:49.000Z","1192","","1","False","0","[ True]","[[-0.00486672  0.04811158  0.01297262  0.00844736]]","None","<stable_baselines3.common.logger.Logger object at 0x7ed595d0b310>","0","0","100","100000","None","None","Discrete(2)","","false","PPO","","","64","","FloatSchedule(ConstantSchedule(val=0.2))","None","","","cuda","0","","sine","5","gravity","500","CartPole-v1","","","deque([], maxlen=100)","deque([], maxlen=100)","0.95","0.99","","0.0003","","","FloatSchedule(ConstantSchedule(val=0.0003))","0.5","","","","1","10","2048","True","","","","","","","","","","","","","","","","false","","","","","","","","","","","","","","","","","0","Box([-4.8               -inf -0.41887903        -inf], [4.8               inf 0.41887903        inf], (4,), float32)","","","","","","","","","","","","","","","","","","","","","","","","","","","","","","","","","","","","","","","","","","","","","","","","","","","","","","","","","","","","","","","","","","","","","","","","","","","","","","","","","","","","","","","","","","","","","","","","","","","","","","","","","","","","","","","","","","","","","","","","","","","","","","","","","","","","","","","","","","","","","","","","","","","","","","","","","","","","","","","","","","","","","","","","","","","","","","","","","","","","","","","","","","","","","","","","","","","","","","","","","","","","","","","","","","","","","","","","","","","","","","","","","","","","","","","logs/","models/","videos/","ActorCriticPolicy(
  (features_extractor): FlattenExtractor(
    (flatten): Flatten(start_dim=1, end_dim=-1)
  )
  (pi_features_extractor): FlattenExtractor(
    (flatten): Flatten(start_dim=1, end_dim=-1)
  )
  (vf_features_extractor): FlattenExtractor(
    (flatten): Flatten(start_dim=1, end_dim=-1)
  )
  (mlp_extractor): MlpExtractor(
    (policy_net): Sequential(
      (0): Linear(in_features=4, out_features=64, bias=True)
      (1): Tanh()
      (2): Linear(in_features=64, out_features=64, bias=True)
      (3): Tanh()
    )
    (value_net): Sequential(
      (0): Linear(in_features=4, out_features=64, bias=True)
      (1): Tanh()
      (2): Linear(in_features=64, out_features=64, bias=True)
      (3): Tanh()
    )
  )
  (action_net): Linear(in_features=64, out_features=2, bias=True)
  (value_net): Linear(in_features=64, out_features=1, bias=True)
)","<class 'stable_baselines3.common.policies.ActorCriticPolicy'>","{}","","","","","<stable_baselines3.common.buffers.RolloutBuffer object at 0x7ed5b90998d0>","<class 'stable_baselines3.common.buffers.RolloutBuffer'>","{}","-1","None","1767873592700841500","","None","","","logs/","PPO","64","","0.99","","0.0003","","2048","2","","100000","","","False","","1","0.5","online","NSMDMPI_EXP","[""cartpole"",""baseline"",""sine"",""gravity""]","100352","","","","","","","","","","","","","","","","500","85","","0.0022320694","0.022802735","0.2","","","","-0.37383977","-0.5408348","0.0003","-0.005075993","-0.001556083","0.0000044048047"
"CartPole_Baseline_gravity_sine_Seed3_20260108_185943","500","finished","-","","baseline, cartpole, gravity, sine","2026-01-08T11:59:49.000Z","1194","","1","False","0","[ True]","[[-0.03827438 -0.03706826 -0.01777638  0.00019212]]","None","<stable_baselines3.common.logger.Logger object at 0x7edc1edfb100>","0","0","100","100000","None","None","Discrete(2)","","false","PPO","","","64","","FloatSchedule(ConstantSchedule(val=0.2))","None","","","cuda","0","","sine","5","gravity","500","CartPole-v1","","","deque([], maxlen=100)","deque([], maxlen=100)","0.95","0.99","","0.0003","","","FloatSchedule(ConstantSchedule(val=0.0003))","0.5","","","","1","10","2048","True","","","","","","","","","","","","","","","","false","","","","","","","","","","","","","","","","","0","Box([-4.8               -inf -0.41887903        -inf], [4.8               inf 0.41887903        inf], (4,), float32)","","","","","","","","","","","","","","","","","","","","","","","","","","","","","","","","","","","","","","","","","","","","","","","","","","","","","","","","","","","","","","","","","","","","","","","","","","","","","","","","","","","","","","","","","","","","","","","","","","","","","","","","","","","","","","","","","","","","","","","","","","","","","","","","","","","","","","","","","","","","","","","","","","","","","","","","","","","","","","","","","","","","","","","","","","","","","","","","","","","","","","","","","","","","","","","","","","","","","","","","","","","","","","","","","","","","","","","","","","","","","","","","","","","","","","","logs/","models/","videos/","ActorCriticPolicy(
  (features_extractor): FlattenExtractor(
    (flatten): Flatten(start_dim=1, end_dim=-1)
  )
  (pi_features_extractor): FlattenExtractor(
    (flatten): Flatten(start_dim=1, end_dim=-1)
  )
  (vf_features_extractor): FlattenExtractor(
    (flatten): Flatten(start_dim=1, end_dim=-1)
  )
  (mlp_extractor): MlpExtractor(
    (policy_net): Sequential(
      (0): Linear(in_features=4, out_features=64, bias=True)
      (1): Tanh()
      (2): Linear(in_features=64, out_features=64, bias=True)
      (3): Tanh()
    )
    (value_net): Sequential(
      (0): Linear(in_features=4, out_features=64, bias=True)
      (1): Tanh()
      (2): Linear(in_features=64, out_features=64, bias=True)
      (3): Tanh()
    )
  )
  (action_net): Linear(in_features=64, out_features=2, bias=True)
  (value_net): Linear(in_features=64, out_features=1, bias=True)
)","<class 'stable_baselines3.common.policies.ActorCriticPolicy'>","{}","","","","","<stable_baselines3.common.buffers.RolloutBuffer object at 0x7edc4de23820>","<class 'stable_baselines3.common.buffers.RolloutBuffer'>","{}","-1","None","1767873592910414300","","None","","","logs/","PPO","64","","0.99","","0.0003","","2048","3","","100000","","","False","","1","0.5","online","NSMDMPI_EXP","[""cartpole"",""baseline"",""sine"",""gravity""]","100352","","","","","","","","","","","","","","","","500","84","","0.004148007","0.054882813","0.2","","","","-0.30714157","-0.55912614","0.0003","-0.006615939","-0.0037043383","0.0000095155965"
"CartPole_NSMDMPI_gravity_jump_Seed1_20260108_185943","500","finished","-","","cartpole, gravity, jump, nsmdmpi","2026-01-08T11:59:49.000Z","1193","","1","False","0","[ True]","[[ 0.02739062 -0.00310081  0.00250022  0.0461742 ]]","None","<stable_baselines3.common.logger.Logger object at 0x7e109d9fb5e0>","0","0","100","100000","None","None","Discrete(2)","","false","PPO","","","64","","FloatSchedule(ConstantSchedule(val=0.2))","None","","","cuda","0","","jump","8","gravity","500","CartPole-v1","","","deque([], maxlen=100)","deque([], maxlen=100)","0.95","0.99","","0.0003","","","FloatSchedule(ConstantSchedule(val=0.0003))","0.5","","","","1","10","2048","True","1","80","80","40","true","false","0.01","budgets/","2","200","0.5","1","1","2000","0.05","true","0.99","true","0.2","0.35","0.05","true","1","5","0.2","100","0.1","0","0.7","true","0.3","1","0","Box([-4.8               -inf -0.41887903        -inf], [4.8               inf 0.41887903        inf], (4,), float32)","","","","","","","","","","","","","","","","","","","","","","","","","","","","","","","","","","","","","","","","","","","","","","","","","","","","","","","","","","","","","","","","","","","","","","","","","","","","","","","","","","","","","","","","","","","","","","","","","","","","","","","","","","","","","","","","","","","","","","","","","","","","","","","","","","","","","","","","","","","","","","","","","","","","","","","","","","","","","","","","","","","","","","","","","","","","","","","","","","","","","","","","","","","","","","","","","","","","","","","","","","","","","","","","","","","","","","","","","","","","","","","","","","","","","","","logs/","models/","videos/","ActorCriticPolicy(
  (features_extractor): FlattenExtractor(
    (flatten): Flatten(start_dim=1, end_dim=-1)
  )
  (pi_features_extractor): FlattenExtractor(
    (flatten): Flatten(start_dim=1, end_dim=-1)
  )
  (vf_features_extractor): FlattenExtractor(
    (flatten): Flatten(start_dim=1, end_dim=-1)
  )
  (mlp_extractor): MlpExtractor(
    (policy_net): Sequential(
      (0): Linear(in_features=4, out_features=64, bias=True)
      (1): Tanh()
      (2): Linear(in_features=64, out_features=64, bias=True)
      (3): Tanh()
    )
    (value_net): Sequential(
      (0): Linear(in_features=4, out_features=64, bias=True)
      (1): Tanh()
      (2): Linear(in_features=64, out_features=64, bias=True)
      (3): Tanh()
    )
  )
  (action_net): Linear(in_features=64, out_features=2, bias=True)
  (value_net): Linear(in_features=64, out_features=1, bias=True)
)","<class 'stable_baselines3.common.policies.ActorCriticPolicy'>","{}","","","","","<stable_baselines3.common.buffers.RolloutBuffer object at 0x7e10c0bdd630>","<class 'stable_baselines3.common.buffers.RolloutBuffer'>","{}","-1","None","1767873592602170600","","None","","","logs/","PPO","64","","0.99","","0.0003","","2048","1","","100000","","","False","","1","0.5","online","NSMDMPI_EXP","[""cartpole"",""nsmdmpi"",""jump"",""gravity""]","100352","0","0","1","80","1","40","0.35","0","0.37440786","0","0.013744079","0.35","5","0.00006","0","500","84","","0.009354381","0.02236328","0.35","","","","-0.36435476","-1.0712528","0.0003","-0.002879331","-0.0029438967","0.0000068887553"
"CartPole_NSMDMPI_gravity_jump_Seed2_20260108_185943","500","finished","-","","cartpole, gravity, jump, nsmdmpi","2026-01-08T11:59:49.000Z","1216","","1","False","0","[ True]","[[-0.01810201 -0.01879416  0.01232015 -0.03885478]]","None","<stable_baselines3.common.logger.Logger object at 0x7865e3b6b5b0>","0","0","100","100000","None","None","Discrete(2)","","false","PPO","","","64","","FloatSchedule(ConstantSchedule(val=0.2))","None","","","cuda","0","","jump","8","gravity","500","CartPole-v1","","","deque([], maxlen=100)","deque([], maxlen=100)","0.95","0.99","","0.0003","","","FloatSchedule(ConstantSchedule(val=0.0003))","0.5","","","","1","10","2048","True","1","80","80","40","true","false","0.01","budgets/","2","200","0.5","1","1","2000","0.05","true","0.99","true","0.2","0.35","0.05","true","1","5","0.2","100","0.1","0","0.7","true","0.3","1","0","Box([-4.8               -inf -0.41887903        -inf], [4.8               inf 0.41887903        inf], (4,), float32)","","","","","","","","","","","","","","","","","","","","","","","","","","","","","","","","","","","","","","","","","","","","","","","","","","","","","","","","","","","","","","","","","","","","","","","","","","","","","","","","","","","","","","","","","","","","","","","","","","","","","","","","","","","","","","","","","","","","","","","","","","","","","","","","","","","","","","","","","","","","","","","","","","","","","","","","","","","","","","","","","","","","","","","","","","","","","","","","","","","","","","","","","","","","","","","","","","","","","","","","","","","","","","","","","","","","","","","","","","","","","","","","","","","","","","","logs/","models/","videos/","ActorCriticPolicy(
  (features_extractor): FlattenExtractor(
    (flatten): Flatten(start_dim=1, end_dim=-1)
  )
  (pi_features_extractor): FlattenExtractor(
    (flatten): Flatten(start_dim=1, end_dim=-1)
  )
  (vf_features_extractor): FlattenExtractor(
    (flatten): Flatten(start_dim=1, end_dim=-1)
  )
  (mlp_extractor): MlpExtractor(
    (policy_net): Sequential(
      (0): Linear(in_features=4, out_features=64, bias=True)
      (1): Tanh()
      (2): Linear(in_features=64, out_features=64, bias=True)
      (3): Tanh()
    )
    (value_net): Sequential(
      (0): Linear(in_features=4, out_features=64, bias=True)
      (1): Tanh()
      (2): Linear(in_features=64, out_features=64, bias=True)
      (3): Tanh()
    )
  )
  (action_net): Linear(in_features=64, out_features=2, bias=True)
  (value_net): Linear(in_features=64, out_features=1, bias=True)
)","<class 'stable_baselines3.common.policies.ActorCriticPolicy'>","{}","","","","","<stable_baselines3.common.buffers.RolloutBuffer object at 0x78662ac276a0>","<class 'stable_baselines3.common.buffers.RolloutBuffer'>","{}","-1","None","1767873592948021000","","None","","","logs/","PPO","64","","0.99","","0.0003","","2048","2","","100000","","","False","","1","0.5","online","NSMDMPI_EXP","[""cartpole"",""nsmdmpi"",""jump"",""gravity""]","100352","0","0","1","80","1","40","0.35","0","0.37440786","0","0.013744079","0.35","5","0.00006","0","500","84","","0.008590558","0.01586914","0.35","","","","-0.34725142","-1.1079128","0.0003","-0.01635549","-0.004430186","0.000011094679"
"CartPole_Baseline_gravity_jump_Seed1_20260108_185943","500","finished","-","","baseline, cartpole, gravity, jump","2026-01-08T11:59:49.000Z","1193","","1","False","0","[ True]","[[-0.00466037  0.00777752 -0.02290143 -0.01910173]]","None","<stable_baselines3.common.logger.Logger object at 0x71ff4c613160>","0","0","100","100000","None","None","Discrete(2)","","false","PPO","","","64","","FloatSchedule(ConstantSchedule(val=0.2))","None","","","cuda","0","","jump","8","gravity","500","CartPole-v1","","","deque([], maxlen=100)","deque([], maxlen=100)","0.95","0.99","","0.0003","","","FloatSchedule(ConstantSchedule(val=0.0003))","0.5","","","","1","10","2048","True","","","","","","","","","","","","","","","","false","","","","","","","","","","","","","","","","","0","Box([-4.8               -inf -0.41887903        -inf], [4.8               inf 0.41887903        inf], (4,), float32)","","","","","","","","","","","","","","","","","","","","","","","","","","","","","","","","","","","","","","","","","","","","","","","","","","","","","","","","","","","","","","","","","","","","","","","","","","","","","","","","","","","","","","","","","","","","","","","","","","","","","","","","","","","","","","","","","","","","","","","","","","","","","","","","","","","","","","","","","","","","","","","","","","","","","","","","","","","","","","","","","","","","","","","","","","","","","","","","","","","","","","","","","","","","","","","","","","","","","","","","","","","","","","","","","","","","","","","","","","","","","","","","","","","","","","","logs/","models/","videos/","ActorCriticPolicy(
  (features_extractor): FlattenExtractor(
    (flatten): Flatten(start_dim=1, end_dim=-1)
  )
  (pi_features_extractor): FlattenExtractor(
    (flatten): Flatten(start_dim=1, end_dim=-1)
  )
  (vf_features_extractor): FlattenExtractor(
    (flatten): Flatten(start_dim=1, end_dim=-1)
  )
  (mlp_extractor): MlpExtractor(
    (policy_net): Sequential(
      (0): Linear(in_features=4, out_features=64, bias=True)
      (1): Tanh()
      (2): Linear(in_features=64, out_features=64, bias=True)
      (3): Tanh()
    )
    (value_net): Sequential(
      (0): Linear(in_features=4, out_features=64, bias=True)
      (1): Tanh()
      (2): Linear(in_features=64, out_features=64, bias=True)
      (3): Tanh()
    )
  )
  (action_net): Linear(in_features=64, out_features=2, bias=True)
  (value_net): Linear(in_features=64, out_features=1, bias=True)
)","<class 'stable_baselines3.common.policies.ActorCriticPolicy'>","{}","","","","","<stable_baselines3.common.buffers.RolloutBuffer object at 0x71ff701d5f00>","<class 'stable_baselines3.common.buffers.RolloutBuffer'>","{}","-1","None","1767873593106697200","","None","","","logs/","PPO","64","","0.99","","0.0003","","2048","1","","100000","","","False","","1","0.5","online","NSMDMPI_EXP","[""cartpole"",""baseline"",""jump"",""gravity""]","100352","","","","","","","","","","","","","","","","500","84","","0.0037817343","0.030712891","0.2","","","","-0.32193354","-1.0461121","0.0003","-0.008570945","-0.0022014508","0.0000049381247"
"CartPole_Baseline_gravity_jump_Seed0_20260108_185943","500","finished","-","","baseline, cartpole, gravity, jump","2026-01-08T11:59:49.000Z","1195","","1","False","0","[ True]","[[-0.00426011  0.01999992  0.00829619 -0.01715405]]","None","<stable_baselines3.common.logger.Logger object at 0x7b0d84c5f1c0>","0","0","100","100000","None","None","Discrete(2)","","false","PPO","","","64","","FloatSchedule(ConstantSchedule(val=0.2))","None","","","cuda","0","","jump","8","gravity","500","CartPole-v1","","","deque([], maxlen=100)","deque([], maxlen=100)","0.95","0.99","","0.0003","","","FloatSchedule(ConstantSchedule(val=0.0003))","0.5","","","","1","10","2048","True","","","","","","","","","","","","","","","","false","","","","","","","","","","","","","","","","","0","Box([-4.8               -inf -0.41887903        -inf], [4.8               inf 0.41887903        inf], (4,), float32)","","","","","","","","","","","","","","","","","","","","","","","","","","","","","","","","","","","","","","","","","","","","","","","","","","","","","","","","","","","","","","","","","","","","","","","","","","","","","","","","","","","","","","","","","","","","","","","","","","","","","","","","","","","","","","","","","","","","","","","","","","","","","","","","","","","","","","","","","","","","","","","","","","","","","","","","","","","","","","","","","","","","","","","","","","","","","","","","","","","","","","","","","","","","","","","","","","","","","","","","","","","","","","","","","","","","","","","","","","","","","","","","","","","","","","","logs/","models/","videos/","ActorCriticPolicy(
  (features_extractor): FlattenExtractor(
    (flatten): Flatten(start_dim=1, end_dim=-1)
  )
  (pi_features_extractor): FlattenExtractor(
    (flatten): Flatten(start_dim=1, end_dim=-1)
  )
  (vf_features_extractor): FlattenExtractor(
    (flatten): Flatten(start_dim=1, end_dim=-1)
  )
  (mlp_extractor): MlpExtractor(
    (policy_net): Sequential(
      (0): Linear(in_features=4, out_features=64, bias=True)
      (1): Tanh()
      (2): Linear(in_features=64, out_features=64, bias=True)
      (3): Tanh()
    )
    (value_net): Sequential(
      (0): Linear(in_features=4, out_features=64, bias=True)
      (1): Tanh()
      (2): Linear(in_features=64, out_features=64, bias=True)
      (3): Tanh()
    )
  )
  (action_net): Linear(in_features=64, out_features=2, bias=True)
  (value_net): Linear(in_features=64, out_features=1, bias=True)
)","<class 'stable_baselines3.common.policies.ActorCriticPolicy'>","{}","","","","","<stable_baselines3.common.buffers.RolloutBuffer object at 0x7b0da3dd9660>","<class 'stable_baselines3.common.buffers.RolloutBuffer'>","{}","-1","None","1767873592736974600","","None","","","logs/","PPO","64","","0.99","","0.0003","","2048","0","","100000","","","False","","1","0.5","online","NSMDMPI_EXP","[""cartpole"",""baseline"",""jump"",""gravity""]","100352","","","","","","","","","","","","","","","","500","84","","0.0049998416","0.08505859","0.2","","","","-0.37390634","-0.2973621","0.0003","-0.019939737","-0.002765453","0.0000044579842"
"CartPole_NSMDMPI_gravity_sine_Seed2_20260108_185943","498.31","finished","-","","cartpole, gravity, nsmdmpi, sine","2026-01-08T11:59:49.000Z","1195","","1","False","0","[ True]","[[-0.00630747  0.01836343  0.02095756 -0.00372705]]","None","<stable_baselines3.common.logger.Logger object at 0x76fe29b5b700>","0","0","100","100000","None","None","Discrete(2)","","false","PPO","","","64","","FloatSchedule(ConstantSchedule(val=0.2))","None","","","cuda","0","","sine","5","gravity","500","CartPole-v1","","","deque([], maxlen=100)","deque([], maxlen=100)","0.95","0.99","","0.0003","","","FloatSchedule(ConstantSchedule(val=0.0003))","0.5","","","","1","10","2048","True","1","50","50","25","true","false","0.01","budgets/","2","200","0.5","1","1","2000","0.05","true","0.99","true","0.2","0.35","0.05","true","1","5","0.2","100","0.1","0","0.7","true","0.3","1","0","Box([-4.8               -inf -0.41887903        -inf], [4.8               inf 0.41887903        inf], (4,), float32)","","","","","","","","","","","","","","","","","","","","","","","","","","","","","","","","","","","","","","","","","","","","","","","","","","","","","","","","","","","","","","","","","","","","","","","","","","","","","","","","","","","","","","","","","","","","","","","","","","","","","","","","","","","","","","","","","","","","","","","","","","","","","","","","","","","","","","","","","","","","","","","","","","","","","","","","","","","","","","","","","","","","","","","","","","","","","","","","","","","","","","","","","","","","","","","","","","","","","","","","","","","","","","","","","","","","","","","","","","","","","","","","","","","","","","","logs/","models/","videos/","ActorCriticPolicy(
  (features_extractor): FlattenExtractor(
    (flatten): Flatten(start_dim=1, end_dim=-1)
  )
  (pi_features_extractor): FlattenExtractor(
    (flatten): Flatten(start_dim=1, end_dim=-1)
  )
  (vf_features_extractor): FlattenExtractor(
    (flatten): Flatten(start_dim=1, end_dim=-1)
  )
  (mlp_extractor): MlpExtractor(
    (policy_net): Sequential(
      (0): Linear(in_features=4, out_features=64, bias=True)
      (1): Tanh()
      (2): Linear(in_features=64, out_features=64, bias=True)
      (3): Tanh()
    )
    (value_net): Sequential(
      (0): Linear(in_features=4, out_features=64, bias=True)
      (1): Tanh()
      (2): Linear(in_features=64, out_features=64, bias=True)
      (3): Tanh()
    )
  )
  (action_net): Linear(in_features=64, out_features=2, bias=True)
  (value_net): Linear(in_features=64, out_features=1, bias=True)
)","<class 'stable_baselines3.common.policies.ActorCriticPolicy'>","{}","","","","","<stable_baselines3.common.buffers.RolloutBuffer object at 0x76fe4dafe3e0>","<class 'stable_baselines3.common.buffers.RolloutBuffer'>","{}","-1","None","1767873592843936500","","None","","","logs/","PPO","64","","0.99","","0.0003","","2048","2","","100000","","","False","","1","0.5","online","NSMDMPI_EXP","[""cartpole"",""nsmdmpi"",""sine"",""gravity""]","100352","0","0","1","50","1","25","0.35","0","2.4069235","0","0.034069236","0.35","5","0.00006","0","498.31","84","","0.006566114","0.025488282","0.35","","","","-0.35021257","0.8425971","0.0003","-0.014773302","-0.0008361","0.000011356113"
"CartPole_NSMDMPI_gravity_sine_Seed0_20260108_185943","497.84","finished","-","","cartpole, gravity, nsmdmpi, sine","2026-01-08T11:59:49.000Z","1194","","1","False","0","[ True]","[[-0.01278813  0.01944012  0.04981905 -0.0283078 ]]","None","<stable_baselines3.common.logger.Logger object at 0x7134887334f0>","0","0","100","100000","None","None","Discrete(2)","","false","PPO","","","64","","FloatSchedule(ConstantSchedule(val=0.2))","None","","","cuda","0","","sine","5","gravity","500","CartPole-v1","","","deque([], maxlen=100)","deque([], maxlen=100)","0.95","0.99","","0.0003","","","FloatSchedule(ConstantSchedule(val=0.0003))","0.5","","","","1","10","2048","True","1","50","50","25","true","false","0.01","budgets/","2","200","0.5","1","1","2000","0.05","true","0.99","true","0.2","0.35","0.05","true","1","5","0.2","100","0.1","0","0.7","true","0.3","1","0","Box([-4.8               -inf -0.41887903        -inf], [4.8               inf 0.41887903        inf], (4,), float32)","","","","","","","","","","","","","","","","","","","","","","","","","","","","","","","","","","","","","","","","","","","","","","","","","","","","","","","","","","","","","","","","","","","","","","","","","","","","","","","","","","","","","","","","","","","","","","","","","","","","","","","","","","","","","","","","","","","","","","","","","","","","","","","","","","","","","","","","","","","","","","","","","","","","","","","","","","","","","","","","","","","","","","","","","","","","","","","","","","","","","","","","","","","","","","","","","","","","","","","","","","","","","","","","","","","","","","","","","","","","","","","","","","","","","","","logs/","models/","videos/","ActorCriticPolicy(
  (features_extractor): FlattenExtractor(
    (flatten): Flatten(start_dim=1, end_dim=-1)
  )
  (pi_features_extractor): FlattenExtractor(
    (flatten): Flatten(start_dim=1, end_dim=-1)
  )
  (vf_features_extractor): FlattenExtractor(
    (flatten): Flatten(start_dim=1, end_dim=-1)
  )
  (mlp_extractor): MlpExtractor(
    (policy_net): Sequential(
      (0): Linear(in_features=4, out_features=64, bias=True)
      (1): Tanh()
      (2): Linear(in_features=64, out_features=64, bias=True)
      (3): Tanh()
    )
    (value_net): Sequential(
      (0): Linear(in_features=4, out_features=64, bias=True)
      (1): Tanh()
      (2): Linear(in_features=64, out_features=64, bias=True)
      (3): Tanh()
    )
  )
  (action_net): Linear(in_features=64, out_features=2, bias=True)
  (value_net): Linear(in_features=64, out_features=1, bias=True)
)","<class 'stable_baselines3.common.policies.ActorCriticPolicy'>","{}","","","","","<stable_baselines3.common.buffers.RolloutBuffer object at 0x7134ac0bd780>","<class 'stable_baselines3.common.buffers.RolloutBuffer'>","{}","-1","None","1767873592851575600","","None","","","logs/","PPO","64","","0.99","","0.0003","","2048","0","","100000","","","False","","1","0.5","online","NSMDMPI_EXP","[""cartpole"",""nsmdmpi"",""sine"",""gravity""]","100352","0","0","1","50","1","25","0.35","0","2.4069235","0","0.034069236","0.35","5","0.00006","0","497.84","84","","0.0075297244","0.012353515","0.35","","","","-0.40830943","-0.5228394","0.0003","-0.011252468","-0.0028874455","0.000031244166"